filename, Unlabeled, football-shot, game, goal, lower, top
frame_105_segment_-21-21-1-0-24-11-2023-mp4_15_30-mp4_jpg.rf.bf56ad0a2f1f893a4c34e4e2ba719e85.jpg, 1, 0, 0, 0, 0, 0
frame_270_segment_-2-1-22-07-2023-mp4_60_75-mp4_jpg.rf.c04aee22ad654dd9125cf549bb9e719d.jpg, 1, 0, 0, 0, 0, 0
frame_330_segment_-21-21-0-3-29-09-2023-mp4_0_15-mp4_jpg.rf.c13e7622029f411338bf4f6e85f9b8e7.jpg, 1, 0, 0, 0, 0, 0
frame_300_segment_-21-21-0-2-01-12-2023-mp4_45_60-mp4_jpg.rf.bf51f96ba63ada284a4497496060d536.jpg, 1, 0, 0, 0, 0, 0
frame_240_segment_-0-1-19-08-2023-mp4_45_60-mp4_jpg.rf.c120067b66c2f148373ccb7268435e16.jpg, 1, 0, 0, 0, 0, 0
frame_120_segment_-0-1-02-09-2023-mp4_0_15-mp4_jpg.rf.c0b831d4a9f4e6ae4128632049016ec5.jpg, 1, 0, 0, 0, 0, 0
frame_300_segment_LEON-4-2-2-1-1-23-10-2023-mp4_15_30-mp4_jpg.rf.c0e71dfe81794f7dc18681625ba8c666.jpg, 1, 0, 0, 0, 0, 0
frame_255_segment_-21-21-2-0-15-09-2023-mp4_15_30-mp4_jpg.rf.bff1086dee6a12fca00468a2f64ad5bf.jpg, 1, 0, 0, 0, 0, 0
frame_210_segment_FONBET-1-0-08-08-2023-mp4_45_60-mp4_jpg.rf.c085b8847fd57ed0e3405a68a5cf2c8b.jpg, 1, 0, 0, 0, 0, 0
frame_60_segment_-21-21-1-3-10-11-2023-mp4_30_45-mp4_jpg.rf.c1032822e4411e7d20367e877ed0d5fb.jpg, 1, 0, 0, 0, 0, 0
frame_60_segment_-0-1-02-09-2023-mp4_45_60-mp4_jpg.rf.bfe90f7e0e6487cbece7d37546ab6141.jpg, 1, 0, 0, 0, 0, 0
frame_330_segment_LEON-4-2-3-1-17-09-2023-mp4_15_30-mp4_jpg.rf.bf3857526356bcdc53870eda2724b866.jpg, 1, 0, 0, 0, 0, 0
frame_30_segment_-21-21-0-6-20-10-2023-mp4_45_60-mp4_jpg.rf.bfef038c33a63bcdb5d425a9650e1197.jpg, 1, 0, 0, 0, 0, 0
frame_165_segment_-0-1-06-11-2023-mp4_90_105-mp4_jpg.rf.c158e435e801c13b81359a0b123b30a7.jpg, 1, 0, 0, 0, 0, 0
frame_300_segment_-3-1-11-11-2023-mp4_45_60-mp4_jpg.rf.c080f36e5b45c0a2982e911ef79659df.jpg, 0, 0, 0, 0, 1, 0
frame_330_segment_LEON-4-2-2-1-1-16-07-2023-mp4_15_30-mp4_jpg.rf.bf32b90c5c840f21ca7dc8681bc942d4.jpg, 0, 0, 0, 0, 1, 0
frame_255_segment_-2-0-24-09-2023-mp4_45_60-mp4_jpg.rf.c144d3c01c4805870ac876719a6da88c.jpg, 1, 0, 0, 0, 0, 0
frame_60_segment_LEON-4-2-0-0-23-07-2023-mp4_90_105-mp4_jpg.rf.bfb81821ce46c88104f90d4d40f107e0.jpg, 1, 0, 0, 0, 0, 0
frame_45_segment_-0-1-19-08-2023-mp4_60_75-mp4_jpg.rf.bff107e6b20ac6b50dc69fd4400a1515.jpg, 1, 0, 0, 0, 0, 0
frame_300_segment_-2-0-08-12-2023-mp4_0_15-mp4_jpg.rf.c0982c263a181229d49d79354fb4e779.jpg, 1, 0, 0, 0, 0, 0
frame_240_segment_-2-1-22-07-2023-mp4_60_73-7-mp4_jpg.rf.bf5ccd04f466156349350b781a4b53ad.jpg, 0, 0, 0, 0, 1, 0
frame_420_segment_-0-0-17-09-2023-mp4_60_75-mp4_jpg.rf.c00d1b303018488cb2e91d07b2bb4aa1.jpg, 1, 0, 0, 0, 0, 0
frame_150_segment_FONBET-2-1-25-07-2023-mp4_45_60-mp4_jpg.rf.c1657bf476fa74db677f093533ee4973.jpg, 1, 0, 0, 0, 0, 0
frame_240_segment_-2-1-22-07-2023-mp4_30_45-mp4_jpg.rf.c16bdcf3c0f5ee3229f44c7baa249c27.jpg, 1, 0, 0, 0, 0, 0
frame_210_segment_-0-0-17-09-2023-mp4_105_120-mp4_jpg.rf.c16fcf891140a70a05be272b0c8e0a58.jpg, 1, 0, 0, 0, 0, 0
frame_435_segment_FONBET-0-0-20-09-2023-mp4_120_135-mp4_jpg.rf.c18f98753ffe9e70194e05fb49c853ec.jpg, 1, 0, 0, 0, 0, 0
frame_315_segment_FONBET-2-1-25-07-2023-mp4_45_60-mp4_jpg.rf.c1244014dcb81eebc3537d60fc40d62a.jpg, 0, 0, 0, 0, 0, 1
frame_330_segment_-2-1-29-10-2023-mp4_30_45-mp4_jpg.rf.c15120c8560c6cfaea8425ca5c694f0b.jpg, 1, 0, 0, 0, 0, 0
frame_15_segment_LEON-4-2-2-1-1-12-11-2023-mp4_0_15-mp4_jpg.rf.c18966d6ea5d3f374d222e0253e3a4c8.jpg, 1, 0, 0, 0, 0, 0
frame_360_segment_-2-2-29-09-2023-mp4_150_165-mp4_jpg.rf.c1beeb09af49ea53cc6398cf33f1d201.jpg, 1, 0, 0, 0, 0, 0
frame_225_segment_-0-2-05-08-2023-mp4_30_45-mp4_jpg.rf.c1f84dca323f20f9b5b6d1fbd4fa3ba5.jpg, 1, 0, 0, 0, 0, 0
frame_270_segment_-2-0-24-09-2023-mp4_0_15-mp4_jpg.rf.c1a5d3f7567af3184c9c4ef6a9290f58.jpg, 1, 0, 0, 0, 0, 0
frame_425_segment_-3-2-11-08-2023-mp4_45_60-mp4_jpg.rf.c1b86e8b4c4b1535e74f199774b4f44c.jpg, 1, 0, 0, 0, 0, 0
frame_300_segment_FONBET-0-0-20-09-2023-mp4_120_135-mp4_jpg.rf.c2388c5021bb30b461018b4bff99fd12.jpg, 1, 0, 0, 0, 0, 0
frame_435_segment_-0-0-29-07-2023-mp4_150_165-mp4_jpg.rf.c233ddf79841a4fbd8edb844f7f6779e.jpg, 0, 0, 0, 0, 1, 0
frame_300_segment_-2-1-22-07-2023-mp4_30_45-mp4_jpg.rf.c26df7289e0345d389c4e42e4e8af6f3.jpg, 1, 0, 0, 0, 0, 0
frame_390_segment_-0-0-29-07-2023-mp4_30_45-mp4_jpg.rf.c28ff995ddc33c5e211d50762e9b628e.jpg, 1, 0, 0, 0, 0, 0
frame_405_segment_-0-1-02-09-2023-mp4_45_60-mp4_jpg.rf.c3156fe1ccdadcd20996295eeeeb210f.jpg, 1, 0, 0, 0, 0, 0
frame_150_segment_-2-2-29-09-2023-mp4_45_60-mp4_jpg.rf.c2b75c48d5e063584473f34dba616510.jpg, 1, 0, 0, 0, 0, 0
frame_255_segment_-0-0-17-09-2023-mp4_30_45-mp4_jpg.rf.c327ac92e81a9553d11a04f0b3817369.jpg, 1, 0, 0, 0, 0, 0
frame_390_segment_-2-1-22-07-2023-mp4_90_105-mp4_jpg.rf.c301cad5c59a49fae2e85bf2ee1610e6.jpg, 1, 0, 0, 0, 0, 0
frame_120_segment_-0-0-17-09-2023-mp4_30_45-mp4_jpg.rf.c2e8f1abf9ff37a8b1505a9cec1d4b29.jpg, 0, 0, 0, 0, 1, 0
frame_270_segment_-0-0-29-07-2023-mp4_135_150-mp4_jpg.rf.c361708c9432c188f8e15e3fe5065629.jpg, 1, 0, 0, 0, 0, 0
frame_360_segment_-21-21-2-3-25-08-2023-mp4_45_60-mp4_jpg.rf.c3705d8fd2b064eec51c86c827991f08.jpg, 1, 0, 0, 0, 0, 0
frame_420_segment_LEON-4-2-0-1-08-10-2023-mp4_15_30-mp4_jpg.rf.c39ec9267f7053b8d917f59525b210dc.jpg, 1, 0, 0, 0, 0, 0
frame_195_segment_-2-1-29-10-2023-mp4_15_30-mp4_jpg.rf.c3e21312ace988f65f406d7ee4c62adc.jpg, 1, 0, 0, 0, 0, 0
frame_330_segment_-21-21-0-6-20-10-2023-mp4_30_45-mp4_jpg.rf.c44654dd6ddd08bdcb0683326d6c8217.jpg, 0, 0, 0, 0, 1, 0
frame_300_segment_LEON-4-2-3-1-17-09-2023-mp4_105_120-mp4_jpg.rf.c43686e0441c43e5f6aed6107eccb6fc.jpg, 1, 0, 0, 0, 0, 0
frame_180_segment_-0-0-17-09-2023-mp4_165_180-mp4_jpg.rf.c45ab6415b4c5660c61f7b21a56a3160.jpg, 1, 0, 0, 0, 0, 0
frame_255_segment_-4-0-26-08-2023-mp4_60_75-mp4_jpg.rf.c46f537847e537636c7885213e235ab7.jpg, 1, 0, 0, 0, 0, 0
frame_345_segment_-2-1-29-10-2023-mp4_45_60-mp4_jpg.rf.c491377c00f90ce900cbdaf040285dc0.jpg, 1, 0, 0, 0, 0, 0
frame_345_segment_LEON-4-2-3-1-17-09-2023-mp4_0_15-mp4_jpg.rf.c47b6f4766035c997d6278ed7ff742df.jpg, 1, 0, 0, 0, 0, 0
frame_330_segment_-3-1-11-11-2023-mp4_15_30-mp4_jpg.rf.c49911b72512eb7328a7e5d03b9e18e8.jpg, 1, 0, 0, 0, 0, 0
frame_200_segment_-0-2-05-08-2023-mp4_15_30-mp4_jpg.rf.c4c59fd814162ff7180d13a403e41052.jpg, 1, 0, 0, 0, 0, 0
frame_390_segment_FONBET-0-0-20-09-2023-mp4_120_135-mp4_jpg.rf.c4cefad0a36d2b0e539657c33bc21316.jpg, 1, 0, 0, 0, 0, 0
frame_240_segment_-0-1-02-09-2023-mp4_150_165-mp4_jpg.rf.c4d4aae6c802f43addeebe427185c319.jpg, 1, 0, 0, 0, 0, 0
frame_75_segment_-21-21-0-6-20-10-2023-mp4_30_45-mp4_jpg.rf.c4e4de397f9ecfe68d276988134489dd.jpg, 1, 0, 0, 0, 0, 0
frame_270_segment_FONBET-2-0-03-10-2023-mp4_0_15-mp4_jpg.rf.c4f0fa2d7e4fb4546f44d702d4310969.jpg, 1, 0, 0, 0, 0, 0
frame_420_segment_LEON-4-2-2-1-1-16-07-2023-mp4_15_30-mp4_jpg.rf.c4f7c1ac489f7c4067c21a110826d6bf.jpg, 0, 0, 0, 0, 1, 0
frame_330_segment_-2-2-29-09-2023-mp4_90_105-mp4_jpg.rf.c5066557e31282256fb6f0426b3618b7.jpg, 0, 0, 0, 0, 1, 0
frame_195_segment_FONBET-0-0-20-09-2023-mp4_30_45-mp4_jpg.rf.c515c319ab5956d9dc38cfc81d989d57.jpg, 1, 0, 0, 0, 0, 0
frame_45_segment_FONBET-2-1-25-07-2023-mp4_90_105-mp4_jpg.rf.c538434b1550d622d0867e00a33c9cd7.jpg, 1, 0, 0, 0, 0, 0
frame_255_segment_LEON-4-2-0-0-15-10-2023-mp4_0_15-mp4_jpg.rf.c518e99823d638e6dcd8515f28a038e5.jpg, 0, 0, 0, 0, 1, 0
frame_135_segment_-21-21-3-1-03-11-2023-mp4_0_15-mp4_jpg.rf.c57f6a1401b999f9f350bb15ff4b01d9.jpg, 1, 0, 0, 0, 0, 0
frame_60_segment_-0-1-06-11-2023-mp4_90_105-mp4_jpg.rf.c56b0d33ccc05ef8d739be990ff5e4af.jpg, 1, 0, 0, 0, 0, 0
frame_75_segment_-0-2-05-08-2023-mp4_0_15-mp4_jpg.rf.c5a2ff59fe1edd3e741cb6875735ebc8.jpg, 1, 0, 0, 0, 0, 0
frame_330_segment_FONBET-2-0-03-10-2023-mp4_45_60-mp4_jpg.rf.c58d80f3249c77be4a7596c9f80f83fc.jpg, 1, 0, 0, 0, 0, 0
frame_195_segment_FONBET-0-0-20-09-2023-mp4_15_30-mp4_jpg.rf.c5aec0d5154c933281400cf89839e9b5.jpg, 0, 0, 0, 0, 0, 1
frame_150_segment_FONBET-2-0-03-10-2023-mp4_30_45-mp4_jpg.rf.c5c0cedb47017a76de6d1e6bd6f30205.jpg, 1, 0, 0, 0, 0, 0
frame_330_segment_-0-1-06-11-2023-mp4_60_75-mp4_jpg.rf.c59bc07ec2fffbb05e771dc052246dd4.jpg, 1, 0, 0, 0, 0, 0
frame_330_segment_-0-1-06-11-2023-mp4_75_90-mp4_jpg.rf.c5d4189a6b9884970aea70d7c968ebe8.jpg, 0, 0, 0, 0, 1, 0
frame_435_segment_-1-0-02-12-2023-mp4_15_30-mp4_jpg.rf.c5cd7552acfa7a6fcec4b10d5e7e7480.jpg, 1, 0, 0, 0, 0, 0
frame_165_segment_-2-1-22-07-2023-mp4_60_75-mp4_jpg.rf.c5d11f30f9087f13a2c9055e63ac78f0.jpg, 1, 0, 0, 0, 0, 0
frame_405_segment_LEON-4-2-2-1-1-16-07-2023-mp4_60_75-mp4_jpg.rf.c5d84c448b007b736b7c2144ff0b0197.jpg, 0, 0, 0, 0, 1, 0
frame_425_segment_-3-2-11-08-2023-mp4_75_90-mp4_jpg.rf.c6060cb4bd81a97b5f8902135787c829.jpg, 1, 0, 0, 0, 0, 0
frame_400_segment_-3-2-11-08-2023-mp4_45_60-mp4_jpg.rf.c5e09291386ef8d566fb5addce063e8d.jpg, 1, 0, 0, 0, 0, 0
frame_105_segment_-2-0-24-09-2023-mp4_45_60-mp4_jpg.rf.c62f94dd27cb16afdb069eb94d911605.jpg, 1, 0, 0, 0, 0, 0
frame_180_segment_-2-0-24-09-2023-mp4_15_30-mp4_jpg.rf.c6416e8847a65485dcce09a4abf747fd.jpg, 1, 0, 0, 0, 0, 0
frame_330_segment_-0-0-17-09-2023-mp4_60_75-mp4_jpg.rf.c63852a595374569a773933edcf2974b.jpg, 1, 0, 0, 0, 0, 0
frame_360_segment_-0-1-02-09-2023-mp4_45_60-mp4_jpg.rf.c64409d4ed23e71e1da4986d3fc5e7b3.jpg, 1, 0, 0, 0, 0, 0
frame_0_segment_LEON-4-2-2-1-29-07-2023-mp4_0_15-mp4_jpg.rf.c6630d6f9b0141291de1ab9dca24cdac.jpg, 1, 0, 0, 0, 0, 0
frame_300_segment_-0-1-06-11-2023-mp4_90_105-mp4_jpg.rf.c65328285bcd6658e88b70f51b299103.jpg, 1, 0, 0, 0, 0, 0
frame_420_segment_-2-0-24-09-2023-mp4_45_60-mp4_jpg.rf.c65a68393b7794c3df31c6f20dc03dd6.jpg, 1, 0, 0, 0, 0, 0
frame_25_segment_-0-2-05-08-2023-mp4_30_45-mp4_jpg.rf.c66aaeab3c9cc439e3047fc6fdc54b35.jpg, 1, 0, 0, 0, 0, 0
frame_150_segment_LEON-4-2-2-1-29-07-2023-mp4_0_15-mp4_jpg.rf.c653a43acdf27d5438849b4b5a2acb90.jpg, 1, 0, 0, 0, 0, 0
frame_420_segment_-0-0-17-09-2023-mp4_30_45-mp4_jpg.rf.c6d64e637adb0605b7ee399df47d2597.jpg, 1, 0, 0, 0, 0, 0
frame_300_segment_-21-21-1-0-24-11-2023-mp4_30_45-mp4_jpg.rf.c66c7c8caa826e7e48fbb57ee972f329.jpg, 1, 0, 0, 0, 0, 0
frame_150_segment_LEON-4-2-2-1-1-12-11-2023-mp4_30_45-mp4_jpg.rf.c672fbb5b51e923aa832b14c1f8ab94f.jpg, 1, 0, 0, 0, 0, 0
frame_360_segment_-21-21-1-3-10-11-2023-mp4_0_15-mp4_jpg.rf.c6c374c4440745f519bdd4e7354b9384.jpg, 1, 0, 0, 0, 0, 0
frame_120_segment_-21-21-2-3-25-08-2023-mp4_0_15-mp4_jpg.rf.c6df8c3e1705ad6d86859b53bea148c0.jpg, 1, 0, 0, 0, 0, 0
frame_435_segment_-4-0-26-08-2023-mp4_15_30-mp4_jpg.rf.c6e76b27c2782cfd4c5510a76a0496f8.jpg, 1, 0, 0, 0, 0, 0
frame_105_segment_-0-0-29-07-2023-mp4_30_45-mp4_jpg.rf.c73185973e8ae21ab8948ee278212bb4.jpg, 1, 0, 0, 0, 0, 0
frame_315_segment_LEON-4-2-3-1-17-09-2023-mp4_90_105-mp4_jpg.rf.c7009305ffa57ea0081a15a1f7ac1cd8.jpg, 1, 0, 0, 0, 0, 0
frame_270_segment_-21-21-3-2-01-09-2023-mp4_15_30-mp4_jpg.rf.c7964f519d61d4f83e4936864f4332c3.jpg, 1, 0, 0, 0, 0, 0
frame_195_segment_-0-0-17-09-2023-mp4_135_150-mp4_jpg.rf.c7781a2ab82e642ee2bec6b03e82c025.jpg, 1, 0, 0, 0, 0, 0
frame_435_segment_LEON-4-2-0-0-23-07-2023-mp4_45_60-mp4_jpg.rf.c795e17492cb5a257453c83d1529c436.jpg, 1, 0, 0, 0, 0, 0
frame_300_segment_-0-1-02-09-2023-mp4_0_15-mp4_jpg.rf.c754ab489a3cdadb81a6c6b170fe9bb4.jpg, 1, 0, 0, 0, 0, 0
frame_210_segment_LEON-4-2-3-1-17-09-2023-mp4_75_90-mp4_jpg.rf.c7a90b82a6cd2d54bfa7fce6eed38aad.jpg, 1, 0, 0, 0, 0, 0
frame_390_segment_-4-0-26-08-2023-mp4_60_75-mp4_jpg.rf.c79e352499ee9bcd0d427919a989fb6f.jpg, 1, 0, 0, 0, 0, 0
frame_400_segment_-0-2-05-08-2023-mp4_30_45-mp4_jpg.rf.c7a9b7e3897b5f99dbdc00dd1ad6c903.jpg, 1, 0, 0, 0, 0, 0
frame_625_segment_-0-2-05-08-2023-mp4_0_15-mp4_jpg.rf.c79c7d0bb63ab2f2a952abe342af944a.jpg, 1, 0, 0, 0, 0, 0
frame_150_segment_-0-0-17-09-2023-mp4_165_180-mp4_jpg.rf.c7b584cc38817a84a543265413847313.jpg, 1, 0, 0, 0, 0, 0
frame_400_segment_-3-2-11-08-2023-mp4_75_90-mp4_jpg.rf.c7bfbe88e32d2a9f4ebcdca95dbefdea.jpg, 1, 0, 0, 0, 0, 0
frame_420_segment_-0-1-02-09-2023-mp4_0_15-mp4_jpg.rf.c7c66032db56ff912e1cec9dc8c4b172.jpg, 1, 0, 0, 0, 0, 0
frame_225_segment_LEON-4-2-2-1-1-16-07-2023-mp4_75_90-mp4_jpg.rf.c7e018da160224a1157ada8c7eac8b86.jpg, 0, 0, 0, 0, 1, 0
frame_180_segment_LEON-4-2-0-1-08-10-2023-mp4_30_45-mp4_jpg.rf.c812e0f515eca928eaff5a176f992189.jpg, 1, 0, 0, 0, 0, 0
frame_285_segment_-4-0-26-08-2023-mp4_15_30-mp4_jpg.rf.c7fd4e55e7728fa5d08c796508b4c588.jpg, 1, 0, 0, 0, 0, 0
frame_285_segment_-2-2-29-09-2023-mp4_0_15-mp4_jpg.rf.c7ec3fd91c129fca713e1f292864dcb9.jpg, 1, 0, 0, 0, 0, 0
frame_345_segment_FONBET-2-1-29-08-2023-mp4_0_15-mp4_jpg.rf.c8442cf1bf6a49d8c24b8ff5e28d18fd.jpg, 1, 0, 0, 0, 0, 0
frame_180_segment_-0-1-19-08-2023-mp4_15_30-mp4_jpg.rf.c859c704f71ce0eeb31489f82491666f.jpg, 1, 0, 0, 0, 0, 0
frame_150_segment_-2-1-22-07-2023-mp4_45_60-mp4_jpg.rf.c8ba93b8b53c0da1094937f0258e1cfe.jpg, 1, 0, 0, 0, 0, 0
frame_240_segment_-2-2-29-09-2023-mp4_30_45-mp4_jpg.rf.c8dd058ff194ef7d5bc60e372207e148.jpg, 1, 0, 0, 0, 0, 0
frame_300_segment_-21-21-3-1-03-11-2023-mp4_30_45-mp4_jpg.rf.c86b07e1194d70cf28aae20a33fe3063.jpg, 1, 0, 0, 0, 0, 0
frame_375_segment_FONBET-2-1-25-07-2023-mp4_75_90-mp4_jpg.rf.c8d5261023ec4883828ad29a35eb33c9.jpg, 1, 0, 0, 0, 0, 0
frame_420_segment_-0-1-19-08-2023-mp4_45_60-mp4_jpg.rf.c8e11636964e597ba963e1496164e4fa.jpg, 0, 0, 0, 0, 1, 0
frame_375_segment_FONBET-2-1-25-07-2023-mp4_60_75-mp4_jpg.rf.c8f24010a770f376317b02fb3157b499.jpg, 1, 0, 0, 0, 0, 0
frame_300_segment_LEON-4-2-2-1-1-02-09-2023-mp4_30_45-mp4_jpg.rf.c91f16d1e3aedfbda6d75210853daee0.jpg, 0, 0, 0, 0, 0, 1
frame_675_segment_-0-2-05-08-2023-mp4_90_105-mp4_jpg.rf.c8ec3c75b47805d2f37f4fe8317f78e6.jpg, 1, 0, 0, 0, 0, 0
frame_250_segment_-0-2-05-08-2023-mp4_75_90-mp4_jpg.rf.c8ae9b944bffb53a020b9cd013c15b90.jpg, 1, 0, 0, 0, 0, 0
frame_120_segment_LEON-4-2-3-2-23-09-2023-mp4_0_15-mp4_jpg.rf.c93982bf1934e2c31a9b0a125f593586.jpg, 1, 0, 0, 0, 0, 0
frame_435_segment_FONBET-2-1-25-07-2023-mp4_0_15-mp4_jpg.rf.c94e4971b9bd625c3683ca7e942d2700.jpg, 1, 0, 0, 0, 0, 0
frame_225_segment_-4-0-26-08-2023-mp4_15_30-mp4_jpg.rf.c95a91e5de808126448184f5c7492707.jpg, 1, 0, 0, 0, 0, 0
frame_90_segment_-0-1-19-08-2023-mp4_45_60-mp4_jpg.rf.c96ed21e00b1f6ed2ad333ed163a9c0b.jpg, 1, 0, 0, 0, 0, 0
frame_135_segment_-0-1-06-11-2023-mp4_0_15-mp4_jpg.rf.c99cb68d0bafeae1feb994c0ee35efe8.jpg, 1, 0, 0, 0, 0, 0
frame_180_segment_LEON-4-2-0-0-23-07-2023-mp4_30_45-mp4_jpg.rf.c9a86528e91afd937353c9d2626365d0.jpg, 1, 0, 0, 0, 0, 0
frame_225_segment_-3-1-26-11-2023-mp4_30_45-mp4_jpg.rf.c9a24d65c2f01f4fb1c62fc1598fd636.jpg, 1, 0, 0, 0, 0, 0
frame_625_segment_-3-2-11-08-2023-mp4_45_60-mp4_jpg.rf.c9e5ae06e14054ce12db4901c8c9e384.jpg, 1, 0, 0, 0, 0, 0
frame_75_segment_-21-21-2-0-15-09-2023-mp4_30_45-mp4_jpg.rf.c9b5d636cb57f7b76be84c1666a41076.jpg, 1, 0, 0, 0, 0, 0
frame_360_segment_LEON-4-2-2-1-1-02-09-2023-mp4_0_15-mp4_jpg.rf.ca1a5f15f224134c0c96df3ee6a82d63.jpg, 1, 0, 0, 0, 0, 0
frame_135_segment_LEON-4-2-2-2-3-28-08-2023-mp4_45_60-mp4_jpg.rf.ca669fdbb532b5fdb892e3ba7e316854.jpg, 1, 0, 0, 0, 0, 0
frame_325_segment_-0-2-05-08-2023-mp4_75_90-mp4_jpg.rf.caa7109aac7365f87476031118a688a3.jpg, 1, 0, 0, 0, 0, 0
frame_210_segment_-3-1-26-11-2023-mp4_45_60-mp4_jpg.rf.ca748a76f8be99347de71ac2aa7a8bdd.jpg, 1, 0, 0, 0, 0, 0
frame_90_segment_-2-1-22-07-2023-mp4_45_60-mp4_jpg.rf.cab501e67206165c623b83f0272a8a39.jpg, 1, 0, 0, 0, 0, 0
frame_45_segment_-21-21-0-3-29-09-2023-mp4_75_90-mp4_jpg.rf.caa859696b7f1a56e9dda9bddd19f127.jpg, 1, 0, 0, 0, 0, 0
frame_210_segment_-21-21-2-2-10-08-2023-mp4_60_75-mp4_jpg.rf.cb167a68e41cbe21ba868fe5be52b37d.jpg, 1, 0, 0, 0, 0, 0
frame_240_segment_-2-0-24-09-2023-mp4_45_60-mp4_jpg.rf.cade6f81c02c466c7c2e7b7ef8ca34d1.jpg, 0, 0, 0, 0, 0, 1
frame_240_segment_-0-1-06-11-2023-mp4_30_45-mp4_jpg.rf.cb4bfe8a7e5ce59278545bd2b3c34a5b.jpg, 1, 0, 0, 0, 0, 0
frame_315_segment_LEON-4-2-2-1-1-12-11-2023-mp4_15_30-mp4_jpg.rf.cb54e32b639e1ea69fcc2185a354026f.jpg, 0, 0, 0, 0, 0, 1
frame_195_segment_-21-21-2-2-10-08-2023-mp4_0_15-mp4_jpg.rf.cb753682e38f8dd64f774de8054069bf.jpg, 1, 0, 0, 0, 0, 0
frame_150_segment_LEON-4-2-0-1-08-10-2023-mp4_30_45-mp4_jpg.rf.cb9b213edd937346dcd6cbb14be6ace8.jpg, 1, 0, 0, 0, 0, 0
frame_360_segment_-21-21-0-3-29-09-2023-mp4_60_75-mp4_jpg.rf.cac775a84a81ea785b3625c9bab6bd37.jpg, 1, 0, 0, 0, 0, 0
frame_360_segment_LEON-4-2-3-1-17-09-2023-mp4_105_120-mp4_jpg.rf.cbde08484a2c424dddabac42e0dea906.jpg, 1, 0, 0, 0, 0, 0
frame_195_segment_LEON-4-2-2-2-3-28-08-2023-mp4_15_30-mp4_jpg.rf.cbaf8dc0cd1cff8064bc0762c323cee4.jpg, 1, 0, 0, 0, 0, 0
frame_180_segment_-21-21-0-6-20-10-2023-mp4_60_75-mp4_jpg.rf.cbd637b6d665e36b1c0bd2f2b63db87e.jpg, 1, 0, 0, 0, 0, 0
frame_150_segment_-0-0-17-09-2023-mp4_60_75-mp4_jpg.rf.cb94a2f72a8020eafc3cf1cd13993ede.jpg, 1, 0, 0, 0, 0, 0
frame_330_segment_-2-1-22-07-2023-mp4_45_60-mp4_jpg.rf.cbe4f3eca87176410fdb2bce23b65c02.jpg, 0, 0, 0, 0, 1, 0
frame_120_segment_-2-0-08-12-2023-mp4_90_105-mp4_jpg.rf.cc38645b7521d1ec14f245ded9ae4d29.jpg, 1, 0, 0, 0, 0, 0
frame_375_segment_-3-2-11-08-2023-mp4_105_120-mp4_jpg.rf.cc0f03fe4addf90ce43ed8790b6490c4.jpg, 1, 0, 0, 0, 0, 0
frame_300_segment_-0-0-29-07-2023-mp4_120_135-mp4_jpg.rf.cc1c088ff9ce1031c01e15c9476cb19f.jpg, 0, 0, 0, 0, 1, 0
frame_360_segment_-21-21-2-3-25-08-2023-mp4_30_45-mp4_jpg.rf.cc44cd50c22a3c670865fc7d2864aefe.jpg, 1, 0, 0, 0, 0, 0
frame_420_segment_-1-0-02-12-2023-mp4_45_60-mp4_jpg.rf.ccdbb333188e0faa09177d411373ea4d.jpg, 1, 0, 0, 0, 0, 0
frame_375_segment_LEON-4-2-2-1-1-16-07-2023-mp4_90_105-mp4_jpg.rf.cc7ca9a1a45d82eac06edb990b678f21.jpg, 1, 0, 0, 0, 0, 0
frame_135_segment_LEON-4-2-3-1-17-09-2023-mp4_45_60-mp4_jpg.rf.cca4abc4ff3cc342ad8c4abb6350f2ad.jpg, 1, 0, 0, 0, 0, 0
frame_345_segment_-1-0-02-12-2023-mp4_15_30-mp4_jpg.rf.cce2b118a8bc7c8b2f39d5da4468e1db.jpg, 1, 0, 0, 0, 0, 0
frame_375_segment_-21-21-2-2-10-08-2023-mp4_45_60-mp4_jpg.rf.cd02146e01e3a33b1677dd4adca71243.jpg, 1, 0, 0, 0, 0, 0
frame_405_segment_-0-0-29-07-2023-mp4_90_105-mp4_jpg.rf.cd1727f777325641409cc6e5ef6dd94e.jpg, 0, 0, 0, 0, 1, 0
frame_225_segment_FONBET-0-0-20-09-2023-mp4_30_45-mp4_jpg.rf.cd54e9edf7a13f8f947604643650517f.jpg, 1, 0, 0, 0, 0, 0
frame_375_segment_-3-1-26-11-2023-mp4_105_120-mp4_jpg.rf.cd2af844ae7dde8f7c198e0d91f3b4f1.jpg, 1, 0, 0, 0, 0, 0
frame_240_segment_FONBET-1-0-08-08-2023-mp4_60_75-mp4_jpg.rf.cdcafcee58946134e63614dd7e3fc1fc.jpg, 0, 0, 0, 0, 0, 1
frame_270_segment_FONBET-2-1-25-07-2023-mp4_30_45-mp4_jpg.rf.cdd695f598284548e5bed02165e58149.jpg, 0, 0, 0, 0, 1, 0
frame_120_segment_-21-21-0-6-20-10-2023-mp4_60_75-mp4_jpg.rf.cdd2cef9b34186d9f541765f221268ad.jpg, 1, 0, 0, 0, 0, 0
frame_15_segment_LEON-4-2-2-1-1-16-07-2023-mp4_15_30-mp4_jpg.rf.cdd0770edc55e7460a9ef50bf27f08fa.jpg, 1, 0, 0, 0, 0, 0
frame_525_segment_-0-2-05-08-2023-mp4_60_75-mp4_jpg.rf.cdda00bf4d66ef5af812a2d8e940da20.jpg, 1, 0, 0, 0, 0, 0
frame_285_segment_-1-0-02-12-2023-mp4_15_30-mp4_jpg.rf.ce56919ab5ffd8193fd82580ba02b4c1.jpg, 0, 0, 0, 0, 0, 1
frame_420_segment_FONBET-2-1-25-07-2023-mp4_30_45-mp4_jpg.rf.ce579ae154d6b2c6744a33534c9acd04.jpg, 1, 0, 0, 0, 0, 0
frame_360_segment_-0-1-02-09-2023-mp4_30_45-mp4_jpg.rf.ce37888867334e49d404c3fb2904780e.jpg, 1, 0, 0, 0, 0, 0
frame_375_segment_-0-1-02-09-2023-mp4_15_30-mp4_jpg.rf.ce69d445e72adaa2effd0b6d7cc7a2eb.jpg, 1, 0, 0, 0, 0, 0
frame_420_segment_-2-1-22-07-2023-mp4_45_60-mp4_jpg.rf.ce5913915e2c8adcf193d30d73ade251.jpg, 1, 0, 0, 0, 0, 0
frame_330_segment_-21-21-5-0-27-10-2023-mp4_0_15-mp4_jpg.rf.ce925e959c0c1aeaf1a5d1158e0e5c91.jpg, 1, 0, 0, 0, 0, 0
frame_105_segment_-21-21-2-0-15-09-2023-mp4_90_105-mp4_jpg.rf.ce87b697ab7cf2c193da7cccf6082271.jpg, 1, 0, 0, 0, 0, 0
frame_360_segment_-2-1-22-07-2023-mp4_105_120-mp4_jpg.rf.cf6da64c2fefd0e4ebac38613fe7c26b.jpg, 0, 0, 0, 0, 1, 0
frame_300_segment_-2-2-29-09-2023-mp4_75_90-mp4_jpg.rf.cec3977bb489aa812a476e922f10afea.jpg, 1, 0, 0, 0, 0, 0
frame_350_segment_-21-21-2-1-06-10-2023-mp4_0_15-mp4_jpg.rf.cf0183a0e43512ed99ba861702085705.jpg, 0, 0, 0, 0, 1, 0
frame_420_segment_-3-1-26-11-2023-mp4_0_15-mp4_jpg.rf.cf4b31af7c83c4e0d5d143e920596a59.jpg, 0, 0, 0, 0, 1, 0
frame_375_segment_FONBET-1-0-08-08-2023-mp4_60_75-mp4_jpg.rf.cfabe59d5743ae8b19b34a8708b3e759.jpg, 1, 0, 0, 0, 0, 0
frame_725_segment_-3-2-11-08-2023-mp4_45_60-mp4_jpg.rf.cf7951d963da98da68109d24c5199655.jpg, 1, 0, 0, 0, 0, 0
frame_420_segment_-2-0-08-12-2023-mp4_0_15-mp4_jpg.rf.d059866a75bf581a5000db421045d496.jpg, 0, 0, 0, 0, 1, 0
frame_300_segment_-3-2-11-08-2023-mp4_0_15-mp4_jpg.rf.cfe4d22c06759b01bc916aea602d3056.jpg, 1, 0, 0, 0, 0, 0
frame_405_segment_-2-1-22-07-2023-mp4_15_30-mp4_jpg.rf.d032bf76938f9b0ce04b92a4dc68f6ce.jpg, 0, 0, 0, 0, 1, 0
frame_435_segment_-2-1-29-10-2023-mp4_60_75-mp4_jpg.rf.d040ca5d130716ba4185679464f7ca0e.jpg, 1, 0, 0, 0, 0, 0
frame_270_segment_-21-21-1-0-24-11-2023-mp4_75_87-47-mp4_jpg.rf.d06cad743ad1aeb7914f1b93c38051f8.jpg, 0, 0, 0, 0, 0, 1
frame_330_segment_-4-0-26-08-2023-mp4_30_45-mp4_jpg.rf.d07e4930b6fad330f17a9ae3d461d8d2.jpg, 1, 0, 0, 0, 0, 0
frame_420_segment_-21-21-2-2-10-08-2023-mp4_75_90-mp4_jpg.rf.d120ba8f1c92bf758b316eb5c49be94d.jpg, 0, 0, 0, 0, 1, 0
frame_15_segment_-2-1-22-07-2023-mp4_45_60-mp4_jpg.rf.d0ca66f67e648a643907ba566aee725e.jpg, 1, 0, 0, 0, 0, 0
frame_360_segment_-0-0-17-09-2023-mp4_15_30-mp4_jpg.rf.d0d7c3b55b37576093b8cafc3d3c0eca.jpg, 1, 0, 0, 0, 0, 0
frame_360_segment_-21-21-0-6-20-10-2023-mp4_0_15-mp4_jpg.rf.d0b82b4a674a4b743f090882b9ebb703.jpg, 0, 0, 0, 0, 1, 0
frame_300_segment_FONBET-2-1-25-07-2023-mp4_60_75-mp4_jpg.rf.d16949aa5586be88e7bdbcd87fd1bd3b.jpg, 1, 0, 0, 0, 0, 0
frame_195_segment_-0-0-29-07-2023-mp4_120_135-mp4_jpg.rf.d162e96ddea088d0e6c38a9095c8a16b.jpg, 1, 0, 0, 0, 0, 0
frame_650_segment_-3-2-11-08-2023-mp4_105_120-mp4_jpg.rf.d16c096869b271ca9720c281fbbd7f2b.jpg, 1, 0, 0, 0, 0, 0
frame_405_segment_-21-21-0-2-01-12-2023-mp4_45_60-mp4_jpg.rf.d13720bf16cc8bc847c72ccd18c9a4fd.jpg, 1, 0, 0, 0, 0, 0
frame_135_segment_LEON-4-2-3-1-17-09-2023-mp4_105_120-mp4_jpg.rf.d1b5c81550d5a890a494fef2ef05d58e.jpg, 1, 0, 0, 0, 0, 0
frame_210_segment_-0-0-17-09-2023-mp4_180_195-mp4_jpg.rf.d17a00d242f99229c0af6e5ecb8541f3.jpg, 1, 0, 0, 0, 0, 0
frame_270_segment_-1-0-02-12-2023-mp4_0_15-mp4_jpg.rf.d1f34931e167489ee291828c41f4380e.jpg, 0, 1, 0, 0, 0, 0
frame_180_segment_FONBET-0-0-20-09-2023-mp4_15_30-mp4_jpg.rf.d1c1d4c59fd7b013d804ed3816bd74c4.jpg, 1, 0, 0, 0, 0, 0
frame_240_segment_LEON-4-2-2-2-3-28-08-2023-mp4_15_30-mp4_jpg.rf.d20da35d3c8af5d7a6daca3a36436a90.jpg, 0, 0, 0, 0, 1, 0
frame_285_segment_-21-21-0-6-20-10-2023-mp4_45_60-mp4_jpg.rf.d20fc18eb70cac9bdc4c80aba6aac0ca.jpg, 1, 0, 0, 0, 0, 0
frame_255_segment_-2-1-22-07-2023-mp4_75_90-mp4_jpg.rf.d23459660f94b1b888cae3f7ec5205ae.jpg, 0, 0, 0, 0, 0, 1
frame_425_segment_-0-2-05-08-2023-mp4_45_60-mp4_jpg.rf.d216c98f5c6bab40bfc22fe3d0857afb.jpg, 1, 0, 0, 0, 0, 0
frame_405_segment_-0-0-17-09-2023-mp4_0_15-mp4_jpg.rf.d2c21b5ccb228063a49474aef7fd0c77.jpg, 1, 0, 0, 0, 0, 0
frame_210_segment_-21-21-1-0-24-11-2023-mp4_15_30-mp4_jpg.rf.d2decdffe6d512eb20c6c1471e9dd5a0.jpg, 1, 0, 0, 0, 0, 0
frame_240_segment_-21-21-0-6-20-10-2023-mp4_60_75-mp4_jpg.rf.d25a0cf45959b39da5c2a3093dff2c47.jpg, 1, 0, 0, 0, 0, 0
frame_150_segment_LEON-4-2-0-0-23-07-2023-mp4_75_90-mp4_jpg.rf.d28ef155afcabd62de2b27bf305e6cd1.jpg, 1, 0, 0, 0, 0, 0
frame_390_segment_-21-21-0-2-01-12-2023-mp4_45_60-mp4_jpg.rf.d3011e62a2da6065da4d5e23e1721fa5.jpg, 1, 0, 0, 0, 0, 0
frame_225_segment_-0-0-17-09-2023-mp4_105_120-mp4_jpg.rf.d31f873930a7a65a0adb8599bf72adf2.jpg, 1, 0, 0, 0, 0, 0
frame_360_segment_-0-0-17-09-2023-mp4_75_90-mp4_jpg.rf.d34a1c6e172e87caaa81c0d75f4d53b9.jpg, 1, 0, 0, 0, 0, 0
frame_315_segment_-0-1-06-11-2023-mp4_45_60-mp4_jpg.rf.d34cb112da89244eabbaae6d8cefeb0d.jpg, 1, 0, 0, 0, 0, 0
frame_150_segment_-2-1-29-10-2023-mp4_15_30-mp4_jpg.rf.d348456f26fed1cc68537a7181ed5b71.jpg, 1, 0, 0, 0, 0, 0
frame_270_segment_-21-21-2-2-18-08-2023-mp4_0_15-mp4_jpg.rf.d35d70d8d64a113fc84d3cc2b2de30a0.jpg, 1, 0, 0, 0, 0, 0
frame_435_segment_-3-1-11-11-2023-mp4_0_15-mp4_jpg.rf.d3689ec93e099dee0bb6515bac73ec06.jpg, 1, 0, 0, 0, 0, 0
frame_420_segment_-0-0-29-07-2023-mp4_30_45-mp4_jpg.rf.d36ace3169f57ab3bf0fb10679120092.jpg, 1, 0, 0, 0, 0, 0
frame_240_segment_-3-1-26-11-2023-mp4_30_45-mp4_jpg.rf.d3a55bd2ef1f12b3973bbde6d6093fa8.jpg, 1, 0, 0, 0, 0, 0
frame_285_segment_FONBET-0-0-20-09-2023-mp4_30_45-mp4_jpg.rf.d37c87647e674711d2bc2e651a4120c4.jpg, 0, 0, 0, 0, 1, 0
frame_375_segment_-2-0-08-12-2023-mp4_15_30-mp4_jpg.rf.d39719ecf787b68186958baf722b90f8.jpg, 1, 0, 0, 0, 0, 0
frame_225_segment_-2-1-29-10-2023-mp4_0_15-mp4_jpg.rf.d3c1988bf3b3074c6ca6d8145ad19edc.jpg, 1, 0, 0, 0, 0, 0
frame_30_segment_-21-21-2-3-25-08-2023-mp4_0_15-mp4_jpg.rf.d3f034a7b9b2776de9667c54e9f6063c.jpg, 1, 0, 0, 0, 0, 0
frame_345_segment_-2-0-24-09-2023-mp4_75_90-mp4_jpg.rf.d3e88afa243926a8368fb22defecb029.jpg, 1, 0, 0, 0, 0, 0
frame_255_segment_-0-1-02-09-2023-mp4_120_135-mp4_jpg.rf.d3dd4a399fb68d49781696aceba6ea0f.jpg, 1, 0, 0, 0, 0, 0
frame_270_segment_-0-0-29-07-2023-mp4_15_30-mp4_jpg.rf.d3f06b3bd37c5d35964b14b48a52339e.jpg, 1, 0, 0, 0, 0, 0
frame_270_segment_-21-21-0-6-20-10-2023-mp4_30_45-mp4_jpg.rf.d40113fceb3272f642c2bac9e7287990.jpg, 1, 0, 0, 0, 0, 0
frame_45_segment_-0-1-06-11-2023-mp4_90_105-mp4_jpg.rf.d4211513e6ba73f7ba26e4dff088235b.jpg, 1, 0, 0, 0, 0, 0
frame_195_segment_-2-0-24-09-2023-mp4_0_15-mp4_jpg.rf.d43b67e2b6d0929643d988c7a33af1c1.jpg, 1, 0, 0, 0, 0, 0
frame_180_segment_-2-1-22-07-2023-mp4_30_45-mp4_jpg.rf.d401ba2b43d088214cf43f2b854cf58a.jpg, 1, 0, 0, 0, 0, 0
frame_210_segment_-2-2-29-09-2023-mp4_45_60-mp4_jpg.rf.d46355d4b7b43bc1011b1ee4855d2ed6.jpg, 1, 0, 0, 0, 0, 0
frame_15_segment_LEON-4-2-2-1-1-23-10-2023-mp4_60_75-mp4_jpg.rf.d46bf65d12c12c78eb9ca3e6a660248e.jpg, 1, 0, 0, 0, 0, 0
frame_315_segment_LEON-4-2-2-1-1-12-11-2023-mp4_0_15-mp4_jpg.rf.d48238002c5b0c381af9ee00927e1a95.jpg, 1, 0, 0, 0, 0, 0
frame_405_segment_-21-21-2-2-18-08-2023-mp4_45_60-mp4_jpg.rf.d47f8644c11060268cee7c67a8996880.jpg, 0, 0, 0, 0, 1, 0
frame_345_segment_-3-1-11-11-2023-mp4_60_75-mp4_jpg.rf.d484fba409f3ca36d523a0318d2d035d.jpg, 0, 0, 0, 0, 1, 0
frame_150_segment_FONBET-2-1-29-08-2023-mp4_30_45-mp4_jpg.rf.d49644b240f061a9c02d5fc943427c66.jpg, 1, 0, 0, 0, 0, 0
frame_255_segment_-0-0-17-09-2023-mp4_15_30-mp4_jpg.rf.d4828aa1ff444ad4c08912b71a243448.jpg, 1, 0, 0, 0, 0, 0
frame_675_segment_-3-2-11-08-2023-mp4_90_105-mp4_jpg.rf.d4a094bfd47d35ada5186144c2aaa966.jpg, 1, 0, 0, 0, 0, 0
frame_100_segment_-0-2-05-08-2023-mp4_45_60-mp4_jpg.rf.d51c0f5387263b318e2abfd193dbda51.jpg, 1, 0, 0, 0, 0, 0
frame_600_segment_-3-2-11-08-2023-mp4_105_120-mp4_jpg.rf.d510317a1a4340f56888ae103cad6c5c.jpg, 1, 0, 0, 0, 0, 0
frame_375_segment_-4-0-26-08-2023-mp4_30_45-mp4_jpg.rf.d5225c89b58d550b10618071e76baf2b.jpg, 1, 0, 0, 0, 0, 0
frame_240_segment_LEON-4-2-2-3-06-08-2023-mp4_30_45-mp4_jpg.rf.d5169cc01499a4bae2ed379c94f1d239.jpg, 0, 0, 0, 0, 1, 0
frame_255_segment_-3-1-11-11-2023-mp4_15_30-mp4_jpg.rf.d5483cd92fbeae2c4d3c53c970ff1359.jpg, 1, 0, 0, 0, 0, 0
frame_165_segment_-0-0-17-09-2023-mp4_75_90-mp4_jpg.rf.d53ba079759805203edf6c48b9eb46f2.jpg, 1, 0, 0, 0, 0, 0
frame_420_segment_-2-2-29-09-2023-mp4_30_45-mp4_jpg.rf.d55851affe0b276aa1222b564b82cc8d.jpg, 1, 0, 0, 0, 0, 0
frame_675_segment_-0-2-05-08-2023-mp4_75_90-mp4_jpg.rf.d583040d4197961142e88a7ad601cc59.jpg, 1, 0, 0, 0, 0, 0
frame_60_segment_-21-21-2-3-25-08-2023-mp4_0_15-mp4_jpg.rf.d56a10c714162c6b246a9911cafbc1e6.jpg, 1, 0, 0, 0, 0, 0
frame_700_segment_-3-2-11-08-2023-mp4_15_30-mp4_jpg.rf.d58087b5355ad20cded234826c87aa58.jpg, 1, 0, 0, 0, 0, 0
frame_625_segment_-0-2-05-08-2023-mp4_45_60-mp4_jpg.rf.d5915bb6b5ef84946c69e9bccd467df8.jpg, 1, 0, 0, 0, 0, 0
frame_150_segment_-21-21-2-0-15-09-2023-mp4_15_30-mp4_jpg.rf.d527180d0b841eb6668c6f83cef5eb8b.jpg, 1, 0, 0, 0, 0, 0
frame_90_segment_LEON-4-2-0-0-23-07-2023-mp4_75_90-mp4_jpg.rf.d59311f87c1a0c4b68bada379592e9a6.jpg, 1, 0, 0, 0, 0, 0
frame_390_segment_-0-0-29-07-2023-mp4_105_120-mp4_jpg.rf.d593202f52cc60c09f96eea956872b37.jpg, 1, 0, 0, 0, 0, 0
frame_375_segment_LEON-4-2-2-1-1-12-11-2023-mp4_60_75-mp4_jpg.rf.d59ad21c8bfe37463d0e85ab8a0e8ac8.jpg, 1, 0, 0, 0, 0, 0
frame_360_segment_LEON-4-2-2-2-3-28-08-2023-mp4_30_45-mp4_jpg.rf.d59b7d5c80457deb7ca432b714c0c476.jpg, 0, 0, 0, 0, 1, 0
frame_285_segment_-21-21-3-2-01-09-2023-mp4_15_30-mp4_jpg.rf.d5ab49628ede7fc3e11f6d4e7d0ee38c.jpg, 1, 0, 0, 0, 0, 0
frame_375_segment_-2-0-24-09-2023-mp4_30_45-mp4_jpg.rf.d5d26db5da4ce584e1aec6a99c6bbd91.jpg, 0, 0, 0, 0, 1, 0
frame_195_segment_-2-0-24-09-2023-mp4_45_60-mp4_jpg.rf.d5d65cb98bcfcbaa6a00b3283c8b27dd.jpg, 1, 0, 0, 0, 0, 0
frame_300_segment_-2-2-29-09-2023-mp4_30_45-mp4_jpg.rf.d5ecfa86d8fda76dbb7e488117e35002.jpg, 1, 0, 0, 0, 0, 0
frame_25_segment_-0-2-05-08-2023-mp4_0_15-mp4_jpg.rf.d5f9a380761566a434c06e351ee95512.jpg, 1, 0, 0, 0, 0, 0
frame_180_segment_-0-0-29-07-2023-mp4_45_60-mp4_jpg.rf.d675c30a11e588286116dbf00ea7f32f.jpg, 1, 0, 0, 0, 0, 0
frame_0_segment_-21-21-2-2-18-08-2023-mp4_30_45-mp4_jpg.rf.d63ce3527f490d25f7eede97cdad18f9.jpg, 1, 0, 0, 0, 0, 0
frame_405_segment_-2-2-29-09-2023-mp4_15_30-mp4_jpg.rf.d653efaeef4db34740895950c1b12ce7.jpg, 1, 0, 0, 0, 0, 0
frame_270_segment_-21-21-2-0-15-09-2023-mp4_30_45-mp4_jpg.rf.d67d55a598278e17614219aacd40de87.jpg, 1, 0, 0, 0, 0, 0
frame_420_segment_FONBET-0-0-20-09-2023-mp4_45_60-mp4_jpg.rf.d68a321f19b755982b850571b8d2704f.jpg, 0, 0, 0, 0, 0, 1
frame_700_segment_-0-2-05-08-2023-mp4_90_105-mp4_jpg.rf.d69c4159c1969a2da90378eb3116aa2e.jpg, 1, 0, 0, 0, 0, 0
frame_195_segment_-0-1-02-09-2023-mp4_60_75-mp4_jpg.rf.d6a5ac21ec1db4fa8d46f4e350736484.jpg, 0, 0, 0, 0, 0, 1
frame_165_segment_-3-1-11-11-2023-mp4_45_60-mp4_jpg.rf.d6a5d52049ff24569cf932cc207133d4.jpg, 1, 0, 0, 0, 0, 0
frame_180_segment_-21-21-0-6-20-10-2023-mp4_45_60-mp4_jpg.rf.d6d1ae1cb5be043fcfe25ddce9774361.jpg, 1, 0, 0, 0, 0, 0
frame_315_segment_-0-1-19-08-2023-mp4_0_15-mp4_jpg.rf.d6cd55ba128c1295175f6d44eb1406a1.jpg, 0, 0, 0, 0, 0, 1
frame_375_segment_-3-2-11-08-2023-mp4_90_105-mp4_jpg.rf.d7014ae365aea19e19924dd45702b057.jpg, 1, 0, 0, 0, 0, 0
frame_195_segment_-21-21-1-0-24-11-2023-mp4_15_30-mp4_jpg.rf.d70690a7707fa8423337f75114b72965.jpg, 1, 0, 0, 0, 0, 0
frame_225_segment_FONBET-2-1-25-07-2023-mp4_15_30-mp4_jpg.rf.d702fe994188a5d1460e49ec915ecd80.jpg, 1, 0, 0, 0, 0, 0
frame_700_segment_-3-2-11-08-2023-mp4_75_90-mp4_jpg.rf.d77728dc72b593d82552e1c97e2fe694.jpg, 0, 0, 0, 0, 1, 0
frame_255_segment_FONBET-2-0-03-10-2023-mp4_60_75-mp4_jpg.rf.d74e8e2ad57390cb94e920e162704e23.jpg, 1, 0, 0, 0, 0, 0
frame_345_segment_FONBET-0-0-20-09-2023-mp4_15_30-mp4_jpg.rf.d79054e6ce87fe856204aec34f383c14.jpg, 1, 0, 0, 0, 0, 0
frame_345_segment_-2-2-29-09-2023-mp4_90_105-mp4_jpg.rf.d7f361d1d78c8204f259aa613f750cec.jpg, 1, 0, 0, 0, 0, 0
frame_30_segment_-2-2-29-09-2023-mp4_15_30-mp4_jpg.rf.d82c1351a328679c86397ff36e237ee4.jpg, 1, 0, 0, 0, 0, 0
frame_135_segment_-0-1-06-11-2023-mp4_90_105-mp4_jpg.rf.d84cbe2582b9f7030decfbf72c1cea15.jpg, 1, 0, 0, 0, 0, 0
frame_120_segment_-0-1-19-08-2023-mp4_15_30-mp4_jpg.rf.d85d8749eb2175f72c3fd25f96401407.jpg, 1, 0, 0, 0, 0, 0
frame_210_segment_-2-1-22-07-2023-mp4_75_90-mp4_jpg.rf.d88cfd8e63d78c243fe15d377440793d.jpg, 1, 0, 0, 0, 0, 0
frame_275_segment_-3-2-11-08-2023-mp4_90_105-mp4_jpg.rf.d893e643719e9089d270070d2032b89a.jpg, 1, 0, 0, 0, 0, 0
frame_210_segment_-21-21-2-2-10-08-2023-mp4_90_105-mp4_jpg.rf.d8942363794aae7b29dffbc35be9b724.jpg, 1, 0, 0, 0, 0, 0
frame_225_segment_-0-1-19-08-2023-mp4_60_75-mp4_jpg.rf.d8951289c9e75b4a22973530e940f271.jpg, 1, 0, 0, 0, 0, 0
frame_225_segment_-0-0-17-09-2023-mp4_210_225-mp4_jpg.rf.d89e906629c48ed3a95a047664e2c614.jpg, 1, 0, 0, 0, 0, 0
frame_210_segment_FONBET-0-0-20-09-2023-mp4_105_120-mp4_jpg.rf.d89ea726f9361ec5a4957ecb0992fc39.jpg, 1, 0, 0, 0, 0, 0
frame_195_segment_-0-0-17-09-2023-mp4_150_165-mp4_jpg.rf.d8a2237595a1be4f37c2c780808216ac.jpg, 1, 0, 0, 0, 0, 0
frame_60_segment_-3-1-26-11-2023-mp4_0_15-mp4_jpg.rf.d8bcc1b6ba8c07e6dc5c3a30a554d2dc.jpg, 1, 0, 0, 0, 0, 0
frame_285_segment_-0-0-17-09-2023-mp4_210_225-mp4_jpg.rf.d8b5bfe5d1991f64c1ce0eca73f18a5f.jpg, 0, 0, 0, 0, 1, 0
frame_270_segment_-0-0-17-09-2023-mp4_165_180-mp4_jpg.rf.d8a39fac4aff99009fa2548b54c08987.jpg, 1, 0, 0, 0, 0, 0
frame_225_segment_FONBET-2-0-03-10-2023-mp4_0_15-mp4_jpg.rf.d8d705ac7505258fa7d5ed2fb9634feb.jpg, 1, 0, 0, 0, 0, 0
frame_345_segment_-1-0-02-12-2023-mp4_30_45-mp4_jpg.rf.d8e0a5702f1601c9f9f9807ddca0d210.jpg, 1, 0, 0, 0, 0, 0
frame_725_segment_-0-2-05-08-2023-mp4_30_45-mp4_jpg.rf.d90009677bb8ff965292d0c2d768baf0.jpg, 1, 0, 0, 0, 0, 0
frame_360_segment_LEON-4-2-1-3-01-10-2023-mp4_30_45-mp4_jpg.rf.d9042f54897c3886c8264c3ed19900c0.jpg, 1, 0, 0, 0, 0, 0
frame_200_segment_-3-2-11-08-2023-mp4_45_60-mp4_jpg.rf.d912b62666ca2ff84a5541a091eafc7b.jpg, 1, 0, 0, 0, 0, 0
frame_195_segment_-21-21-1-0-24-11-2023-mp4_45_60-mp4_jpg.rf.d91f9931a750781ee91d2d30e28ade93.jpg, 1, 0, 0, 0, 0, 0
frame_240_segment_-0-0-29-07-2023-mp4_120_135-mp4_jpg.rf.d9519f1ba03b243c8a8e2737ed9699de.jpg, 1, 0, 0, 0, 0, 0
frame_300_segment_LEON-4-2-2-1-1-16-07-2023-mp4_105_120-mp4_jpg.rf.d952a8d7352668863e0e63717af0e1a6.jpg, 0, 0, 0, 0, 0, 1
frame_15_segment_-0-1-19-08-2023-mp4_60_75-mp4_jpg.rf.d922fe1c5a12a0a4ec7c8598cfcf2f52.jpg, 1, 0, 0, 0, 0, 0
frame_285_segment_LEON-4-2-3-1-17-09-2023-mp4_45_60-mp4_jpg.rf.d95b09d2ce4e3244acf8542d14ff86fe.jpg, 1, 0, 0, 0, 0, 0
frame_240_segment_-2-2-29-09-2023-mp4_90_105-mp4_jpg.rf.d98b18344b46bb5fe43e6c0cd8ab63d9.jpg, 0, 0, 0, 0, 0, 1
frame_180_segment_-21-21-2-3-25-08-2023-mp4_30_45-mp4_jpg.rf.d95921caa8c80184093ea02b3c7b1cb9.jpg, 1, 0, 0, 0, 0, 0
frame_375_segment_-2-0-24-09-2023-mp4_15_30-mp4_jpg.rf.d985e09afd3aa018596579d25f02de53.jpg, 0, 0, 0, 0, 1, 0
frame_240_segment_-0-0-29-07-2023-mp4_75_90-mp4_jpg.rf.d99e4b416d1af4b38170a8ef8b03ae49.jpg, 0, 0, 0, 0, 1, 0
frame_435_segment_FONBET-0-0-20-09-2023-mp4_60_75-mp4_jpg.rf.d9d61c6ac39a0efecdee0d56123de914.jpg, 1, 0, 0, 0, 0, 0
frame_360_segment_-21-21-0-6-20-10-2023-mp4_45_60-mp4_jpg.rf.d98fd287264708929363453e656a9464.jpg, 1, 0, 0, 0, 0, 0
frame_225_segment_-2-0-24-09-2023-mp4_60_75-mp4_jpg.rf.d9e148e9907ba13effdc9a5e1ed6e51b.jpg, 1, 0, 0, 0, 0, 0
frame_240_segment_-2-1-29-10-2023-mp4_75_90-mp4_jpg.rf.da0120e2c43a42a9711006b4e90a97da.jpg, 1, 0, 0, 0, 0, 0
frame_15_segment_-2-0-08-12-2023-mp4_45_60-mp4_jpg.rf.d9e749ea684728213e453b11b9121445.jpg, 1, 0, 0, 0, 0, 0
frame_360_segment_-1-0-02-12-2023-mp4_45_60-mp4_jpg.rf.da4cf78f5ec847fbd053faa0ababceb1.jpg, 0, 0, 0, 0, 1, 0
frame_15_segment_-0-1-06-11-2023-mp4_30_45-mp4_jpg.rf.da461a009fe2b56466b1b9f3953e6014.jpg, 0, 0, 0, 0, 1, 0
frame_150_segment_LEON-4-2-3-1-17-09-2023-mp4_0_15-mp4_jpg.rf.da882cfad10180386df751a1048a2e8b.jpg, 1, 0, 0, 0, 0, 0
frame_330_segment_-2-1-29-10-2023-mp4_0_15-mp4_jpg.rf.da6d1bfd48f943db1e4b6a1189cf594e.jpg, 1, 0, 0, 0, 0, 0
frame_435_segment_-3-1-26-11-2023-mp4_15_30-mp4_jpg.rf.da894360b115642e6204f6d5ab5dcfa5.jpg, 1, 0, 0, 0, 0, 0
frame_435_segment_LEON-4-2-2-3-06-08-2023-mp4_0_15-mp4_jpg.rf.da614278bf4031df3954f612ffecdd7f.jpg, 1, 0, 0, 0, 0, 0
frame_195_segment_-0-0-17-09-2023-mp4_75_90-mp4_jpg.rf.dab0d970159e4a351a858d784972826f.jpg, 1, 0, 0, 0, 0, 0
frame_300_segment_-2-1-29-10-2023-mp4_15_30-mp4_jpg.rf.dab6025edb46fce291c8fd8e02137461.jpg, 1, 0, 0, 0, 0, 0
frame_30_segment_LEON-4-2-3-1-17-09-2023-mp4_30_45-mp4_jpg.rf.dab6390239b16b0df4a97294c4fea53d.jpg, 1, 0, 0, 0, 0, 0
frame_450_segment_-3-2-11-08-2023-mp4_0_15-mp4_jpg.rf.dae0099a14b01e2772d291754687da0d.jpg, 1, 0, 0, 0, 0, 0
frame_300_segment_-21-21-0-2-01-12-2023-mp4_15_30-mp4_jpg.rf.dae7c4883b31313216a1c06e5dfa4e8d.jpg, 1, 0, 0, 0, 0, 0
frame_405_segment_LEON-4-2-2-1-29-07-2023-mp4_0_15-mp4_jpg.rf.dae65583c834052ff05418ee164ea57d.jpg, 1, 0, 0, 0, 0, 0
frame_15_segment_-0-1-06-11-2023-mp4_75_90-mp4_jpg.rf.daf83f44dea5c9ec7b2f61a0d8ef40a5.jpg, 1, 0, 0, 0, 0, 0
frame_225_segment_LEON-4-2-3-1-17-09-2023-mp4_15_30-mp4_jpg.rf.db610ecca7dd588e5b8a7728c88e2704.jpg, 1, 0, 0, 0, 0, 0
frame_330_segment_-0-1-02-09-2023-mp4_30_45-mp4_jpg.rf.db881649cce88bce659c64ca23b740ee.jpg, 1, 0, 0, 0, 0, 0
frame_435_segment_-2-2-29-09-2023-mp4_15_30-mp4_jpg.rf.db642eb1e2e8da98e06064c491670279.jpg, 1, 0, 0, 0, 0, 0
frame_150_segment_FONBET-1-0-08-08-2023-mp4_75_90-mp4_jpg.rf.db94f5280693c4b1aea833582877af09.jpg, 1, 0, 0, 0, 0, 0
frame_165_segment_FONBET-2-0-03-10-2023-mp4_0_15-mp4_jpg.rf.db8d7a5b69343e02024f8b0b3e7d9fef.jpg, 1, 0, 0, 0, 0, 0
frame_210_segment_LEON-4-2-2-3-06-08-2023-mp4_15_30-mp4_jpg.rf.dba3c76d508011f5ecbd25eaa05eb433.jpg, 1, 0, 0, 0, 0, 0
frame_350_segment_-0-2-05-08-2023-mp4_15_30-mp4_jpg.rf.dba3e24964ed1445f1b0ffeb16811e31.jpg, 1, 0, 0, 0, 0, 0
frame_300_segment_-21-21-0-3-29-09-2023-mp4_15_30-mp4_jpg.rf.db96c08078ceddf77f042bd2da6ab41a.jpg, 1, 0, 0, 0, 0, 0
frame_675_segment_-3-2-11-08-2023-mp4_60_75-mp4_jpg.rf.dbd9ab67ecf560cb2dac46338091c51d.jpg, 1, 0, 0, 0, 0, 0
frame_195_segment_-1-0-02-12-2023-mp4_60_75-mp4_jpg.rf.dc0da87b58c80607d0dbd057847f3c8d.jpg, 1, 0, 0, 0, 0, 0
frame_435_segment_LEON-4-2-2-2-3-28-08-2023-mp4_45_60-mp4_jpg.rf.dc5b099098ba7f71b439757c71b81949.jpg, 1, 0, 0, 0, 0, 0
frame_120_segment_-0-0-17-09-2023-mp4_45_60-mp4_jpg.rf.dc2a308f1109fbb6c995345e6be6b839.jpg, 1, 0, 0, 0, 0, 0
frame_300_segment_-3-1-26-11-2023-mp4_15_30-mp4_jpg.rf.dc547b0c8e24bff655bb58bd717e5480.jpg, 1, 0, 0, 0, 0, 0
frame_330_segment_-0-0-29-07-2023-mp4_30_45-mp4_jpg.rf.dc60041a9fc70756148046d002ab302a.jpg, 1, 0, 0, 0, 0, 0
frame_375_segment_-3-2-11-08-2023-mp4_15_30-mp4_jpg.rf.dc6891036c713fb1fedabeb94a8ef7f2.jpg, 1, 0, 0, 0, 0, 0
frame_420_segment_-2-0-08-12-2023-mp4_90_105-mp4_jpg.rf.dc949e2f6b5a9f1bff5cc069201206bb.jpg, 1, 0, 0, 0, 0, 0
frame_390_segment_FONBET-1-0-08-08-2023-mp4_45_60-mp4_jpg.rf.dc8870f5a44ee14b1962fd2b5eddc14a.jpg, 1, 0, 0, 0, 0, 0
frame_15_segment_-0-1-02-09-2023-mp4_120_135-mp4_jpg.rf.dcc0284beae3d87509ee4ace607f5885.jpg, 1, 0, 0, 0, 0, 0
frame_285_segment_FONBET-2-1-25-07-2023-mp4_45_60-mp4_jpg.rf.dcd64a9304b50b6bae3744ab989c36c9.jpg, 0, 0, 0, 0, 0, 1
frame_255_segment_LEON-4-2-2-1-1-12-11-2023-mp4_75_90-mp4_jpg.rf.dc9cac1c6e8df2579916250c9a41a1ca.jpg, 0, 0, 0, 0, 0, 1
frame_420_segment_-0-0-29-07-2023-mp4_135_150-mp4_jpg.rf.dcd9759fe7be9240256bc15c239df8ae.jpg, 0, 0, 0, 0, 0, 1
frame_375_segment_FONBET-2-1-02-11-2023-mp4_45_60-mp4_jpg.rf.dcdaf0901fb527d50d43497e6b93bcbe.jpg, 1, 0, 0, 0, 0, 0
frame_255_segment_FONBET-1-0-08-08-2023-mp4_0_15-mp4_jpg.rf.dd1924bda28497b7221c84a94ade91ad.jpg, 1, 0, 0, 0, 0, 0
frame_135_segment_-0-1-02-09-2023-mp4_90_105-mp4_jpg.rf.dcf134b98684fe7b102dc55a652ad007.jpg, 1, 0, 0, 0, 0, 0
frame_60_segment_-21-21-3-1-03-11-2023-mp4_30_45-mp4_jpg.rf.dd1bd431af7f07a997ab26b66097055f.jpg, 1, 0, 0, 0, 0, 0
frame_315_segment_-0-0-17-09-2023-mp4_45_60-mp4_jpg.rf.dd446b430f0649c0b3693cf2d8b5c2be.jpg, 1, 0, 0, 0, 0, 0
frame_350_segment_-0-2-05-08-2023-mp4_0_15-mp4_jpg.rf.dd2f9c8d8c24975d5b8a66ccf8ce47ae.jpg, 1, 0, 0, 0, 0, 0
frame_255_segment_LEON-4-2-0-2-19-08-2023-mp4_15_30-mp4_jpg.rf.dd4b7eb7bcbc701ea67fcb692ddfab8e.jpg, 1, 0, 0, 0, 0, 0
frame_105_segment_LEON-4-2-2-1-1-02-09-2023-mp4_30_45-mp4_jpg.rf.dd55fb84d24318bd82b78e04c3bc444d.jpg, 1, 0, 0, 0, 0, 0
frame_285_segment_-21-21-0-3-29-09-2023-mp4_30_45-mp4_jpg.rf.dd8ded597179e41f13b373a35f9a974b.jpg, 1, 0, 0, 0, 0, 0
frame_315_segment_-2-0-24-09-2023-mp4_30_45-mp4_jpg.rf.dd5a107b43aeca6dae2f730b79872228.jpg, 1, 0, 0, 0, 0, 0
frame_45_segment_-21-21-0-3-29-09-2023-mp4_30_45-mp4_jpg.rf.ddd8d04966a6de2ff9506cd56534bf41.jpg, 1, 0, 0, 0, 0, 0
frame_0_segment_-21-21-2-0-15-09-2023-mp4_60_75-mp4_jpg.rf.ddd98b3ee1523610e1b185119bde83b6.jpg, 1, 0, 0, 0, 0, 0
frame_345_segment_-2-2-29-09-2023-mp4_15_30-mp4_jpg.rf.ddf7cef87ba08cdf3d9b574d1a78562c.jpg, 1, 0, 0, 0, 0, 0
frame_405_segment_FONBET-1-0-08-08-2023-mp4_75_90-mp4_jpg.rf.de21a4a7f6417a63242f760bc1557436.jpg, 1, 0, 0, 0, 0, 0
frame_725_segment_-3-2-11-08-2023-mp4_60_75-mp4_jpg.rf.de2de3f887780fe8537dfbbd46ae15b1.jpg, 1, 0, 0, 0, 0, 0
frame_255_segment_-0-1-02-09-2023-mp4_0_15-mp4_jpg.rf.de28aa88f4265327b3f270b548a39aa1.jpg, 0, 0, 0, 0, 0, 1
frame_405_segment_FONBET-2-1-25-07-2023-mp4_45_60-mp4_jpg.rf.de50cc31e0dc1c1a8535c66ca3d7dd19.jpg, 0, 0, 0, 0, 1, 0
frame_390_segment_LEON-4-2-3-1-17-09-2023-mp4_90_105-mp4_jpg.rf.de3f5de0912195766fd58706c2845c21.jpg, 1, 0, 0, 0, 0, 0
frame_330_segment_FONBET-2-0-03-10-2023-mp4_15_30-mp4_jpg.rf.de6c6c92f6bdd5ec7c4edb3880908876.jpg, 1, 0, 0, 0, 0, 0
frame_270_segment_FONBET-0-0-20-09-2023-mp4_120_135-mp4_jpg.rf.de63485a729b569418e96140de6b9db1.jpg, 0, 0, 0, 0, 0, 1
frame_195_segment_FONBET-1-0-08-08-2023-mp4_75_90-mp4_jpg.rf.de83278d0f259f4bd8f7b5890da2bde9.jpg, 0, 0, 0, 0, 0, 1
frame_15_segment_LEON-4-2-2-1-1-02-09-2023-mp4_30_45-mp4_jpg.rf.de92d19142da234a19fb9ddc40c0e1fb.jpg, 1, 0, 0, 0, 0, 0
frame_575_segment_-3-2-11-08-2023-mp4_60_75-mp4_jpg.rf.de72cb38099173fcd00ca5b1f02bcde5.jpg, 1, 0, 0, 0, 0, 0
frame_195_segment_LEON-4-2-2-1-1-12-11-2023-mp4_0_15-mp4_jpg.rf.de90f42db7dc23e95cfda7b16970b7cd.jpg, 1, 0, 0, 0, 0, 0
frame_180_segment_-21-21-0-6-20-10-2023-mp4_30_45-mp4_jpg.rf.de969380483a429e38d1fb46d95834fc.jpg, 1, 0, 0, 0, 0, 0
frame_345_segment_-2-2-29-09-2023-mp4_0_15-mp4_jpg.rf.df1ecb243527d0ae8545a830f78f21aa.jpg, 1, 0, 0, 0, 0, 0
frame_255_segment_-3-1-26-11-2023-mp4_15_30-mp4_jpg.rf.df21e02a8438b37c78a7325b78e6aea9.jpg, 1, 0, 0, 0, 0, 0
frame_600_segment_-0-2-05-08-2023-mp4_45_60-mp4_jpg.rf.df59e34598ebd9e856cd757d747fd77a.jpg, 1, 0, 0, 0, 0, 0
frame_255_segment_-0-0-17-09-2023-mp4_210_225-mp4_jpg.rf.dfe4a2400bdd08f03e9905b0dc80e856.jpg, 1, 0, 0, 0, 0, 0
frame_435_segment_-21-21-0-3-29-09-2023-mp4_15_30-mp4_jpg.rf.dff30340a48099d758ef60fa85105e19.jpg, 1, 0, 0, 0, 0, 0
frame_270_segment_FONBET-2-1-25-07-2023-mp4_15_30-mp4_jpg.rf.dfd9492bd309b9b084bde93292544139.jpg, 0, 0, 0, 0, 0, 1
frame_15_segment_-0-1-06-11-2023-mp4_15_30-mp4_jpg.rf.dfa49609e18ce7164520e005110486dd.jpg, 1, 0, 0, 0, 0, 0
frame_225_segment_-2-2-29-09-2023-mp4_15_30-mp4_jpg.rf.e00e5d0469bb17cbea2aaa2941fcb31e.jpg, 1, 0, 0, 0, 0, 0
frame_210_segment_-21-21-1-0-24-11-2023-mp4_75_87-47-mp4_jpg.rf.e032cd6bd86157e12aa711629a3ee417.jpg, 1, 0, 0, 0, 0, 0
frame_725_segment_-3-2-11-08-2023-mp4_0_15-mp4_jpg.rf.e02f2bb1b65e86249b19b598c65bf8df.jpg, 1, 0, 0, 0, 0, 0
frame_0_segment_LEON-4-2-0-0-23-07-2023-mp4_15_30-mp4_jpg.rf.e047e1c8c48329f0eb6d4b369954f90e.jpg, 1, 0, 0, 0, 0, 0
frame_45_segment_-3-1-11-11-2023-mp4_0_15-mp4_jpg.rf.e0674151f5e234f21a803e065572b96d.jpg, 1, 0, 0, 0, 0, 0
frame_180_segment_FONBET-1-0-08-08-2023-mp4_60_75-mp4_jpg.rf.e0993d30f145df93b306f23ac39dd1a2.jpg, 1, 0, 0, 0, 0, 0
frame_15_segment_LEON-4-2-2-2-3-28-08-2023-mp4_30_45-mp4_jpg.rf.e09114dfdc1bbcd65d678c775992620c.jpg, 0, 0, 0, 0, 1, 0
frame_165_segment_-0-0-29-07-2023-mp4_105_120-mp4_jpg.rf.e0bf7918d3335603e7349d54bf582d85.jpg, 1, 0, 0, 0, 0, 0
frame_255_segment_-0-1-02-09-2023-mp4_60_75-mp4_jpg.rf.e12c95aa1da149a2f67235eb5860bd61.jpg, 1, 0, 0, 0, 0, 0
frame_90_segment_-21-21-2-2-18-08-2023-mp4_0_15-mp4_jpg.rf.e14572b866dddf26e08c67e21cdc7d09.jpg, 1, 0, 0, 0, 0, 0
frame_270_segment_-0-1-02-09-2023-mp4_30_45-mp4_jpg.rf.e0ef3d13c2eab096d9b206cd06f97cc1.jpg, 0, 0, 0, 0, 0, 1
frame_375_segment_-0-0-17-09-2023-mp4_0_15-mp4_jpg.rf.e15d8be86642b394568bf6eeeb4a8b17.jpg, 0, 0, 0, 0, 1, 0
frame_285_segment_-0-1-02-09-2023-mp4_60_75-mp4_jpg.rf.e18ad1d6a69d1451cab0a9de3bd4ce99.jpg, 0, 0, 0, 0, 1, 0
frame_435_segment_-0-0-29-07-2023-mp4_75_90-mp4_jpg.rf.e189b4dc8ef8904e5cab58e3a3da09fa.jpg, 1, 0, 0, 0, 0, 0
frame_195_segment_-2-2-29-09-2023-mp4_15_30-mp4_jpg.rf.e176370e405c839e6ec440ffcb4a6ba0.jpg, 1, 0, 0, 0, 0, 0
frame_390_segment_FONBET-0-0-20-09-2023-mp4_60_75-mp4_jpg.rf.e1b7f2f3d461f900ff55d27e3f55c725.jpg, 1, 0, 0, 0, 0, 0
frame_360_segment_LEON-4-2-3-1-17-09-2023-mp4_60_75-mp4_jpg.rf.e1cc0d032c4594080161f83e074a0db4.jpg, 1, 0, 0, 0, 0, 0
frame_300_segment_-3-1-26-11-2023-mp4_75_90-mp4_jpg.rf.e1dd0fd26f59bd56ae00ffd84e36cb99.jpg, 1, 0, 0, 0, 0, 0
frame_405_segment_LEON-4-2-0-1-08-10-2023-mp4_0_15-mp4_jpg.rf.e1cd190e7d8512223fa311e8086e2442.jpg, 1, 0, 0, 0, 0, 0
frame_200_segment_-0-2-05-08-2023-mp4_75_90-mp4_jpg.rf.e1e38847dd5561b918f199658eebc84d.jpg, 1, 0, 0, 0, 0, 0
frame_345_segment_-2-0-24-09-2023-mp4_45_60-mp4_jpg.rf.e1edcb5c12a2c7292d57f41620863eb5.jpg, 1, 0, 0, 0, 0, 0
frame_345_segment_-0-1-02-09-2023-mp4_0_15-mp4_jpg.rf.e219685c300fd9a4250c370d40ea3b5c.jpg, 1, 0, 0, 0, 0, 0
frame_225_segment_FONBET-2-0-03-10-2023-mp4_15_30-mp4_jpg.rf.e1e6fdd2d194d39a19017977de45d4c6.jpg, 0, 0, 0, 0, 1, 0
frame_525_segment_-3-2-11-08-2023-mp4_45_60-mp4_jpg.rf.e20b5b8530ca8c6cc8117074182a10fc.jpg, 1, 0, 0, 0, 0, 0
frame_90_segment_FONBET-2-1-25-07-2023-mp4_15_30-mp4_jpg.rf.e2d8d6d3fe36e8e85f394051133098c9.jpg, 1, 0, 0, 0, 0, 0
frame_195_segment_-2-0-24-09-2023-mp4_0_15-mp4_jpg.rf.e22960d75d3857f3e7de53127d38154a.jpg, 1, 0, 0, 0, 0, 0
frame_270_segment_-0-0-17-09-2023-mp4_30_45-mp4_jpg.rf.e28c5b2ae354c391572bf8ffc65a79d7.jpg, 0, 0, 0, 0, 0, 1
frame_200_segment_-0-2-05-08-2023-mp4_15_30-mp4_jpg.rf.e2b2a7e33fcf76d2cc992895ac3ea336.jpg, 1, 0, 0, 0, 0, 0
frame_255_segment_FONBET-0-0-20-09-2023-mp4_30_45-mp4_jpg.rf.e2db913540b2aa9f1c6b246cf9e3136d.jpg, 0, 0, 0, 0, 1, 0
frame_360_segment_FONBET-0-0-20-09-2023-mp4_15_30-mp4_jpg.rf.e31aa7b57126357bb01387790c4f66a0.jpg, 0, 0, 0, 0, 1, 0
frame_180_segment_-0-1-02-09-2023-mp4_45_60-mp4_jpg.rf.e379e7089578eef626118611463f6fff.jpg, 1, 0, 0, 0, 0, 0
frame_180_segment_-0-0-17-09-2023-mp4_210_225-mp4_jpg.rf.e315417d46d0f2a5467f843e734b23d2.jpg, 1, 0, 0, 0, 0, 0
frame_195_segment_-0-0-17-09-2023-mp4_75_90-mp4_jpg.rf.e3b0d2c696663657365fd5a179c4e737.jpg, 1, 0, 0, 0, 0, 0
frame_420_segment_-2-1-22-07-2023-mp4_60_75-mp4_jpg.rf.e3b6c59cfcfa2f23214ab0f723507ae5.jpg, 1, 0, 0, 0, 0, 0
frame_240_segment_-21-21-1-0-24-11-2023-mp4_30_45-mp4_jpg.rf.e4242bb4f2b534f8366d77ef2fb43f3f.jpg, 1, 0, 0, 0, 0, 0
frame_60_segment_FONBET-1-0-08-08-2023-mp4_75_90-mp4_jpg.rf.e3ec83fe036ace5a1eabde26b581d44f.jpg, 1, 0, 0, 0, 0, 0
frame_180_segment_FONBET-2-1-29-08-2023-mp4_75_90-mp4_jpg.rf.e4582856d58859be3c9b3958338322a3.jpg, 1, 0, 0, 0, 0, 0
frame_210_segment_-1-0-02-12-2023-mp4_60_75-mp4_jpg.rf.e46ed3b823c6913cf1fed2d4f879dfdc.jpg, 0, 0, 0, 0, 0, 1
frame_225_segment_LEON-4-2-0-2-19-08-2023-mp4_15_30-mp4_jpg.rf.e493948ffa54f8c8cf1e7fd586766d0f.jpg, 0, 0, 0, 0, 0, 1
frame_105_segment_undefined-2-2-1-0-28-10-2023-mp4_0_15-mp4_jpg.rf.e46f94575efc56cc00901c38efbafe4a.jpg, 1, 0, 0, 0, 0, 0
frame_180_segment_LEON-4-2-3-1-17-09-2023-mp4_30_45-mp4_jpg.rf.e4e6b6fe695666243c7652243ab2a7b7.jpg, 1, 0, 0, 0, 0, 0
frame_240_segment_undefined-2-2-1-0-28-10-2023-mp4_0_15-mp4_jpg.rf.e49715fab3308aa9d108ea903ad48a56.jpg, 0, 0, 0, 0, 1, 0
frame_315_segment_LEON-4-2-0-0-23-07-2023-mp4_0_15-mp4_jpg.rf.e4c90cfe510ac3af06e02abec9682ba3.jpg, 1, 0, 0, 0, 0, 0
frame_60_segment_-2-0-08-12-2023-mp4_60_75-mp4_jpg.rf.e4ed901c8becbbcc1a67984e7bf48338.jpg, 1, 0, 0, 0, 0, 0
frame_195_segment_-2-2-29-09-2023-mp4_30_45-mp4_jpg.rf.e525fe9046d51c5c57894f1d1ec40b08.jpg, 1, 0, 0, 0, 0, 0
frame_406_segment_-21-21-2-1-06-10-2023-mp4_0_15-mp4_jpg.rf.e5126867e8cc95fde7f360d2edf52e16.jpg, 1, 0, 0, 0, 0, 0
frame_420_segment_-2-0-24-09-2023-mp4_15_30-mp4_jpg.rf.e53bdd8f75cee70eb216248dad9b2d09.jpg, 1, 0, 0, 0, 0, 0
frame_285_segment_-2-0-24-09-2023-mp4_75_90-mp4_jpg.rf.e54bc3042649b1a91479cc7d11371c39.jpg, 1, 0, 0, 0, 0, 0
frame_90_segment_-3-1-26-11-2023-mp4_0_15-mp4_jpg.rf.e5523e446444a4ca08246f71cfe0e90b.jpg, 1, 0, 0, 0, 0, 0
frame_240_segment_FONBET-2-1-02-11-2023-mp4_30_45-mp4_jpg.rf.e58a41d76042d94f939517a824fd212a.jpg, 1, 0, 0, 0, 0, 0
frame_420_segment_-0-1-19-08-2023-mp4_60_75-mp4_jpg.rf.e56d1429d2c8ed1270691d282c72afbb.jpg, 1, 0, 0, 0, 0, 0
frame_60_segment_-0-1-06-11-2023-mp4_0_15-mp4_jpg.rf.e58f3371ebee71dde641675a0ec4501e.jpg, 1, 0, 0, 0, 0, 0
frame_255_segment_-3-1-26-11-2023-mp4_90_105-mp4_jpg.rf.e59942a4696079d48e6d437d573259dc.jpg, 1, 0, 0, 0, 0, 0
frame_300_segment_-0-0-29-07-2023-mp4_15_30-mp4_jpg.rf.e5d73e169a69f30abc8330a91cb0ad13.jpg, 1, 0, 0, 0, 0, 0
frame_345_segment_LEON-4-2-2-1-1-12-11-2023-mp4_30_45-mp4_jpg.rf.e59fe46bd4e176b670736262ce6623d6.jpg, 1, 0, 0, 0, 0, 0
frame_375_segment_-0-1-02-09-2023-mp4_105_120-mp4_jpg.rf.e5ee593a9f2499feb2a20b9bfe15c756.jpg, 1, 0, 0, 0, 0, 0
frame_330_segment_FONBET-2-1-25-07-2023-mp4_105_120-mp4_jpg.rf.e67787d9226244c1871ca49843a92eaf.jpg, 0, 0, 0, 0, 0, 1
frame_150_segment_-21-21-5-0-27-10-2023-mp4_0_15-mp4_jpg.rf.e63d88ffcd5b5c39b5199237331313c5.jpg, 1, 0, 0, 0, 0, 0
frame_75_segment_-0-1-19-08-2023-mp4_45_60-mp4_jpg.rf.e6172be7d9a33f524ab3a5a5d0ec56cc.jpg, 1, 0, 0, 0, 0, 0
frame_435_segment_-2-1-22-07-2023-mp4_90_105-mp4_jpg.rf.e67b07327b2fd87ad5c5d3584859d334.jpg, 1, 0, 0, 0, 0, 0
frame_405_segment_LEON-4-2-0-0-23-07-2023-mp4_60_75-mp4_jpg.rf.e6a65545dbd000a110e8ad11792f3766.jpg, 1, 0, 0, 0, 0, 0
frame_600_segment_-3-2-11-08-2023-mp4_75_90-mp4_jpg.rf.e6854e0824544560f87545cf69637bc5.jpg, 1, 0, 0, 0, 0, 0
frame_150_segment_FONBET-2-1-29-08-2023-mp4_30_45-mp4_jpg.rf.e6898bc107dafd8861b5b1f1b72d9a1c.jpg, 1, 0, 0, 0, 0, 0
frame_400_segment_-0-2-05-08-2023-mp4_0_15-mp4_jpg.rf.e694f33859c451fa635a1990a83586fa.jpg, 1, 0, 0, 0, 0, 0
frame_345_segment_-2-0-24-09-2023-mp4_30_45-mp4_jpg.rf.e6afc64d709a9c3d0f2ab643455c3a3e.jpg, 0, 0, 0, 0, 0, 1
frame_90_segment_undefined-2-2-1-0-28-10-2023-mp4_0_15-mp4_jpg.rf.e6c9066e99b9c2aa0996190072b45ade.jpg, 1, 0, 0, 0, 0, 0
frame_345_segment_FONBET-0-0-20-09-2023-mp4_120_135-mp4_jpg.rf.e6b5327d4bc6d56127f46e17c43eb6fc.jpg, 0, 0, 0, 0, 1, 0
frame_405_segment_-2-0-24-09-2023-mp4_30_45-mp4_jpg.rf.e709ab23b7cec5b034a869345dd7f2ea.jpg, 1, 0, 0, 0, 0, 0
frame_390_segment_-2-0-08-12-2023-mp4_30_45-mp4_jpg.rf.e7119cf7f7e7e60d4abb2c159f40a3e8.jpg, 1, 0, 0, 0, 0, 0
frame_105_segment_FONBET-2-1-29-08-2023-mp4_75_90-mp4_jpg.rf.e72c10461d16cbf344b65353a9c1e38a.jpg, 1, 0, 0, 0, 0, 0
frame_165_segment_LEON-4-2-0-0-23-07-2023-mp4_15_30-mp4_jpg.rf.e73c75e24a75f12d4c01603ade0f8463.jpg, 1, 0, 0, 0, 0, 0
frame_405_segment_-21-21-1-0-24-11-2023-mp4_30_45-mp4_jpg.rf.e776143b9acde6897aa351acb03dc215.jpg, 1, 0, 0, 0, 0, 0
frame_135_segment_-21-21-3-2-04-08-2023-mp4_60_75-mp4_jpg.rf.e7971ee3fbe839a9d7445d9f375d112d.jpg, 1, 0, 0, 0, 0, 0
frame_45_segment_-1-0-02-12-2023-mp4_60_75-mp4_jpg.rf.e7b8cad3e4a646acdf42d58d6bac59d3.jpg, 1, 0, 0, 0, 0, 0
frame_255_segment_FONBET-0-0-20-09-2023-mp4_15_30-mp4_jpg.rf.e835f5a227d95c5f790ecc911b26a71e.jpg, 1, 0, 0, 0, 0, 0
frame_405_segment_-3-1-26-11-2023-mp4_0_15-mp4_jpg.rf.e82ed7875a5680a52474bf4960e2431c.jpg, 1, 0, 0, 0, 0, 0
frame_405_segment_-0-1-02-09-2023-mp4_15_30-mp4_jpg.rf.e85a3e313206acf60f3e62952eefd8c7.jpg, 1, 0, 0, 0, 0, 0
frame_315_segment_-0-0-29-07-2023-mp4_30_45-mp4_jpg.rf.e8d8f22d767b92ed9b662eff83b588fa.jpg, 1, 0, 0, 0, 0, 0
frame_315_segment_-2-1-22-07-2023-mp4_60_73-7-mp4_jpg.rf.e8c62f41eaeea141885d185f94fc1c21.jpg, 1, 0, 0, 0, 0, 0
frame_255_segment_-0-0-17-09-2023-mp4_0_15-mp4_jpg.rf.e84076418ef7a7b9b14737983bd17332.jpg, 1, 0, 0, 0, 0, 0
frame_165_segment_-21-21-1-0-24-11-2023-mp4_15_30-mp4_jpg.rf.e95de4b3ee27c9b1512adc7853f89fe8.jpg, 1, 0, 0, 0, 0, 0
frame_210_segment_-0-1-06-11-2023-mp4_15_30-mp4_jpg.rf.e91994eca27fb0ea3a7d10209d77b326.jpg, 1, 0, 0, 0, 0, 0
frame_150_segment_-2-0-24-09-2023-mp4_45_60-mp4_jpg.rf.e9711ebfabc843c30698e6bfee5e0a37.jpg, 1, 0, 0, 0, 0, 0
frame_240_segment_-2-1-22-07-2023-mp4_45_60-mp4_jpg.rf.e93ee21f2eb7cabf4b07c4039680827f.jpg, 1, 0, 0, 0, 0, 0
frame_390_segment_-2-2-29-09-2023-mp4_90_105-mp4_jpg.rf.e998b58819f7a07658b64500eefd58c0.jpg, 1, 0, 0, 0, 0, 0
frame_75_segment_FONBET-2-0-03-10-2023-mp4_0_15-mp4_jpg.rf.e996c5572a779fdc0c17d27e618457d4.jpg, 1, 0, 0, 0, 0, 0
frame_195_segment_-2-0-24-09-2023-mp4_75_90-mp4_jpg.rf.e9a2ebe6592f4d96b20a00eb0faa8636.jpg, 1, 0, 0, 0, 0, 0
frame_285_segment_FONBET-0-0-20-09-2023-mp4_0_15-mp4_jpg.rf.e9a70759c0f2ccdcdb50f0cbd6e0154c.jpg, 1, 0, 0, 0, 0, 0
frame_420_segment_-21-21-2-0-15-09-2023-mp4_75_90-mp4_jpg.rf.e9b3c4433bb888e73081db9170bb686d.jpg, 1, 0, 0, 0, 0, 0
frame_210_segment_-2-1-22-07-2023-mp4_105_120-mp4_jpg.rf.e9be636d13db23c9861651a6bfdaa4a9.jpg, 1, 0, 0, 0, 0, 0
frame_150_segment_LEON-4-2-2-2-3-28-08-2023-mp4_15_30-mp4_jpg.rf.e9c9c9f93284b9322b42423dfc1bccf9.jpg, 1, 0, 0, 0, 0, 0
frame_405_segment_-0-1-02-09-2023-mp4_150_165-mp4_jpg.rf.e9b79975335bf0e0cef323ae822f9d18.jpg, 1, 0, 0, 0, 0, 0
frame_225_segment_FONBET-2-1-02-11-2023-mp4_15_30-mp4_jpg.rf.e9d9371cb857a0a2c05b01a06bc542dd.jpg, 0, 0, 0, 0, 0, 1
frame_300_segment_-0-2-05-08-2023-mp4_30_45-mp4_jpg.rf.e9f33149920700717e169e2b25c51121.jpg, 1, 0, 0, 0, 0, 0
frame_210_segment_-3-1-26-11-2023-mp4_60_75-mp4_jpg.rf.ea1c63c90d40483710d3c28fec6eb3d6.jpg, 1, 0, 0, 0, 0, 0
frame_405_segment_FONBET-2-1-25-07-2023-mp4_90_105-mp4_jpg.rf.e9f24d3d57c3d67bc7125bdcaec2508b.jpg, 1, 0, 0, 0, 0, 0
frame_135_segment_-21-21-1-0-24-11-2023-mp4_0_15-mp4_jpg.rf.ea2bd8e85e06806012aaf20143d92671.jpg, 1, 0, 0, 0, 0, 0
frame_270_segment_-2-0-24-09-2023-mp4_45_60-mp4_jpg.rf.ea274bb79b6dc00a5f01081e831eceab.jpg, 1, 0, 0, 0, 0, 0
frame_240_segment_-1-0-02-12-2023-mp4_15_30-mp4_jpg.rf.ea3cf969e7d08803a658705fa51201d9.jpg, 0, 0, 0, 0, 1, 0
frame_45_segment_-21-21-2-0-15-09-2023-mp4_90_105-mp4_jpg.rf.ea4f247b7ef5d09f63d891d83fda0cab.jpg, 1, 0, 0, 0, 0, 0
frame_210_segment_-2-1-22-07-2023-mp4_0_15-mp4_jpg.rf.ea5c785236fc848367cdc44b9193edc7.jpg, 1, 0, 0, 0, 0, 0
frame_360_segment_-21-21-3-2-04-08-2023-mp4_15_30-mp4_jpg.rf.ea587c1bd17eac41d42a113912cbe720.jpg, 1, 0, 0, 0, 0, 0
frame_210_segment_-2-0-24-09-2023-mp4_30_45-mp4_jpg.rf.ea6c7549d92dd7156627de74ccc270d8.jpg, 1, 0, 0, 0, 0, 0
frame_255_segment_-0-1-06-11-2023-mp4_0_15-mp4_jpg.rf.ea77ec3d7b664657e3aaf07510f551aa.jpg, 0, 0, 0, 0, 1, 0
frame_240_segment_-0-1-02-09-2023-mp4_0_15-mp4_jpg.rf.ea7af9242cfb10b79ff8fd30160cd75e.jpg, 1, 0, 0, 0, 0, 0
frame_255_segment_-2-2-29-09-2023-mp4_90_105-mp4_jpg.rf.eabd6568d0ec092a1b59bb6f2ceba365.jpg, 0, 0, 0, 0, 1, 0
frame_330_segment_LEON-4-2-2-3-06-08-2023-mp4_15_30-mp4_jpg.rf.ea98376a48ddeeccb3b57516179b5f5b.jpg, 1, 0, 0, 0, 0, 0
frame_375_segment_-21-21-0-2-01-12-2023-mp4_15_30-mp4_jpg.rf.eac6fd4b1d9ef3ebc99fc36dd0f0fe80.jpg, 1, 0, 0, 0, 0, 0
frame_165_segment_-21-21-2-0-15-09-2023-mp4_90_105-mp4_jpg.rf.eae93af9b7b14d43a4afdd60784d1fd7.jpg, 1, 0, 0, 0, 0, 0
frame_180_segment_-21-21-1-0-24-11-2023-mp4_30_45-mp4_jpg.rf.eb267e432c3e74ca24ec56eeecc393e7.jpg, 1, 0, 0, 0, 0, 0
frame_180_segment_-2-2-29-09-2023-mp4_150_165-mp4_jpg.rf.eb2cedb6f2348ba2d1640c1a6809acd0.jpg, 0, 0, 0, 0, 0, 1
frame_300_segment_LEON-4-2-3-1-17-09-2023-mp4_30_45-mp4_jpg.rf.eb31163e88aee68c92b8025c8aae2d8f.jpg, 0, 0, 0, 0, 1, 0
frame_285_segment_-4-0-26-08-2023-mp4_30_45-mp4_jpg.rf.eb6941b8bcd90c0d399d61e3a9707d4b.jpg, 1, 0, 0, 0, 0, 0
frame_210_segment_-21-21-0-6-20-10-2023-mp4_0_15-mp4_jpg.rf.eb3a1e1f3bc80f3da36ca66496c89486.jpg, 1, 0, 0, 0, 0, 0
frame_15_segment_-0-1-02-09-2023-mp4_60_75-mp4_jpg.rf.eb37608577ce7af27627fb10773ac723.jpg, 1, 0, 0, 0, 0, 0
frame_210_segment_-0-1-19-08-2023-mp4_15_30-mp4_jpg.rf.eb7e1fc6dd3f88ff93f425eba31ae212.jpg, 1, 0, 0, 0, 0, 0
frame_315_segment_FONBET-2-1-25-07-2023-mp4_0_15-mp4_jpg.rf.eba04eec489a32d5b0c7fed23058b4e3.jpg, 1, 0, 0, 0, 0, 0
frame_120_segment_-3-1-11-11-2023-mp4_15_30-mp4_jpg.rf.ec245dfb9073892ce5ad0e9027bf9518.jpg, 1, 0, 0, 0, 0, 0
frame_45_segment_-21-21-3-2-04-08-2023-mp4_15_30-mp4_jpg.rf.ec53faf42cab597eb1fa88b6ebc29a28.jpg, 1, 0, 0, 0, 0, 0
frame_390_segment_undefined-2-2-1-0-28-10-2023-mp4_0_15-mp4_jpg.rf.ec5c8129582ec357d3ac959722f1aa1f.jpg, 1, 0, 0, 0, 0, 0
frame_390_segment_-0-1-19-08-2023-mp4_60_75-mp4_jpg.rf.ec7cc2e8671e32074ea3f2fac385458d.jpg, 1, 0, 0, 0, 0, 0
frame_165_segment_-2-0-08-12-2023-mp4_0_15-mp4_jpg.rf.ec6c30770cab039e689d2fe659992f47.jpg, 1, 0, 0, 0, 0, 0
frame_300_segment_FONBET-2-1-29-08-2023-mp4_45_60-mp4_jpg.rf.ecb4bc5ede1307493384ef1ffa0de5e6.jpg, 0, 0, 0, 0, 1, 0
frame_375_segment_FONBET-0-0-20-09-2023-mp4_30_45-mp4_jpg.rf.ec9032d54a0c53133adc39f1928c7dba.jpg, 1, 0, 0, 0, 0, 0
frame_105_segment_-0-1-02-09-2023-mp4_75_90-mp4_jpg.rf.ecb5601496ff1baf3247e21ec34c1e67.jpg, 1, 0, 0, 0, 0, 0
frame_315_segment_-0-1-02-09-2023-mp4_30_45-mp4_jpg.rf.38b236f380be29290ac31b6860d9e45c.jpg, 1, 0, 0, 0, 0, 0
frame_30_segment_-0-1-02-09-2023-mp4_150_165-mp4_jpg.rf.393bf179cfbad8e97ee590c371a213d4.jpg, 1, 0, 0, 0, 0, 0
frame_45_segment_LEON-4-2-0-1-08-10-2023-mp4_0_15-mp4_jpg.rf.399400f836fdb3bc8a0480c4273c03b2.jpg, 1, 0, 0, 0, 0, 0
frame_45_segment_-21-21-2-0-15-09-2023-mp4_30_45-mp4_jpg.rf.39a7456259ea772726106cb7913b10c5.jpg, 1, 0, 0, 0, 0, 0
frame_330_segment_LEON-4-2-2-2-3-28-08-2023-mp4_0_15-mp4_jpg.rf.39ecedac39c2a4003468f35df9b044c0.jpg, 1, 0, 0, 0, 0, 0
frame_165_segment_FONBET-0-0-20-09-2023-mp4_120_135-mp4_jpg.rf.3aba950e514f75ec602ff15b0a8c2d4f.jpg, 1, 0, 0, 0, 0, 0
frame_0_segment_-21-21-2-2-10-08-2023-mp4_75_90-mp4_jpg.rf.3897fd9d77136923423f4b9c42dcdd9a.jpg, 1, 0, 0, 0, 0, 0
frame_420_segment_-2-2-29-09-2023-mp4_120_135-mp4_jpg.rf.39ef3606789082c538bca2a4971d749f.jpg, 1, 0, 0, 0, 0, 0
frame_270_segment_-4-0-26-08-2023-mp4_60_75-mp4_jpg.rf.394dfe1a348eda517b9b93a3d7196df0.jpg, 1, 0, 0, 0, 0, 0
frame_390_segment_-4-0-26-08-2023-mp4_45_60-mp4_jpg.rf.38e695bd5d999dfe0e219d01f5d99a09.jpg, 1, 0, 0, 0, 0, 0
frame_150_segment_FONBET-0-0-20-09-2023-mp4_15_30-mp4_jpg.rf.38bdfb6a717da6d925d71351b2bc2c14.jpg, 1, 0, 0, 0, 0, 0
frame_105_segment_LEON-4-2-0-0-15-10-2023-mp4_0_15-mp4_jpg.rf.38bd7c730005a188b13bf5aae27db4a8.jpg, 1, 0, 0, 0, 0, 0
frame_255_segment_-0-0-29-07-2023-mp4_30_45-mp4_jpg.rf.3990170cccfbdff7e1d19b460a8b029e.jpg, 1, 0, 0, 0, 0, 0
frame_360_segment_-3-1-26-11-2023-mp4_105_120-mp4_jpg.rf.39edf598a9ebd783b6984330231fe8d8.jpg, 0, 0, 0, 0, 1, 0
frame_330_segment_LEON-4-2-2-1-1-12-11-2023-mp4_75_90-mp4_jpg.rf.3975e1f370c355dc5964a2a2c29abdca.jpg, 0, 0, 0, 0, 1, 0
frame_405_segment_FONBET-0-0-20-09-2023-mp4_90_105-mp4_jpg.rf.39519b8b2b6e6db1ca5c728a5578652a.jpg, 1, 0, 0, 0, 0, 0
frame_180_segment_-0-0-17-09-2023-mp4_180_195-mp4_jpg.rf.397d44fdafc646a79994044034d2c704.jpg, 1, 0, 0, 0, 0, 0
frame_285_segment_-2-1-29-10-2023-mp4_30_45-mp4_jpg.rf.3995dd16317645d6d50e867aacd64103.jpg, 1, 0, 0, 0, 0, 0
frame_180_segment_-1-0-02-12-2023-mp4_45_60-mp4_jpg.rf.389056fca26cff648bbb00a9a8fd1e2d.jpg, 1, 0, 0, 0, 0, 0
frame_390_segment_-2-1-22-07-2023-mp4_30_45-mp4_jpg.rf.3acdc5b8a44b2ad8cf2fcd964f91b897.jpg, 0, 0, 0, 0, 1, 0
frame_30_segment_LEON-4-2-1-3-01-10-2023-mp4_45_60-mp4_jpg.rf.3b1a912a5d785a29b65f9357dd3bb438.jpg, 1, 0, 0, 0, 0, 0
frame_165_segment_-3-1-11-11-2023-mp4_0_15-mp4_jpg.rf.38fa9f7deda310e9f169cfb317896888.jpg, 1, 0, 0, 0, 0, 0
frame_390_segment_LEON-4-2-2-1-1-16-07-2023-mp4_15_30-mp4_jpg.rf.3988c13b00424bfa96d068d12a3aa770.jpg, 0, 0, 0, 0, 1, 0
frame_165_segment_LEON-4-2-0-1-08-10-2023-mp4_0_15-mp4_jpg.rf.3a9b4ef05f3de223a95beaa5735991fd.jpg, 1, 0, 0, 0, 0, 0
frame_180_segment_-2-2-29-09-2023-mp4_0_15-mp4_jpg.rf.38698dadfa96e4d2df5122a1cc131e94.jpg, 1, 0, 0, 0, 0, 0
frame_435_segment_-1-0-02-12-2023-mp4_30_45-mp4_jpg.rf.3b0dd1bce65285310371d3181b11bf44.jpg, 1, 0, 0, 0, 0, 0
frame_210_segment_-21-21-3-2-04-08-2023-mp4_0_15-mp4_jpg.rf.39b68fd677cfda76ea19f99b7f941da2.jpg, 1, 0, 0, 0, 0, 0
frame_150_segment_-3-1-26-11-2023-mp4_75_90-mp4_jpg.rf.3b1124c664cb30806a711b5834e7e6c6.jpg, 1, 0, 0, 0, 0, 0
frame_405_segment_LEON-4-2-1-3-01-10-2023-mp4_30_45-mp4_jpg.rf.3b34049d8aed2499d96e72ff9996fe8e.jpg, 1, 0, 0, 0, 0, 0
frame_270_segment_FONBET-2-0-03-10-2023-mp4_0_15-mp4_jpg.rf.3b71ac4622904e2bad923f033fa6e01f.jpg, 0, 0, 0, 0, 0, 1
frame_315_segment_-0-0-17-09-2023-mp4_165_180-mp4_jpg.rf.3b9afe58717da432ba63294097e324c3.jpg, 1, 0, 0, 0, 0, 0
frame_225_segment_LEON-4-2-0-1-08-10-2023-mp4_0_15-mp4_jpg.rf.3ba230914ee3e2507afaa78c0e63f3ce.jpg, 0, 0, 0, 0, 0, 1
frame_150_segment_LEON-4-2-3-1-17-09-2023-mp4_75_90-mp4_jpg.rf.3b86159a63ca7b7f35348c41c04e060b.jpg, 1, 0, 0, 0, 0, 0
frame_30_segment_-21-21-1-3-10-11-2023-mp4_15_30-mp4_jpg.rf.3b341a6afa616bda3b0f1799db9b58ea.jpg, 1, 0, 0, 0, 0, 0
frame_435_segment_-21-21-2-2-10-08-2023-mp4_0_15-mp4_jpg.rf.3bba55220bf2f00c21c6bb893a626864.jpg, 1, 0, 0, 0, 0, 0
frame_240_segment_-1-0-02-12-2023-mp4_45_60-mp4_jpg.rf.3bad919aad8a38d4b4e6ab363d511b7c.jpg, 1, 0, 0, 0, 0, 0
frame_435_segment_-0-1-02-09-2023-mp4_15_30-mp4_jpg.rf.3ba8cbde32ccdfcd7159ab3933bacb4c.jpg, 1, 0, 0, 0, 0, 0
frame_225_segment_-3-1-11-11-2023-mp4_0_15-mp4_jpg.rf.3bbd44b2f96a23a917c89c88756fcf23.jpg, 1, 0, 0, 0, 0, 0
frame_225_segment_-0-1-19-08-2023-mp4_45_60-mp4_jpg.rf.3c07c11b6b9a7f6b5bb651d36db8d993.jpg, 1, 0, 0, 0, 0, 0
frame_225_segment_-2-1-22-07-2023-mp4_30_45-mp4_jpg.rf.3bf92576aa2eaa19ecd77a891e7c7072.jpg, 0, 0, 0, 0, 0, 1
frame_270_segment_-1-0-02-12-2023-mp4_60_75-mp4_jpg.rf.3bc43aceb321b36d5227fc3dd462814a.jpg, 1, 0, 0, 0, 0, 0
frame_420_segment_LEON-4-2-0-0-23-07-2023-mp4_90_105-mp4_jpg.rf.3c654e231b55d9c5ab8831d4735c7d0f.jpg, 1, 0, 0, 0, 0, 0
frame_405_segment_LEON-4-2-2-1-1-16-07-2023-mp4_90_105-mp4_jpg.rf.3c530a4f0836d1788a172d4a0882812e.jpg, 0, 0, 0, 0, 1, 0
frame_500_segment_-3-2-11-08-2023-mp4_75_90-mp4_jpg.rf.3c459cbb30a1e28f8ed7a4fff817d1f0.jpg, 1, 0, 0, 0, 0, 0
frame_345_segment_FONBET-0-0-20-09-2023-mp4_0_15-mp4_jpg.rf.3c7451fbbc730ae2e8016754619bf397.jpg, 1, 0, 0, 0, 0, 0
frame_525_segment_-3-2-11-08-2023-mp4_90_105-mp4_jpg.rf.3c9c6a4d01adec816af2761c260ce5cc.jpg, 1, 0, 0, 0, 0, 0
frame_180_segment_LEON-4-2-3-1-17-09-2023-mp4_60_75-mp4_jpg.rf.3c67083545fe282ae11f2b1200ad237c.jpg, 1, 0, 0, 0, 0, 0
frame_180_segment_FONBET-2-1-25-07-2023-mp4_45_60-mp4_jpg.rf.3ccef12dae9dd055060407fd142ba061.jpg, 1, 0, 0, 0, 0, 0
frame_675_segment_-0-2-05-08-2023-mp4_60_75-mp4_jpg.rf.3ca6f113ed3eaabcfe3584cbb961227e.jpg, 1, 0, 0, 0, 0, 0
frame_285_segment_-21-21-0-2-01-12-2023-mp4_45_60-mp4_jpg.rf.3d1665004eee0db3ca68db13b4f373c7.jpg, 0, 0, 0, 0, 0, 1
frame_255_segment_FONBET-2-0-03-10-2023-mp4_45_60-mp4_jpg.rf.3d18b61ff00ec21a0b06227c78e4101c.jpg, 1, 0, 0, 0, 0, 0
frame_420_segment_-2-2-29-09-2023-mp4_105_120-mp4_jpg.rf.3ce83f2a8c20cd1effa42e61024b9837.jpg, 1, 0, 0, 0, 0, 0
frame_210_segment_-0-0-29-07-2023-mp4_45_60-mp4_jpg.rf.3cfe9f888b5a953800f11cc66d75a1fd.jpg, 1, 0, 0, 0, 0, 0
frame_435_segment_-0-0-29-07-2023-mp4_15_30-mp4_jpg.rf.3d657e2b1c0f855dc1c58f2e00453fc5.jpg, 0, 0, 0, 0, 0, 1
frame_270_segment_-0-0-17-09-2023-mp4_75_90-mp4_jpg.rf.3ddbb3c450db6047a26a03c9ec5b27b3.jpg, 1, 0, 0, 0, 0, 0
frame_625_segment_-0-2-05-08-2023-mp4_60_75-mp4_jpg.rf.3d4fdf037cbe19f28062f9dde447cea8.jpg, 1, 0, 0, 0, 0, 0
frame_225_segment_-0-0-17-09-2023-mp4_120_135-mp4_jpg.rf.3dbc6efc62fc53ec2bb3be54c2c7e505.jpg, 1, 0, 0, 0, 0, 0
frame_435_segment_-21-21-0-6-20-10-2023-mp4_0_15-mp4_jpg.rf.3dfbb5989f1693a2019ac59e5d4b42fe.jpg, 1, 0, 0, 0, 0, 0
frame_255_segment_-1-0-02-12-2023-mp4_30_45-mp4_jpg.rf.3dff2a4e5f882ed27a419a28e22da088.jpg, 1, 0, 0, 0, 0, 0
frame_180_segment_-0-0-29-07-2023-mp4_0_15-mp4_jpg.rf.3df954ca8a13ff19850ff5ae46340dfa.jpg, 1, 0, 0, 0, 0, 0
frame_120_segment_FONBET-2-0-03-10-2023-mp4_0_15-mp4_jpg.rf.3e07cc69fa37c34c5191018538307a51.jpg, 1, 0, 0, 0, 0, 0
frame_60_segment_-21-21-0-2-01-12-2023-mp4_0_15-mp4_jpg.rf.3e18b57ef869678235e5655e23fbd8db.jpg, 1, 0, 0, 0, 0, 0
frame_330_segment_FONBET-2-1-25-07-2023-mp4_75_90-mp4_jpg.rf.3e32969475ae38792c1244252f86e43e.jpg, 1, 0, 0, 0, 0, 0
frame_345_segment_-0-0-17-09-2023-mp4_30_45-mp4_jpg.rf.3e18c31556d6bb81cc410101785d73db.jpg, 0, 0, 0, 0, 0, 1
frame_435_segment_-3-1-26-11-2023-mp4_75_90-mp4_jpg.rf.3e2f14312b95c73dcad652b519cf4666.jpg, 1, 0, 0, 0, 0, 0
frame_0_segment_-21-21-3-1-03-11-2023-mp4_75_90-mp4_jpg.rf.3ed1fe2b9a708c08ee5f4c32ecadcf3e.jpg, 1, 0, 0, 0, 0, 0
frame_255_segment_-0-1-19-08-2023-mp4_15_30-mp4_jpg.rf.3e8794200e0704b695c82306d71f9e1c.jpg, 1, 0, 0, 0, 0, 0
frame_345_segment_-0-0-29-07-2023-mp4_30_45-mp4_jpg.rf.3e9057e4f615988caa9f936bf20d8c82.jpg, 1, 0, 0, 0, 0, 0
frame_435_segment_-21-21-2-2-10-08-2023-mp4_45_60-mp4_jpg.rf.3e957621aad2356e9fd9b4d6b5aedb80.jpg, 1, 0, 0, 0, 0, 0
frame_195_segment_-3-1-11-11-2023-mp4_0_15-mp4_jpg.rf.3ed84b22b4d3363f45fbd43ba242e5aa.jpg, 1, 0, 0, 0, 0, 0
frame_210_segment_-2-0-24-09-2023-mp4_30_45-mp4_jpg.rf.3f15c3ce50265a3541aeffa0470198aa.jpg, 1, 0, 0, 0, 0, 0
frame_345_segment_-2-0-24-09-2023-mp4_30_45-mp4_jpg.rf.3ef2195f6fce294b14008029e9ee4354.jpg, 1, 0, 0, 0, 0, 0
frame_345_segment_-0-0-29-07-2023-mp4_30_45-mp4_jpg.rf.3ef854cb9425ef31f7ca25d224e16296.jpg, 1, 0, 0, 0, 0, 0
frame_405_segment_-21-21-3-2-04-08-2023-mp4_30_45-mp4_jpg.rf.3f25088e036a7bc3d93c6c1d26b405c1.jpg, 1, 0, 0, 0, 0, 0
frame_315_segment_-0-1-02-09-2023-mp4_0_15-mp4_jpg.rf.3f45d36269c5f70b1849438774a98c8b.jpg, 1, 0, 0, 0, 0, 0
frame_360_segment_FONBET-2-1-29-08-2023-mp4_75_90-mp4_jpg.rf.3f221433ebb959e7b7cd4b386f46bb6b.jpg, 1, 0, 0, 0, 0, 0
frame_195_segment_-4-0-26-08-2023-mp4_0_15-mp4_jpg.rf.3f26eeef874bddc8f849388514c010eb.jpg, 1, 0, 0, 0, 0, 0
frame_0_segment_-0-2-05-08-2023-mp4_75_90-mp4_jpg.rf.3f7a51020f4d1aea2b2c1a823592e71b.jpg, 1, 0, 0, 0, 0, 0
frame_180_segment_FONBET-0-0-20-09-2023-mp4_75_90-mp4_jpg.rf.3f53ebdc2310c9511f6bec8fd85c965f.jpg, 1, 0, 0, 0, 0, 0
frame_300_segment_LEON-4-2-0-0-23-07-2023-mp4_0_15-mp4_jpg.rf.3f89702a3495ff717b710e1577c03e35.jpg, 1, 0, 0, 0, 0, 0
frame_300_segment_LEON-4-2-3-1-17-09-2023-mp4_0_15-mp4_jpg.rf.3f5ebd4054c0bd588189c99e1807af7b.jpg, 1, 0, 0, 0, 0, 0
frame_90_segment_-21-21-2-0-15-09-2023-mp4_30_45-mp4_jpg.rf.3f8ee3e9371837531c7631e7038f60f8.jpg, 1, 0, 0, 0, 0, 0
frame_345_segment_-2-2-29-09-2023-mp4_0_15-mp4_jpg.rf.3fa144a350f7cc20d4435c3661ea10f6.jpg, 1, 0, 0, 0, 0, 0
frame_0_segment_FONBET-2-1-25-07-2023-mp4_90_105-mp4_jpg.rf.3fb3bbd8f6cfe1f159309a9d086d37ae.jpg, 1, 0, 0, 0, 0, 0
frame_360_segment_-4-0-26-08-2023-mp4_60_75-mp4_jpg.rf.40128179213716062a2fca5104f1896a.jpg, 0, 0, 0, 0, 0, 1
frame_150_segment_FONBET-2-1-02-11-2023-mp4_45_60-mp4_jpg.rf.4012ff465cb89757859befd3b9ba30f8.jpg, 1, 0, 0, 0, 0, 0
frame_240_segment_-3-1-11-11-2023-mp4_0_15-mp4_jpg.rf.402d902a49b9583bfa1ecea42e1a1502.jpg, 1, 0, 0, 0, 0, 0
frame_50_segment_-0-2-05-08-2023-mp4_75_90-mp4_jpg.rf.404814829b069ba78cafc90b8c8c9400.jpg, 1, 0, 0, 0, 0, 0
frame_120_segment_LEON-4-2-2-1-1-16-07-2023-mp4_45_60-mp4_jpg.rf.407603661f0862f0dd27fd38d27a3f41.jpg, 1, 0, 0, 0, 0, 0
frame_240_segment_FONBET-0-0-20-09-2023-mp4_15_30-mp4_jpg.rf.40c2be87d52fc972d9a21ca007524374.jpg, 1, 0, 0, 0, 0, 0
frame_270_segment_-21-21-0-2-01-12-2023-mp4_15_30-mp4_jpg.rf.407cbbd2d54ce16f642d4b97b1fbbb61.jpg, 1, 0, 0, 0, 0, 0
frame_135_segment_LEON-4-2-2-1-1-12-11-2023-mp4_30_45-mp4_jpg.rf.40c5dd383806a80d8a4f746325f8dc02.jpg, 1, 0, 0, 0, 0, 0
frame_360_segment_FONBET-2-1-02-11-2023-mp4_45_60-mp4_jpg.rf.40f45a92a9077ee86e326d758e123b97.jpg, 1, 0, 0, 0, 0, 0
frame_150_segment_FONBET-1-0-08-08-2023-mp4_90_105-mp4_jpg.rf.410a3f8eaa3d056cf9fb98c0eda5be66.jpg, 1, 0, 0, 0, 0, 0
frame_420_segment_-21-21-1-3-10-11-2023-mp4_15_30-mp4_jpg.rf.40f7c907ff70a777520da3e5ecfa3dd6.jpg, 0, 0, 0, 0, 1, 0
frame_0_segment_-21-21-0-6-20-10-2023-mp4_0_15-mp4_jpg.rf.40fcfbac37aa606ac616a92ab7d4682b.jpg, 1, 0, 0, 0, 0, 0
frame_75_segment_-1-0-02-12-2023-mp4_30_45-mp4_jpg.rf.410e458cd4c30c8b0e480168f5852a59.jpg, 1, 0, 0, 0, 0, 0
frame_390_segment_FONBET-1-0-08-08-2023-mp4_30_45-mp4_jpg.rf.41712d400568e3f47a8e032de78e612b.jpg, 1, 0, 0, 0, 0, 0
frame_315_segment_FONBET-2-0-03-10-2023-mp4_60_75-mp4_jpg.rf.411e6bf729a350aeb75a17d837b19d32.jpg, 0, 0, 0, 0, 1, 0
frame_105_segment_-0-0-17-09-2023-mp4_30_45-mp4_jpg.rf.413a7fba74c7fa0efdc0e184c4c0ef73.jpg, 0, 0, 0, 0, 0, 1
frame_525_segment_-3-2-11-08-2023-mp4_75_90-mp4_jpg.rf.41721e170468b25429668a9ab1f4bc57.jpg, 1, 0, 0, 0, 0, 0
frame_30_segment_-2-0-08-12-2023-mp4_90_105-mp4_jpg.rf.41fc65e943c6e968b0abb3d956d1550a.jpg, 1, 0, 0, 0, 0, 0
frame_270_segment_-0-1-02-09-2023-mp4_30_45-mp4_jpg.rf.41d4dab376c45dc076d2d81e9fde9e16.jpg, 1, 0, 0, 0, 0, 0
frame_165_segment_-2-0-08-12-2023-mp4_30_45-mp4_jpg.rf.420f586248475af6df1a57071f78fd67.jpg, 1, 0, 0, 0, 0, 0
frame_270_segment_-0-0-29-07-2023-mp4_60_75-mp4_jpg.rf.422bd96353602341b08baf04692f0dc8.jpg, 1, 0, 0, 0, 0, 0
frame_405_segment_-2-2-29-09-2023-mp4_75_90-mp4_jpg.rf.4252c3af6bb669db90f052ecb8f97926.jpg, 0, 0, 0, 0, 0, 1
frame_360_segment_-0-0-17-09-2023-mp4_150_165-mp4_jpg.rf.42487ea0c2f8bdca03205410b9dd80ce.jpg, 0, 0, 0, 0, 0, 1
frame_270_segment_-21-21-1-3-10-11-2023-mp4_0_15-mp4_jpg.rf.4242fa8d4da1816bc4ed87f50493338f.jpg, 1, 0, 0, 0, 0, 0
frame_330_segment_-2-1-22-07-2023-mp4_105_120-mp4_jpg.rf.417eca52a8fcfd52dcc2023a4aaa7817.jpg, 0, 0, 0, 0, 0, 1
frame_270_segment_-0-0-29-07-2023-mp4_150_165-mp4_jpg.rf.425f775b0dbf2f81f0e93018a2617168.jpg, 1, 0, 0, 0, 0, 0
frame_175_segment_-0-2-05-08-2023-mp4_15_30-mp4_jpg.rf.42724155de450439327867814970cccf.jpg, 1, 0, 0, 0, 0, 0
frame_345_segment_-2-1-22-07-2023-mp4_30_45-mp4_jpg.rf.4261abd598d32d4bafd6293dfd9b33ff.jpg, 1, 0, 0, 0, 0, 0
frame_120_segment_FONBET-2-0-03-10-2023-mp4_30_45-mp4_jpg.rf.42868f637d6912a4433695bb0a38ab56.jpg, 1, 0, 0, 0, 0, 0
frame_405_segment_FONBET-2-0-03-10-2023-mp4_60_75-mp4_jpg.rf.42b34b16443c15a015973b17a32be697.jpg, 0, 0, 0, 0, 1, 0
frame_30_segment_-0-1-02-09-2023-mp4_30_45-mp4_jpg.rf.42d9932f83413f5187e901ea2511ddb0.jpg, 1, 0, 0, 0, 0, 0
frame_195_segment_LEON-4-2-2-3-06-08-2023-mp4_15_30-mp4_jpg.rf.4295f0e9b1fb610d1f7e9042d936e09c.jpg, 1, 0, 0, 0, 0, 0
frame_375_segment_-2-0-24-09-2023-mp4_45_60-mp4_jpg.rf.42f575918402198b15b13a5c4fdc3af9.jpg, 1, 0, 0, 0, 0, 0
frame_30_segment_-21-21-3-2-04-08-2023-mp4_0_15-mp4_jpg.rf.4335228dde0a138c812caeb186305db1.jpg, 1, 0, 0, 0, 0, 0
frame_270_segment_-0-1-19-08-2023-mp4_15_30-mp4_jpg.rf.431c676e5458330b282b3dd45d52ba5e.jpg, 1, 0, 0, 0, 0, 0
frame_420_segment_-3-1-26-11-2023-mp4_75_90-mp4_jpg.rf.432d24f248fc9977882ef677cf3d5363.jpg, 1, 0, 0, 0, 0, 0
frame_285_segment_LEON-4-2-3-2-23-09-2023-mp4_15_30-mp4_jpg.rf.431bf935994922c899f9815cb382fb32.jpg, 1, 0, 0, 0, 0, 0
frame_255_segment_-1-0-02-12-2023-mp4_15_30-mp4_jpg.rf.435e2aaf8c23618f8f4e6ef28c255e9e.jpg, 1, 0, 0, 0, 0, 0
frame_195_segment_-0-0-17-09-2023-mp4_195_210-mp4_jpg.rf.4381ee31745f482e2f51a1092d3d090b.jpg, 1, 0, 0, 0, 0, 0
frame_345_segment_LEON-4-2-2-1-1-12-11-2023-mp4_75_90-mp4_jpg.rf.433e7c40a70ac6340104256686c88176.jpg, 0, 0, 0, 0, 1, 0
frame_360_segment_-0-0-17-09-2023-mp4_15_30-mp4_jpg.rf.43cf15c4ba28a80f874d76e15c5edcdc.jpg, 1, 0, 0, 0, 0, 0
frame_120_segment_-21-21-2-3-25-08-2023-mp4_15_30-mp4_jpg.rf.43fd49f74a3ab3aedafcc1f28c1e7a93.jpg, 1, 0, 0, 0, 0, 0
frame_300_segment_FONBET-2-1-25-07-2023-mp4_15_30-mp4_jpg.rf.443531a6926abd1e4831c60cc8ea6e41.jpg, 1, 0, 0, 0, 0, 0
frame_165_segment_LEON-4-2-0-2-13-08-2023-mp4_0_15-mp4_jpg.rf.43f5d5556956a91d323226f74e5954c4.jpg, 1, 0, 0, 0, 0, 0
frame_150_segment_-1-0-02-12-2023-mp4_30_45-mp4_jpg.rf.43d75fc9811dde62b84402c2e995651f.jpg, 1, 0, 0, 0, 0, 0
frame_105_segment_LEON-4-2-0-0-23-07-2023-mp4_30_45-mp4_jpg.rf.444d67eb28014ab79bfaed6f53dacda4.jpg, 1, 0, 0, 0, 0, 0
frame_435_segment_LEON-4-2-2-1-1-12-11-2023-mp4_0_15-mp4_jpg.rf.4459795d314df8db21e30d16052d9d26.jpg, 1, 0, 0, 0, 0, 0
frame_285_segment_-0-0-17-09-2023-mp4_90_105-mp4_jpg.rf.4458c37403faaf6d635cd147f65d26bd.jpg, 1, 0, 0, 0, 0, 0
frame_285_segment_LEON-4-2-3-1-17-09-2023-mp4_120_135-mp4_jpg.rf.44b9b23b87a9fcad5231184389cbdc68.jpg, 1, 0, 0, 0, 0, 0
frame_60_segment_-21-21-2-2-18-08-2023-mp4_15_30-mp4_jpg.rf.450d3d32b8202f534619aa7ee09833fa.jpg, 1, 0, 0, 0, 0, 0
frame_30_segment_-21-21-1-0-24-11-2023-mp4_60_75-mp4_jpg.rf.4522bbf1853e4525958a29255eae5c99.jpg, 1, 0, 0, 0, 0, 0
frame_315_segment_-21-21-2-0-15-09-2023-mp4_15_30-mp4_jpg.rf.451cb33a82ec109787f822790a67507a.jpg, 0, 0, 0, 0, 1, 0
frame_420_segment_LEON-4-2-2-1-1-23-10-2023-mp4_0_15-mp4_jpg.rf.44c0eb6d7643d09fbedecb43fe6e4164.jpg, 1, 0, 0, 0, 0, 0
frame_45_segment_FONBET-2-1-29-08-2023-mp4_15_30-mp4_jpg.rf.453c4d0f59d9644aa694d25dde168e26.jpg, 1, 0, 0, 0, 0, 0
frame_405_segment_FONBET-2-0-03-10-2023-mp4_45_60-mp4_jpg.rf.456230343c72b887425a5220887e3474.jpg, 1, 0, 0, 0, 0, 0
frame_150_segment_-1-0-02-12-2023-mp4_0_15-mp4_jpg.rf.45636c16fd579b13bdc13cb731c7926a.jpg, 1, 0, 0, 0, 0, 0
frame_360_segment_-2-0-08-12-2023-mp4_15_30-mp4_jpg.rf.455ebd1b2f08de11e6a0ebbf3e37f8b0.jpg, 0, 0, 0, 0, 1, 0
frame_275_segment_-0-2-05-08-2023-mp4_0_15-mp4_jpg.rf.45713665f19faa5fa6d1493ca0ecd069.jpg, 1, 0, 0, 0, 0, 0
frame_195_segment_-0-1-06-11-2023-mp4_90_105-mp4_jpg.rf.457f4f119c488b0f85380a7f366994f8.jpg, 1, 0, 0, 0, 0, 0
frame_180_segment_-4-0-26-08-2023-mp4_75_90-mp4_jpg.rf.45ad708b562ab158adab07d0ebabd6d7.jpg, 1, 0, 0, 0, 0, 0
frame_240_segment_-2-2-29-09-2023-mp4_15_30-mp4_jpg.rf.45668252e132e2e3dbaaff6f813efa38.jpg, 1, 0, 0, 0, 0, 0
frame_345_segment_LEON-4-2-3-2-23-09-2023-mp4_30_45-mp4_jpg.rf.464f4d4511d48e19c3eea0b3c1dd9f27.jpg, 1, 0, 0, 0, 0, 0
frame_625_segment_-0-2-05-08-2023-mp4_75_90-mp4_jpg.rf.45c9a79fc397054e1a8a566f094539b7.jpg, 0, 0, 0, 0, 1, 0
frame_255_segment_-0-0-17-09-2023-mp4_15_30-mp4_jpg.rf.4656b7da1125f9d01713ef44ac116ab6.jpg, 1, 0, 0, 0, 0, 0
frame_360_segment_FONBET-1-0-08-08-2023-mp4_90_105-mp4_jpg.rf.4657438eb0bb4b68b0ca04093ae01d84.jpg, 1, 0, 0, 0, 0, 0
frame_180_segment_-0-0-29-07-2023-mp4_90_105-mp4_jpg.rf.4608171cda434d72084368141d6fa88a.jpg, 1, 0, 0, 0, 0, 0
frame_15_segment_-21-21-1-3-10-11-2023-mp4_0_15-mp4_jpg.rf.467099c2cc8500ddaf4e6d6ffffcbf6f.jpg, 1, 0, 0, 0, 0, 0
frame_420_segment_LEON-4-2-3-1-17-09-2023-mp4_0_15-mp4_jpg.rf.46f8c33fdaa5f22ba1a2bd398cc8b5ba.jpg, 0, 0, 0, 0, 1, 0
frame_225_segment_-21-21-2-2-10-08-2023-mp4_45_60-mp4_jpg.rf.467fd65252fb117cc45e0096c445adb9.jpg, 1, 0, 0, 0, 0, 0
frame_420_segment_-21-21-2-2-10-08-2023-mp4_30_45-mp4_jpg.rf.46b70f5696b15778740cc1f9c521bd19.jpg, 1, 0, 0, 0, 0, 0
frame_420_segment_FONBET-0-0-20-09-2023-mp4_135_150-mp4_jpg.rf.470115f9b651b2d7ee651d6e82a68983.jpg, 1, 0, 0, 0, 0, 0
frame_275_segment_-0-2-05-08-2023-mp4_15_30-mp4_jpg.rf.46a63a5994ea3c040e6db3166fb3c5f2.jpg, 1, 0, 0, 0, 0, 0
frame_210_segment_FONBET-0-0-20-09-2023-mp4_45_60-mp4_jpg.rf.46c794b84980f42a9fb80f727e40650a.jpg, 1, 0, 0, 0, 0, 0
frame_210_segment_-0-1-06-11-2023-mp4_105_120-mp4_jpg.rf.470f06aac66c1e1169d1714b48d34de8.jpg, 1, 0, 0, 0, 0, 0
frame_30_segment_LEON-4-2-2-1-1-16-07-2023-mp4_45_60-mp4_jpg.rf.473008d5a5fb97482cab5ac578325f57.jpg, 1, 0, 0, 0, 0, 0
frame_210_segment_-0-0-29-07-2023-mp4_60_75-mp4_jpg.rf.4728c814c760aaee92331f589c47a000.jpg, 1, 0, 0, 0, 0, 0
frame_60_segment_-2-0-24-09-2023-mp4_30_45-mp4_jpg.rf.471e2900a19086f24495f51166cf4e87.jpg, 1, 0, 0, 0, 0, 0
frame_180_segment_-3-1-11-11-2023-mp4_30_45-mp4_jpg.rf.47556d49154ab6908ab44a43564bdb66.jpg, 1, 0, 0, 0, 0, 0
frame_375_segment_-3-2-11-08-2023-mp4_0_15-mp4_jpg.rf.473d500a9729bded8da1a710fce2a008.jpg, 1, 0, 0, 0, 0, 0
frame_210_segment_-0-1-02-09-2023-mp4_45_60-mp4_jpg.rf.4775ffcecd7e078ddb9fd744d56fac97.jpg, 1, 0, 0, 0, 0, 0
frame_300_segment_LEON-4-2-3-1-17-09-2023-mp4_120_135-mp4_jpg.rf.4776dbe3ef2ef345ff85e61409c07dbc.jpg, 1, 0, 0, 0, 0, 0
frame_420_segment_-3-1-26-11-2023-mp4_15_30-mp4_jpg.rf.478c05e821ed1056a271ade13717258a.jpg, 1, 0, 0, 0, 0, 0
frame_165_segment_-21-21-1-0-24-11-2023-mp4_45_60-mp4_jpg.rf.47884d8454215d524c4685c2bd379115.jpg, 1, 0, 0, 0, 0, 0
frame_75_segment_-21-21-2-2-18-08-2023-mp4_30_45-mp4_jpg.rf.47973ebda8d370d339f8bbbd61a5b279.jpg, 1, 0, 0, 0, 0, 0
frame_405_segment_-3-1-26-11-2023-mp4_15_30-mp4_jpg.rf.479c63b6fc4048b4cf963e08923cce81.jpg, 1, 0, 0, 0, 0, 0
frame_420_segment_-2-0-24-09-2023-mp4_60_75-mp4_jpg.rf.47d53588bab8b7af43f4a92aaae7c5b0.jpg, 1, 0, 0, 0, 0, 0
frame_315_segment_-21-21-1-0-24-11-2023-mp4_15_30-mp4_jpg.rf.47a5aef3c403f43f76ee02bbe723e4bc.jpg, 1, 0, 0, 0, 0, 0
frame_405_segment_-0-1-06-11-2023-mp4_30_45-mp4_jpg.rf.47e1fa3b1de0371018bbb642744bfee2.jpg, 0, 0, 0, 0, 1, 0
frame_45_segment_LEON-4-2-3-2-23-09-2023-mp4_0_15-mp4_jpg.rf.47f60972ce48735640bcab23c48bc5c4.jpg, 1, 0, 0, 0, 0, 0
frame_240_segment_FONBET-1-0-08-08-2023-mp4_75_90-mp4_jpg.rf.48026242a4c27d4a82d8d985b60088dc.jpg, 0, 0, 0, 0, 1, 0
frame_350_segment_-3-2-11-08-2023-mp4_15_30-mp4_jpg.rf.47fa275cfa9f96e33598784071f70910.jpg, 1, 0, 0, 0, 0, 0
frame_650_segment_-3-2-11-08-2023-mp4_45_60-mp4_jpg.rf.48342a6ff24b3c2f1343382281a10abe.jpg, 0, 0, 0, 0, 0, 1
frame_330_segment_LEON-4-2-1-3-01-10-2023-mp4_30_45-mp4_jpg.rf.485503e589c30f540ae24752997ff807.jpg, 1, 0, 0, 0, 0, 0
frame_180_segment_FONBET-2-1-25-07-2023-mp4_30_45-mp4_jpg.rf.487c84389d5e4838e22ef461f3922b10.jpg, 1, 0, 0, 0, 0, 0
frame_390_segment_-1-0-02-12-2023-mp4_30_45-mp4_jpg.rf.4882dbdb4750ee65758a25a7f4f39f01.jpg, 1, 0, 0, 0, 0, 0
frame_165_segment_LEON-4-2-0-0-23-07-2023-mp4_75_90-mp4_jpg.rf.48814f678d409e6747529652dad3c21b.jpg, 1, 0, 0, 0, 0, 0
frame_225_segment_-2-1-22-07-2023-mp4_0_15-mp4_jpg.rf.488afd4894ed8a2d10c5fbdf214767c8.jpg, 1, 0, 0, 0, 0, 0
frame_550_segment_-0-2-05-08-2023-mp4_90_105-mp4_jpg.rf.48ac0bd0fada35f10229b8f67a066c21.jpg, 0, 0, 0, 0, 1, 0
frame_345_segment_FONBET-2-1-02-11-2023-mp4_60_75-mp4_jpg.rf.48aaa8479742999aacfcf9bac6011f8b.jpg, 0, 0, 0, 0, 1, 0
frame_225_segment_-2-1-22-07-2023-mp4_30_45-mp4_jpg.rf.489a9f1b103f0467ce3aa0d338e0faf6.jpg, 1, 0, 0, 0, 0, 0
frame_255_segment_-21-21-1-3-10-11-2023-mp4_0_15-mp4_jpg.rf.48abf32254a7d6f1a3f938dcc08b539b.jpg, 1, 0, 0, 0, 0, 0
frame_135_segment_-21-21-2-0-15-09-2023-mp4_60_75-mp4_jpg.rf.4904b48c35223ec3ae1dfe53b9cbf782.jpg, 1, 0, 0, 0, 0, 0
frame_285_segment_-2-1-22-07-2023-mp4_60_73-7-mp4_jpg.rf.48f75cc368011f6544842c717b1c526d.jpg, 0, 0, 0, 0, 1, 0
frame_345_segment_LEON-4-2-2-1-1-12-11-2023-mp4_15_30-mp4_jpg.rf.4927afe6624739965845dd375e8448fc.jpg, 0, 0, 0, 0, 1, 0
frame_150_segment_-21-21-3-2-04-08-2023-mp4_60_75-mp4_jpg.rf.48cea85caaa165f57881a8783f1cedaf.jpg, 1, 0, 0, 0, 0, 0
frame_180_segment_-3-1-11-11-2023-mp4_15_30-mp4_jpg.rf.497e4f0f9bbe8ef004c024f84042ac9e.jpg, 1, 0, 0, 0, 0, 0
frame_375_segment_-0-0-17-09-2023-mp4_90_105-mp4_jpg.rf.4977f72b02da2452fecc927a771ddf32.jpg, 1, 0, 0, 0, 0, 0
frame_375_segment_-0-0-29-07-2023-mp4_60_75-mp4_jpg.rf.49620b124ddf0fb58158ed772673541c.jpg, 1, 0, 0, 0, 0, 0
frame_255_segment_FONBET-2-1-25-07-2023-mp4_75_90-mp4_jpg.rf.496d73c3de548b68e9c956be41ff0e00.jpg, 1, 0, 0, 0, 0, 0
frame_270_segment_FONBET-2-0-03-10-2023-mp4_15_30-mp4_jpg.rf.4980713e78e99c3905126d8310c46809.jpg, 1, 0, 0, 0, 0, 0
frame_270_segment_FONBET-2-0-03-10-2023-mp4_60_75-mp4_jpg.rf.49a1edc8565e8549a93493ae215da91f.jpg, 0, 0, 0, 0, 0, 1
frame_60_segment_LEON-4-2-2-1-1-16-07-2023-mp4_0_15-mp4_jpg.rf.49c79637df1a6550473879d2020258cc.jpg, 1, 0, 0, 0, 0, 0
frame_420_segment_FONBET-0-0-20-09-2023-mp4_60_75-mp4_jpg.rf.49cc80cac56268719f8347f7be09f7f5.jpg, 1, 0, 0, 0, 0, 0
frame_90_segment_-0-1-06-11-2023-mp4_30_45-mp4_jpg.rf.49cd8ac90d8b9631ff8c5cbf63823ce2.jpg, 1, 0, 0, 0, 0, 0
frame_210_segment_FONBET-0-0-20-09-2023-mp4_60_75-mp4_jpg.rf.4a03a2f42b76b7185d833445864b7f7a.jpg, 1, 0, 0, 0, 0, 0
frame_15_segment_-0-0-17-09-2023-mp4_45_60-mp4_jpg.rf.4a082cbaa570bc942442fceaf88ed3fb.jpg, 1, 0, 0, 0, 0, 0
frame_330_segment_-2-2-29-09-2023-mp4_60_75-mp4_jpg.rf.4a2153e4953ea9b5f511613518131ed6.jpg, 0, 0, 0, 0, 0, 1
frame_360_segment_-2-2-29-09-2023-mp4_0_15-mp4_jpg.rf.4a1c910721b1ba152087de16710760f0.jpg, 1, 0, 0, 0, 0, 0
frame_330_segment_-21-21-0-3-29-09-2023-mp4_15_30-mp4_jpg.rf.4a0fcd0af407b274c82d51a8f7b367ec.jpg, 1, 0, 0, 0, 0, 0
frame_500_segment_-0-2-05-08-2023-mp4_60_75-mp4_jpg.rf.4a63f882f384e9977a191f61b9308860.jpg, 1, 0, 0, 0, 0, 0
frame_405_segment_-21-21-5-0-22-09-2023-mp4_0_15-mp4_jpg.rf.4a643bf00ff22c293a5d79ad99f11cba.jpg, 1, 0, 0, 0, 0, 0
frame_225_segment_-21-21-2-0-15-09-2023-mp4_30_45-mp4_jpg.rf.4a651b221ba16e187b6a07d2579b2fbc.jpg, 1, 0, 0, 0, 0, 0
frame_15_segment_-0-0-17-09-2023-mp4_60_75-mp4_jpg.rf.4a7271b0d1bb918b12243bd416eb1f33.jpg, 1, 0, 0, 0, 0, 0
frame_255_segment_FONBET-0-0-20-09-2023-mp4_0_15-mp4_jpg.rf.4aa501bf1fd7ba1651474cbb16ccdd8d.jpg, 1, 0, 0, 0, 0, 0
frame_135_segment_-21-21-3-2-01-09-2023-mp4_30_45-mp4_jpg.rf.4a8878cf20b657ff78f96a7515eb44c7.jpg, 1, 0, 0, 0, 0, 0
frame_300_segment_-0-1-19-08-2023-mp4_30_45-mp4_jpg.rf.4ae7ff321e1c303bb2be73109ebde0e0.jpg, 1, 0, 0, 0, 0, 0
frame_240_segment_-21-21-1-3-10-11-2023-mp4_15_30-mp4_jpg.rf.4acf8deae57de740c9b8ac5b1db44492.jpg, 1, 0, 0, 0, 0, 0
frame_195_segment_-21-21-2-0-15-09-2023-mp4_75_90-mp4_jpg.rf.4b0fbb118bcd308b4d595abbc929cec2.jpg, 1, 0, 0, 0, 0, 0
frame_375_segment_-21-21-1-3-10-11-2023-mp4_0_15-mp4_jpg.rf.4ab0005dd433e96b720c246bf10225d9.jpg, 1, 0, 0, 0, 0, 0
frame_15_segment_-2-2-29-09-2023-mp4_45_60-mp4_jpg.rf.4b954b32dad3240aec2fbf2661105c0d.jpg, 1, 0, 0, 0, 0, 0
frame_300_segment_LEON-4-2-0-0-23-07-2023-mp4_45_60-mp4_jpg.rf.4bc5ec0bc6570cec60ccdd2711806143.jpg, 1, 0, 0, 0, 0, 0
frame_135_segment_-2-0-08-12-2023-mp4_75_90-mp4_jpg.rf.4b4f368a28615a15e2f7e2a55d357412.jpg, 1, 0, 0, 0, 0, 0
frame_375_segment_-0-0-17-09-2023-mp4_60_75-mp4_jpg.rf.4ba0d64d2df8dafe442ca3fccb5380d3.jpg, 0, 0, 0, 0, 1, 0
frame_195_segment_FONBET-2-1-29-08-2023-mp4_60_75-mp4_jpg.rf.4bebd84423aff811661fd48435954462.jpg, 1, 0, 0, 0, 0, 0
frame_330_segment_LEON-4-2-3-2-23-09-2023-mp4_15_30-mp4_jpg.rf.4c0e68cfddd52dbdb173356003c8208c.jpg, 1, 0, 0, 0, 0, 0
frame_315_segment_-21-21-0-3-29-09-2023-mp4_75_90-mp4_jpg.rf.4bc76f3869bf7eed38d2bfe51f5903a2.jpg, 1, 0, 0, 0, 0, 0
frame_435_segment_-21-21-2-0-15-09-2023-mp4_15_30-mp4_jpg.rf.4bed539c95204e7def589e0f99798de1.jpg, 1, 0, 0, 0, 0, 0
frame_345_segment_-2-0-24-09-2023-mp4_0_15-mp4_jpg.rf.4c54a041eab05b1d742f529df555fb5e.jpg, 1, 0, 0, 0, 0, 0
frame_390_segment_-21-21-2-3-25-08-2023-mp4_45_60-mp4_jpg.rf.4c2654e023de0ce95f0586f31a67b393.jpg, 1, 0, 0, 0, 0, 0
frame_420_segment_LEON-4-2-2-1-1-12-11-2023-mp4_15_30-mp4_jpg.rf.4c408462fb72b92bbcd9dc8d5b288459.jpg, 0, 0, 0, 0, 1, 0
frame_315_segment_-3-1-11-11-2023-mp4_30_45-mp4_jpg.rf.4c5c0f9cfd3978cfa694c9c74e4e5662.jpg, 1, 0, 0, 0, 0, 0
frame_390_segment_-0-0-17-09-2023-mp4_15_30-mp4_jpg.rf.4c78ba0d3aed95c56550550cec985a84.jpg, 1, 0, 0, 0, 0, 0
frame_285_segment_LEON-4-2-3-1-17-09-2023-mp4_75_90-mp4_jpg.rf.4cac02fcfc8ac5a55ac64ff236b8e2a5.jpg, 1, 0, 0, 0, 0, 0
frame_165_segment_-3-1-26-11-2023-mp4_0_15-mp4_jpg.rf.4caf7b017932a70eb889ba2ff154d941.jpg, 1, 0, 0, 0, 0, 0
frame_345_segment_LEON-4-2-3-1-17-09-2023-mp4_45_60-mp4_jpg.rf.4cb639d1d8fa207ac2b1c2c065acd46b.jpg, 1, 0, 0, 0, 0, 0
frame_180_segment_LEON-4-2-2-2-3-28-08-2023-mp4_0_15-mp4_jpg.rf.4caf301d1cac5f7e22a87cf42b7ee0e6.jpg, 1, 0, 0, 0, 0, 0
frame_45_segment_LEON-4-2-1-3-01-10-2023-mp4_30_45-mp4_jpg.rf.4ca6dad2ce3839fc5cf767c3f28c819f.jpg, 1, 0, 0, 0, 0, 0
frame_330_segment_-0-1-19-08-2023-mp4_45_60-mp4_jpg.rf.4cd53fd8277aa6da7c7b072ef7aea598.jpg, 0, 0, 0, 0, 1, 0
frame_75_segment_-21-21-3-1-03-11-2023-mp4_15_30-mp4_jpg.rf.4cc0a28014311b64691f927561d862b0.jpg, 1, 0, 0, 0, 0, 0
frame_285_segment_-3-1-26-11-2023-mp4_60_75-mp4_jpg.rf.4cee9867626675142183ead42b0c9cca.jpg, 0, 0, 0, 0, 0, 1
frame_150_segment_LEON-4-2-3-1-17-09-2023-mp4_120_135-mp4_jpg.rf.4d176ff99ff06f646771f879a8f5beb9.jpg, 1, 0, 0, 0, 0, 0
frame_255_segment_LEON-4-2-0-2-13-08-2023-mp4_30_45-mp4_jpg.rf.4d4570aeb19c4222ccdedec2f72d52d3.jpg, 1, 0, 0, 0, 0, 0
frame_330_segment_-0-0-17-09-2023-mp4_60_75-mp4_jpg.rf.4d1347900c1ec14d6e959ba8f56e1dc8.jpg, 1, 0, 0, 0, 0, 0
frame_240_segment_FONBET-2-1-02-11-2023-mp4_15_30-mp4_jpg.rf.4cfc0bbb4b81aafddc971f439894b421.jpg, 0, 0, 0, 0, 1, 0
frame_30_segment_LEON-4-2-0-2-13-08-2023-mp4_0_15-mp4_jpg.rf.4d1dc8d61f16ff7e19e6030f40191060.jpg, 1, 0, 0, 0, 0, 0
frame_60_segment_-2-0-08-12-2023-mp4_30_45-mp4_jpg.rf.4d18766f1b81d226e7c6899054397898.jpg, 1, 0, 0, 0, 0, 0
frame_315_segment_LEON-4-2-3-1-17-09-2023-mp4_30_45-mp4_jpg.rf.4d4f266e7a23f260b6cd5c87ab3ba40e.jpg, 1, 0, 0, 0, 0, 0
frame_390_segment_-21-21-2-2-10-08-2023-mp4_30_45-mp4_jpg.rf.4d8582524d79db7a183826b9a61fd19f.jpg, 1, 0, 0, 0, 0, 0
frame_255_segment_LEON-4-2-3-1-17-09-2023-mp4_75_90-mp4_jpg.rf.4d908d801e5592d9d93f9a847d98a396.jpg, 1, 0, 0, 0, 0, 0
frame_420_segment_FONBET-2-0-03-10-2023-mp4_45_60-mp4_jpg.rf.4dba67427bb592e4839f63efcb4de415.jpg, 1, 0, 0, 0, 0, 0
frame_425_segment_-0-2-05-08-2023-mp4_60_75-mp4_jpg.rf.4dd912c75f2583695e4418390baa3351.jpg, 1, 0, 0, 0, 0, 0
frame_315_segment_LEON-4-2-2-3-06-08-2023-mp4_30_45-mp4_jpg.rf.4e0a308e2584551efa8d70e567c2cb7b.jpg, 1, 0, 0, 0, 0, 0
frame_420_segment_-1-0-02-12-2023-mp4_60_75-mp4_jpg.rf.4e03f17c0b9bb34788b0f170b0f0927c.jpg, 1, 0, 0, 0, 0, 0
frame_315_segment_-2-2-29-09-2023-mp4_45_60-mp4_jpg.rf.4d8bc2f9680c546b4df398f1cbf47e72.jpg, 0, 0, 0, 0, 1, 0
frame_180_segment_-21-21-0-3-29-09-2023-mp4_75_90-mp4_jpg.rf.4eb3e5397f6e4eed727374671e56d790.jpg, 1, 0, 0, 0, 0, 0
frame_375_segment_FONBET-2-1-25-07-2023-mp4_45_60-mp4_jpg.rf.4ed86c071d227e4b58963b5b05376057.jpg, 0, 0, 0, 0, 1, 0
frame_315_segment_FONBET-2-1-02-11-2023-mp4_30_45-mp4_jpg.rf.4ed72e2d5ccee6b898f2d54767e266c4.jpg, 0, 0, 0, 0, 1, 0
frame_15_segment_-21-21-2-2-18-08-2023-mp4_30_45-mp4_jpg.rf.4f174b1f9d353eec0844e0c51bc10cca.jpg, 1, 0, 0, 0, 0, 0
frame_420_segment_LEON-4-2-2-2-3-28-08-2023-mp4_45_60-mp4_jpg.rf.4f16fe3290448c212d5ac36bea0f441f.jpg, 0, 0, 0, 0, 0, 1
frame_210_segment_-2-0-24-09-2023-mp4_0_15-mp4_jpg.rf.4f5511b2611dfbc1263332807613efb2.jpg, 1, 0, 0, 0, 0, 0
frame_150_segment_-2-1-22-07-2023-mp4_60_75-mp4_jpg.rf.4f5d3453c8df0b48cca775be6b7407a9.jpg, 1, 0, 0, 0, 0, 0
frame_435_segment_FONBET-2-1-25-07-2023-mp4_75_90-mp4_jpg.rf.4f4db4ef144dfd06711619f05aac09c7.jpg, 1, 0, 0, 0, 0, 0
frame_45_segment_-4-0-26-08-2023-mp4_15_30-mp4_jpg.rf.4f6814b2a92dbe63b830937a2cca13bd.jpg, 1, 0, 0, 0, 0, 0
frame_270_segment_-0-1-06-11-2023-mp4_15_30-mp4_jpg.rf.4f98f63b3f073435168ad83b55b5618b.jpg, 1, 0, 0, 0, 0, 0
frame_270_segment_FONBET-2-1-25-07-2023-mp4_0_15-mp4_jpg.rf.4fbd13022371339f31eebb0885061ba8.jpg, 0, 0, 0, 0, 0, 1
frame_15_segment_-21-21-0-6-20-10-2023-mp4_15_30-mp4_jpg.rf.501f0ce91511fe8fcd26258a7f2660c4.jpg, 1, 0, 0, 0, 0, 0
frame_195_segment_FONBET-2-1-25-07-2023-mp4_60_75-mp4_jpg.rf.4fe5c619f9e7f9385a68ac66b1a7cbe6.jpg, 1, 0, 0, 0, 0, 0
frame_450_segment_-0-2-05-08-2023-mp4_60_75-mp4_jpg.rf.50599f0cdd6daa58dac788037284312a.jpg, 1, 0, 0, 0, 0, 0
frame_225_segment_-21-21-3-1-03-11-2023-mp4_45_60-mp4_jpg.rf.508a99a768b2847de5dfc22e0fcaac92.jpg, 1, 0, 0, 0, 0, 0
frame_240_segment_-3-1-11-11-2023-mp4_60_75-mp4_jpg.rf.503e5dfdf00c9608e94afc97ac7b1289.jpg, 1, 0, 0, 0, 0, 0
frame_330_segment_-3-1-26-11-2023-mp4_0_15-mp4_jpg.rf.507b274e5ab53a711ffdef200629419b.jpg, 1, 0, 0, 0, 0, 0
frame_330_segment_-0-1-02-09-2023-mp4_135_150-mp4_jpg.rf.509d2a75477dc8cd24bbf0903c100f94.jpg, 1, 0, 0, 0, 0, 0
frame_405_segment_LEON-4-2-0-2-19-08-2023-mp4_15_30-mp4_jpg.rf.50fdef360cec2dda12dc36b39947d9e1.jpg, 0, 0, 0, 0, 1, 0
frame_330_segment_-1-0-02-12-2023-mp4_30_45-mp4_jpg.rf.517f494884829470efd8093038de0c68.jpg, 1, 0, 0, 0, 0, 0
frame_375_segment_-0-0-29-07-2023-mp4_30_45-mp4_jpg.rf.50bd14a183abd19b01c7ec82c773cc41.jpg, 1, 0, 0, 0, 0, 0
frame_165_segment_LEON-4-2-2-1-1-16-07-2023-mp4_0_15-mp4_jpg.rf.515fd37f8e6892649197ea5d0f114400.jpg, 1, 0, 0, 0, 0, 0
frame_420_segment_-21-21-0-6-20-10-2023-mp4_30_45-mp4_jpg.rf.5151653aaee302d807da5e57f21ce962.jpg, 1, 0, 0, 0, 0, 0
frame_300_segment_-0-2-05-08-2023-mp4_90_105-mp4_jpg.rf.518884cd6d389233fdd86cbeb62976e7.jpg, 1, 0, 0, 0, 0, 0
frame_625_segment_-3-2-11-08-2023-mp4_60_75-mp4_jpg.rf.51599e48eb68e5f245714560a2dfb738.jpg, 1, 0, 0, 0, 0, 0
frame_360_segment_LEON-4-2-2-2-3-28-08-2023-mp4_45_60-mp4_jpg.rf.51b7e80b6b943178c5d54ff1238412cd.jpg, 1, 0, 0, 0, 0, 0
frame_300_segment_-3-2-11-08-2023-mp4_105_120-mp4_jpg.rf.5208acfcfac4662c10f4b7fff628a95b.jpg, 1, 0, 0, 0, 0, 0
frame_285_segment_-0-0-17-09-2023-mp4_45_60-mp4_jpg.rf.51c6ebd85f192ebe30360d07fd6ce540.jpg, 1, 0, 0, 0, 0, 0
frame_435_segment_-3-1-11-11-2023-mp4_45_60-mp4_jpg.rf.5197397c5c1acde4b1bf932fd87070d5.jpg, 1, 0, 0, 0, 0, 0
frame_0_segment_LEON-4-2-3-2-23-09-2023-mp4_30_45-mp4_jpg.rf.52558365a686ac22521e6432497119ec.jpg, 0, 0, 0, 0, 1, 0
frame_360_segment_-0-1-02-09-2023-mp4_0_15-mp4_jpg.rf.524c25f0043b56e7c4aba655a11e1a19.jpg, 1, 0, 0, 0, 0, 0
frame_435_segment_LEON-4-2-2-1-1-16-07-2023-mp4_105_120-mp4_jpg.rf.5282cbf2c45ea6ecbf5b5eb6e805886c.jpg, 1, 0, 0, 0, 0, 0
frame_285_segment_-2-0-08-12-2023-mp4_15_30-mp4_jpg.rf.52537ecb5cd162ca910fecf98e134a56.jpg, 0, 0, 0, 0, 1, 0
frame_150_segment_LEON-4-2-3-1-17-09-2023-mp4_0_15-mp4_jpg.rf.52e72eae03f566e81f2d936d1af9b028.jpg, 1, 0, 0, 0, 0, 0
frame_150_segment_-3-2-11-08-2023-mp4_45_60-mp4_jpg.rf.528d1eb3b3cd5105e944ea46f1643e56.jpg, 1, 0, 0, 0, 0, 0
frame_300_segment_FONBET-2-1-29-08-2023-mp4_75_90-mp4_jpg.rf.52dbd7af56dadfb63c079a03359c2810.jpg, 1, 0, 0, 0, 0, 0
frame_45_segment_-0-1-02-09-2023-mp4_150_165-mp4_jpg.rf.52b7e2dc6f006068097bc1d79171d505.jpg, 1, 0, 0, 0, 0, 0
frame_165_segment_LEON-4-2-1-3-01-10-2023-mp4_0_15-mp4_jpg.rf.531ead6f5489f2d301624d51af4b7f15.jpg, 1, 0, 0, 0, 0, 0
frame_345_segment_FONBET-2-1-25-07-2023-mp4_75_90-mp4_jpg.rf.534ad1348033c583540c38ad66f08edc.jpg, 1, 0, 0, 0, 0, 0
frame_105_segment_FONBET-2-1-29-08-2023-mp4_30_45-mp4_jpg.rf.52fe4b46334484ea2447c5ce7ce4adf9.jpg, 1, 0, 0, 0, 0, 0
frame_165_segment_LEON-4-2-3-1-17-09-2023-mp4_90_105-mp4_jpg.rf.52eed49813a76b1bfb816cc4dcbc6052.jpg, 1, 0, 0, 0, 0, 0
frame_345_segment_-21-21-3-2-01-09-2023-mp4_30_45-mp4_jpg.rf.53b98ff67858e3d30a600fe6e2d8ae93.jpg, 1, 0, 0, 0, 0, 0
frame_90_segment_-21-21-2-2-10-08-2023-mp4_15_30-mp4_jpg.rf.53b09f4e309084d1fa3f7a63132641d1.jpg, 1, 0, 0, 0, 0, 0
frame_345_segment_-0-1-02-09-2023-mp4_135_150-mp4_jpg.rf.537f036122bdb686c46cadaf6cb68024.jpg, 1, 0, 0, 0, 0, 0
frame_390_segment_FONBET-2-1-25-07-2023-mp4_45_60-mp4_jpg.rf.538c4738c70c5cf7936b67ca37a956b2.jpg, 1, 0, 0, 0, 0, 0
frame_225_segment_FONBET-2-1-29-08-2023-mp4_90_105-mp4_jpg.rf.5403c52e2ba59f7fbfb467153b495553.jpg, 1, 0, 0, 0, 0, 0
frame_195_segment_-0-0-29-07-2023-mp4_105_120-mp4_jpg.rf.53f88ac1eee134b8b28361510d3bc7fa.jpg, 1, 0, 0, 0, 0, 0
frame_345_segment_LEON-4-2-2-2-3-28-08-2023-mp4_15_30-mp4_jpg.rf.53d5d8916a32c03294810ff07b76b98f.jpg, 1, 0, 0, 0, 0, 0
frame_420_segment_-0-0-17-09-2023-mp4_150_165-mp4_jpg.rf.54114045c249325826d9c3330f2e9c41.jpg, 1, 0, 0, 0, 0, 0
frame_390_segment_-2-0-24-09-2023-mp4_75_90-mp4_jpg.rf.545aacbb53d30c563c7be8d03887c7a2.jpg, 1, 0, 0, 0, 0, 0
frame_135_segment_FONBET-1-0-08-08-2023-mp4_90_105-mp4_jpg.rf.5421e8e9dee38c5c4c551a154dbae692.jpg, 1, 0, 0, 0, 0, 0
frame_240_segment_LEON-4-2-0-2-13-08-2023-mp4_15_30-mp4_jpg.rf.545f4d6148446c457bf20bef4cec1821.jpg, 1, 0, 0, 0, 0, 0
frame_0_segment_-0-1-02-09-2023-mp4_150_165-mp4_jpg.rf.549e1eac6e87f5d4e81c34c1ff34307a.jpg, 0, 0, 1, 0, 0, 0
frame_30_segment_LEON-4-2-2-3-06-08-2023-mp4_30_45-mp4_jpg.rf.54d0a82b9da24b22e9de6a7edc7ef908.jpg, 0, 0, 0, 0, 1, 0
frame_435_segment_-21-21-1-3-10-11-2023-mp4_15_30-mp4_jpg.rf.54a75f29fa77a1a68892b608cb36c1e3.jpg, 1, 0, 0, 0, 0, 0
frame_15_segment_FONBET-2-1-29-08-2023-mp4_15_30-mp4_jpg.rf.54b42da3d3951499ee1ec83582e7c425.jpg, 1, 0, 0, 0, 0, 0
frame_285_segment_-21-21-2-2-10-08-2023-mp4_75_90-mp4_jpg.rf.54bca5cc845e0cfaa269895e6ea5c67e.jpg, 0, 0, 0, 0, 1, 0
frame_135_segment_FONBET-2-1-25-07-2023-mp4_75_90-mp4_jpg.rf.54d14621194ffbe1f018f2944ef485f3.jpg, 1, 0, 0, 0, 0, 0
frame_45_segment_-0-0-29-07-2023-mp4_0_15-mp4_jpg.rf.54e40dc597a91960078bc8b06ce12e72.jpg, 1, 0, 0, 0, 0, 0
frame_375_segment_-2-0-08-12-2023-mp4_75_90-mp4_jpg.rf.54fae2b81caed28cbfc2bc8c2d5edccc.jpg, 1, 0, 0, 0, 0, 0
frame_700_segment_-3-2-11-08-2023-mp4_105_120-mp4_jpg.rf.54ee2b96ff6fb3548681fa0c9db7ae85.jpg, 1, 0, 0, 0, 0, 0
frame_195_segment_-2-1-22-07-2023-mp4_15_30-mp4_jpg.rf.550c7b8ef8e11f3e37459ee53fdf32db.jpg, 1, 0, 0, 0, 0, 0
frame_195_segment_-4-0-26-08-2023-mp4_60_75-mp4_jpg.rf.550b069fb80508cfa1e7bcef9e6b43c6.jpg, 1, 0, 0, 0, 0, 0
frame_210_segment_-2-1-22-07-2023-mp4_15_30-mp4_jpg.rf.551873cf5ecbc135d2d4ceb3e7bfa0b5.jpg, 1, 0, 0, 0, 0, 0
frame_390_segment_-21-21-3-1-03-11-2023-mp4_45_60-mp4_jpg.rf.5546dc0889baeaf3e441e4a8fa9446dc.jpg, 1, 0, 0, 0, 0, 0
frame_240_segment_-2-2-29-09-2023-mp4_105_120-mp4_jpg.rf.55209436a91f9aa6e6b8ef47a51d0d44.jpg, 1, 0, 0, 0, 0, 0
frame_90_segment_LEON-4-2-1-3-01-10-2023-mp4_45_60-mp4_jpg.rf.55a2811cb089a765417280bb8c9849e2.jpg, 1, 0, 0, 0, 0, 0
frame_135_segment_-21-21-0-2-01-12-2023-mp4_15_30-mp4_jpg.rf.551c978c069a65090eb9ea346c8e8348.jpg, 1, 0, 0, 0, 0, 0
frame_60_segment_-21-21-2-0-15-09-2023-mp4_15_30-mp4_jpg.rf.556d22c591977f8dc6e92e112aa2aeac.jpg, 1, 0, 0, 0, 0, 0
frame_0_segment_FONBET-2-1-25-07-2023-mp4_105_120-mp4_jpg.rf.55704c36149f3a7bb322bfd561813dc0.jpg, 0, 0, 0, 1, 0, 0
frame_390_segment_FONBET-2-1-29-08-2023-mp4_90_105-mp4_jpg.rf.55a494cf59ebe46928ac5b283089fff7.jpg, 1, 0, 0, 0, 0, 0
frame_270_segment_-0-0-17-09-2023-mp4_120_135-mp4_jpg.rf.55c48a3d5a1854555196ea9024023120.jpg, 0, 0, 0, 0, 0, 1
frame_285_segment_-0-0-17-09-2023-mp4_60_75-mp4_jpg.rf.55d620a4cf82a4e8e78eeaca4994ca97.jpg, 1, 0, 0, 0, 0, 0
frame_150_segment_-0-0-17-09-2023-mp4_15_30-mp4_jpg.rf.55c2e30bafc802cfa506e14abfeba4f6.jpg, 1, 0, 0, 0, 0, 0
frame_330_segment_-0-0-29-07-2023-mp4_150_165-mp4_jpg.rf.55afbbb4a9bb853fda2ede87c38ac1b2.jpg, 1, 0, 0, 0, 0, 0
frame_360_segment_LEON-4-2-2-3-06-08-2023-mp4_30_45-mp4_jpg.rf.56116d02775a982aeda244e632e4ae19.jpg, 1, 0, 0, 0, 0, 0
frame_375_segment_-2-2-29-09-2023-mp4_60_75-mp4_jpg.rf.55f3d81f69abc62ec63fcf748f99a0aa.jpg, 1, 0, 0, 0, 0, 0
frame_360_segment_-3-1-26-11-2023-mp4_90_105-mp4_jpg.rf.562957aec54f9b078578fa63598d7295.jpg, 1, 0, 0, 0, 0, 0
frame_280_segment_-21-21-2-1-06-10-2023-mp4_0_15-mp4_jpg.rf.55e7d14b4e604dea32da27a88f530468.jpg, 0, 0, 0, 0, 1, 0
frame_435_segment_-2-0-24-09-2023-mp4_0_15-mp4_jpg.rf.55e16b2c8ebba0029efc8b44384bb198.jpg, 1, 0, 0, 0, 0, 0
frame_135_segment_FONBET-0-0-20-09-2023-mp4_0_15-mp4_jpg.rf.5639cebfffb8982ddccc77f526893a25.jpg, 1, 0, 0, 0, 0, 0
frame_255_segment_-21-21-2-2-10-08-2023-mp4_90_105-mp4_jpg.rf.5632ad304fae43d3d2f963c75c7c36c1.jpg, 1, 0, 0, 0, 0, 0
frame_240_segment_LEON-4-2-2-1-1-16-07-2023-mp4_30_45-mp4_jpg.rf.563ddae956ad784e87f299113b025d51.jpg, 0, 0, 0, 0, 1, 0
frame_15_segment_-2-0-24-09-2023-mp4_45_60-mp4_jpg.rf.5669a3ef1d9b4255df69fb4201ec7e69.jpg, 1, 0, 0, 0, 0, 0
frame_435_segment_-21-21-3-1-03-11-2023-mp4_60_75-mp4_jpg.rf.5675f667c7f20f372e8a08334ec56b1e.jpg, 1, 0, 0, 0, 0, 0
frame_224_segment_-21-21-2-1-06-10-2023-mp4_0_15-mp4_jpg.rf.566f9de2db515ddab2046532783ef495.jpg, 1, 0, 0, 0, 0, 0
frame_135_segment_-1-0-02-12-2023-mp4_15_30-mp4_jpg.rf.56722c8fc4f86cf7a5be41cf454bd474.jpg, 1, 0, 0, 0, 0, 0
frame_405_segment_FONBET-0-0-20-09-2023-mp4_15_30-mp4_jpg.rf.569bf333986b20e0f9fcb42c53b5af3f.jpg, 0, 0, 0, 0, 1, 0
frame_75_segment_LEON-4-2-2-1-1-16-07-2023-mp4_30_45-mp4_jpg.rf.56b1200db4d15fc1d18854d599d3fabd.jpg, 1, 0, 0, 0, 0, 0
frame_225_segment_-21-21-2-0-15-09-2023-mp4_75_90-mp4_jpg.rf.56b00313ba95d3b2ccb8f1b3722149a0.jpg, 1, 0, 0, 0, 0, 0
frame_180_segment_LEON-4-2-0-0-23-07-2023-mp4_45_60-mp4_jpg.rf.567a26bbe42c4bf863415dc414539946.jpg, 1, 0, 0, 0, 0, 0
frame_285_segment_-2-2-29-09-2023-mp4_45_60-mp4_jpg.rf.56b5de88d04e72471ff016140a48fc42.jpg, 0, 0, 0, 0, 1, 0
frame_300_segment_-0-2-05-08-2023-mp4_0_15-mp4_jpg.rf.56b5db017f6cb5024dff588d6b40d4f3.jpg, 1, 0, 0, 0, 0, 0
frame_420_segment_LEON-4-2-0-2-19-08-2023-mp4_15_30-mp4_jpg.rf.56df8e6745506c43b63f806fd6bfda1d.jpg, 1, 0, 0, 0, 0, 0
frame_315_segment_FONBET-2-0-03-10-2023-mp4_30_45-mp4_jpg.rf.56e4f995517ba61901d08a7a4cbda38b.jpg, 1, 0, 0, 0, 0, 0
frame_165_segment_-21-21-0-6-20-10-2023-mp4_0_15-mp4_jpg.rf.56e6628b775a9f38d62be298e0f4289b.jpg, 1, 0, 0, 0, 0, 0
frame_420_segment_-2-2-29-09-2023-mp4_90_105-mp4_jpg.rf.56fb92b92dab387998a27c7a374bd422.jpg, 0, 0, 0, 0, 1, 0
frame_285_segment_FONBET-2-1-25-07-2023-mp4_60_75-mp4_jpg.rf.5705c7a1a192181509ef0f1af82d8e23.jpg, 1, 0, 0, 0, 0, 0
frame_0_segment_LEON-4-2-3-2-23-09-2023-mp4_15_30-mp4_jpg.rf.5706a0aeedba556277f18c95dbfbc49d.jpg, 1, 0, 0, 0, 0, 0
frame_270_segment_-3-1-26-11-2023-mp4_0_15-mp4_jpg.rf.576148f54b90b7d19393806f9b270294.jpg, 0, 0, 0, 0, 0, 1
frame_345_segment_FONBET-2-1-29-08-2023-mp4_90_105-mp4_jpg.rf.576cc99361d8f666f0ec7c0f689019cc.jpg, 0, 0, 0, 0, 0, 1
frame_210_segment_FONBET-0-0-20-09-2023-mp4_120_135-mp4_jpg.rf.578241fd7347519d3674013e207bcc29.jpg, 1, 0, 0, 0, 0, 0
frame_315_segment_-21-21-3-2-01-09-2023-mp4_0_15-mp4_jpg.rf.57b1d63d1bb1ed210654314fd3b78a65.jpg, 1, 0, 0, 0, 0, 0
frame_390_segment_-3-1-26-11-2023-mp4_45_60-mp4_jpg.rf.5717454dbecec0fe9a40e49c7d1066e8.jpg, 1, 0, 0, 0, 0, 0
frame_435_segment_-4-0-26-08-2023-mp4_45_60-mp4_jpg.rf.578ffbcdc674d4839033ab43001f1234.jpg, 1, 0, 0, 0, 0, 0
frame_255_segment_-2-1-29-10-2023-mp4_15_30-mp4_jpg.rf.580e185a7b234ebb6548154d0b42be2f.jpg, 0, 0, 0, 0, 0, 1
frame_345_segment_FONBET-0-0-20-09-2023-mp4_45_60-mp4_jpg.rf.57be99bbc7a71c57b8476ee821b2c206.jpg, 1, 0, 0, 0, 0, 0
frame_175_segment_-0-2-05-08-2023-mp4_0_15-mp4_jpg.rf.58118eca60a864542bf32d73d6ec1b74.jpg, 1, 0, 0, 0, 0, 0
frame_330_segment_-0-1-19-08-2023-mp4_45_60-mp4_jpg.rf.5836a88af5cab196c6e4e08f823c2020.jpg, 1, 0, 0, 0, 0, 0
frame_435_segment_-0-0-17-09-2023-mp4_0_15-mp4_jpg.rf.5838c4fc56f0077aaad0a035bbb2eec4.jpg, 1, 0, 0, 0, 0, 0
frame_315_segment_-21-21-1-3-10-11-2023-mp4_45_60-mp4_jpg.rf.58600cde7487642547a932c98483c6d6.jpg, 0, 0, 0, 0, 1, 0
frame_435_segment_-0-1-02-09-2023-mp4_30_45-mp4_jpg.rf.58ad8e162e82ee00c012b916ae40cde3.jpg, 1, 0, 0, 0, 0, 0
frame_315_segment_-2-2-29-09-2023-mp4_60_75-mp4_jpg.rf.5892ef4dcc5d7ef6bfd304dd1ed777dd.jpg, 1, 0, 0, 0, 0, 0
frame_225_segment_-3-2-11-08-2023-mp4_30_45-mp4_jpg.rf.58c828152590e71adba91c94284c4dab.jpg, 1, 0, 0, 0, 0, 0
frame_330_segment_-21-21-3-1-03-11-2023-mp4_60_75-mp4_jpg.rf.5881012d7af892188efc65e8cbd4c8a4.jpg, 1, 0, 0, 0, 0, 0
frame_90_segment_FONBET-2-1-29-08-2023-mp4_0_15-mp4_jpg.rf.58fb1c6993d7a9763ec57f40c783a450.jpg, 1, 0, 0, 0, 0, 0
frame_390_segment_-21-21-0-2-01-12-2023-mp4_0_15-mp4_jpg.rf.58d474d82be02b9fd6005b4566f52efc.jpg, 0, 0, 0, 0, 1, 0
frame_375_segment_-2-0-08-12-2023-mp4_0_15-mp4_jpg.rf.5966f4aa072866a62e6f03a2f11960ca.jpg, 0, 0, 0, 0, 1, 0
frame_255_segment_-21-21-0-6-20-10-2023-mp4_15_30-mp4_jpg.rf.593b8e359248c7a75fd8a64f8b70a3a5.jpg, 1, 0, 0, 0, 0, 0
frame_255_segment_-1-0-02-12-2023-mp4_60_75-mp4_jpg.rf.596ded2ea8ad550f85a9bf1b5ef80a5c.jpg, 1, 0, 0, 0, 0, 0
frame_15_segment_-1-0-02-12-2023-mp4_45_60-mp4_jpg.rf.59d4ed43685d73d847dc1912b0a47d45.jpg, 1, 0, 0, 0, 0, 0
frame_225_segment_-2-2-29-09-2023-mp4_60_75-mp4_jpg.rf.5969e2739381a4d369efd2c496fbfa7c.jpg, 1, 0, 0, 0, 0, 0
frame_330_segment_-3-1-26-11-2023-mp4_90_105-mp4_jpg.rf.59dd283da0be33e8602434f04d511c8d.jpg, 1, 0, 0, 0, 0, 0
frame_195_segment_-0-1-02-09-2023-mp4_120_135-mp4_jpg.rf.59e8675453d0730b65bcc7620176f777.jpg, 1, 0, 0, 0, 0, 0
frame_435_segment_-0-0-17-09-2023-mp4_120_135-mp4_jpg.rf.59ecf0615afa64ca24af464447a36b65.jpg, 0, 0, 0, 0, 0, 1
frame_285_segment_LEON-4-2-1-3-01-10-2023-mp4_30_45-mp4_jpg.rf.59e1ae54bb58f07908f3f4e1b53fec6d.jpg, 1, 0, 0, 0, 0, 0
frame_300_segment_-3-2-11-08-2023-mp4_15_30-mp4_jpg.rf.5a3eb8a293ca62bbc0f5666b354649e8.jpg, 1, 0, 0, 0, 0, 0
frame_150_segment_LEON-4-2-0-0-23-07-2023-mp4_0_15-mp4_jpg.rf.5a335ef95561071b314255b39da8344a.jpg, 1, 0, 0, 0, 0, 0
frame_135_segment_LEON-4-2-3-1-17-09-2023-mp4_60_75-mp4_jpg.rf.5a052670fd59cb1a441be9bae4e26078.jpg, 1, 0, 0, 0, 0, 0
frame_195_segment_-2-2-29-09-2023-mp4_135_150-mp4_jpg.rf.5a259d2ff86423ae6151ea5ef59a498d.jpg, 1, 0, 0, 0, 0, 0
frame_300_segment_FONBET-2-1-02-11-2023-mp4_30_45-mp4_jpg.rf.59fb154195c629098b53bd6018ec50d1.jpg, 1, 0, 0, 0, 0, 0
frame_195_segment_FONBET-2-1-25-07-2023-mp4_105_120-mp4_jpg.rf.5ab76601427b7bc5fda1af2844563ee6.jpg, 1, 0, 0, 0, 0, 0
frame_240_segment_-2-0-08-12-2023-mp4_0_15-mp4_jpg.rf.5a5c6e11d297857f0c474276e85ae086.jpg, 1, 0, 0, 0, 0, 0
frame_150_segment_-0-1-19-08-2023-mp4_45_60-mp4_jpg.rf.5a702537f568c9e017b3d9a829d31093.jpg, 1, 0, 0, 0, 0, 0
frame_210_segment_-21-21-2-2-10-08-2023-mp4_0_15-mp4_jpg.rf.5a9cf76dc5fe4a39ae2061d6a0bad73d.jpg, 1, 0, 0, 0, 0, 0
frame_210_segment_-0-1-19-08-2023-mp4_0_15-mp4_jpg.rf.5aef3fe2b3549cc47b759bc43eb7856a.jpg, 1, 0, 0, 0, 0, 0
frame_180_segment_LEON-4-2-2-1-1-12-11-2023-mp4_75_90-mp4_jpg.rf.5aeb0da1ac2ac12b7778008a5a6e26c7.jpg, 1, 0, 0, 0, 0, 0
frame_180_segment_-0-0-17-09-2023-mp4_60_75-mp4_jpg.rf.5b4bc1e08d3451ba0e20a6a57c36f755.jpg, 1, 0, 0, 0, 0, 0
frame_30_segment_FONBET-2-1-25-07-2023-mp4_0_15-mp4_jpg.rf.5b4a0b85bb82a979d82b85be8fe3733b.jpg, 1, 0, 0, 0, 0, 0
frame_240_segment_FONBET-0-0-20-09-2023-mp4_30_45-mp4_jpg.rf.5aeb49263a3d0b8f85461d45c438d31e.jpg, 1, 0, 0, 0, 0, 0
frame_15_segment_-3-1-11-11-2023-mp4_15_30-mp4_jpg.rf.5aea58c06d02c80acb7636222fa5160e.jpg, 1, 0, 0, 0, 0, 0
frame_165_segment_-4-0-26-08-2023-mp4_0_15-mp4_jpg.rf.5b2fcffad9540676fde5f0883821453a.jpg, 1, 0, 0, 0, 0, 0
frame_360_segment_FONBET-2-1-25-07-2023-mp4_120_132-14-mp4_jpg.rf.5b56fff180fffc73f5e282e37fb889bd.jpg, 1, 0, 0, 0, 0, 0
frame_390_segment_-21-21-0-3-29-09-2023-mp4_15_30-mp4_jpg.rf.5b5758ddcba946b45a4e45917261e412.jpg, 1, 0, 0, 0, 0, 0
frame_120_segment_-0-0-17-09-2023-mp4_0_15-mp4_jpg.rf.5b7a0fc4da15419cb17daa4f37494ed9.jpg, 1, 0, 0, 0, 0, 0
frame_105_segment_-21-21-5-0-22-09-2023-mp4_0_15-mp4_jpg.rf.5b689d866a9d75ba4f2c6bc0c0d87c87.jpg, 1, 0, 0, 0, 0, 0
frame_575_segment_-0-2-05-08-2023-mp4_0_15-mp4_jpg.rf.5b69e1150aaa8a30dafb4cf430fb4e05.jpg, 1, 0, 0, 0, 0, 0
frame_315_segment_FONBET-2-1-29-08-2023-mp4_60_75-mp4_jpg.rf.5b82468ee5ca3b1fdc355483f9ce118c.jpg, 0, 0, 0, 0, 1, 0
frame_255_segment_LEON-4-2-2-1-1-12-11-2023-mp4_15_30-mp4_jpg.rf.5b833896dd0ef486b57b2802e2684570.jpg, 1, 0, 0, 0, 0, 0
frame_210_segment_FONBET-2-1-25-07-2023-mp4_15_30-mp4_jpg.rf.5b97e84c80b0add745c1c68f60ea04b6.jpg, 1, 0, 0, 0, 0, 0
frame_210_segment_-21-21-2-2-18-08-2023-mp4_30_45-mp4_jpg.rf.5b83db0166db78a57993de91c2a92be6.jpg, 1, 0, 0, 0, 0, 0
frame_300_segment_-3-1-26-11-2023-mp4_0_15-mp4_jpg.rf.5bab9afaa4aa4327b0ab243d79a80ebd.jpg, 1, 0, 0, 0, 0, 0
frame_105_segment_LEON-4-2-3-2-23-09-2023-mp4_15_30-mp4_jpg.rf.5b9b926cd9e84f4e3aa76443c8690efa.jpg, 1, 0, 0, 0, 0, 0
frame_420_segment_-0-0-29-07-2023-mp4_15_30-mp4_jpg.rf.5bb8da0eb93738e07832cc6f90f4a57a.jpg, 1, 0, 0, 0, 0, 0
frame_210_segment_-0-1-19-08-2023-mp4_75_90-mp4_jpg.rf.5b9a25ae53fc59dc4a476f1fdcbec834.jpg, 1, 0, 0, 0, 0, 0
frame_75_segment_-0-2-05-08-2023-mp4_30_45-mp4_jpg.rf.5bd20b032f4e895a20e528bf6460fff4.jpg, 1, 0, 0, 0, 0, 0
frame_375_segment_-1-0-02-12-2023-mp4_0_15-mp4_jpg.rf.5c26de39795c6d6ccf598a54b688a60d.jpg, 1, 0, 0, 0, 0, 0
frame_180_segment_-0-0-17-09-2023-mp4_15_30-mp4_jpg.rf.5c3775a85ad1b3446bd586146280d2a6.jpg, 1, 0, 0, 0, 0, 0
frame_90_segment_-1-0-02-12-2023-mp4_75_90-mp4_jpg.rf.5c4061d4007ec6d0e8592d165bad152e.jpg, 1, 0, 0, 0, 0, 0
frame_550_segment_-0-2-05-08-2023-mp4_30_45-mp4_jpg.rf.5c6f7c2b6ab03652916bac2249bb6d6a.jpg, 1, 0, 0, 0, 0, 0
frame_315_segment_-2-1-29-10-2023-mp4_15_30-mp4_jpg.rf.5c69c76568fe40a415e91d3bac70d7df.jpg, 1, 0, 0, 0, 0, 0
frame_75_segment_LEON-4-2-2-1-1-16-07-2023-mp4_0_15-mp4_jpg.rf.5c881a4511ba8564d26a64126e41b5db.jpg, 1, 0, 0, 0, 0, 0
frame_240_segment_-1-0-02-12-2023-mp4_30_45-mp4_jpg.rf.5ca91744872cf11f173d58ed92db1c20.jpg, 0, 0, 0, 0, 1, 0
frame_500_segment_-0-2-05-08-2023-mp4_45_60-mp4_jpg.rf.5cb498deccb5ba3c4e42e64d54d1ef22.jpg, 1, 0, 0, 0, 0, 0
frame_315_segment_-21-21-2-2-18-08-2023-mp4_45_60-mp4_jpg.rf.5cb09a45ff09757247eb01b99d17b4cc.jpg, 1, 0, 0, 0, 0, 0
frame_345_segment_-3-1-26-11-2023-mp4_60_75-mp4_jpg.rf.5d07c671a3d140f4e954f951b0558e2b.jpg, 1, 0, 0, 0, 0, 0
frame_330_segment_-0-1-02-09-2023-mp4_45_60-mp4_jpg.rf.5ce3114a1e3e3bc24b670590d7003da8.jpg, 1, 0, 0, 0, 0, 0
frame_60_segment_LEON-4-2-2-1-1-02-09-2023-mp4_15_30-mp4_jpg.rf.5d6126cb76b87baca34a24a62d82bf4f.jpg, 1, 0, 0, 0, 0, 0
frame_285_segment_FONBET-2-0-03-10-2023-mp4_0_15-mp4_jpg.rf.5d3abbaa34cc57b57f1a7674b9cd09c4.jpg, 1, 0, 0, 0, 0, 0
frame_315_segment_LEON-4-2-3-1-17-09-2023-mp4_15_30-mp4_jpg.rf.5d3f319a1eb19e85e1086dc3db175001.jpg, 1, 0, 0, 0, 0, 0
frame_30_segment_-21-21-0-2-01-12-2023-mp4_30_45-mp4_jpg.rf.5d11b695ea5a2ea87d0fc209f674abf4.jpg, 1, 0, 0, 0, 0, 0
frame_285_segment_LEON-4-2-2-1-29-07-2023-mp4_0_15-mp4_jpg.rf.5d995796c6285d97ed01c0c5cdccfac6.jpg, 1, 0, 0, 0, 0, 0
frame_375_segment_LEON-4-2-0-2-13-08-2023-mp4_15_30-mp4_jpg.rf.5d7cd5930309a97e8c7c75c256e9af4f.jpg, 1, 0, 0, 0, 0, 0
frame_330_segment_FONBET-1-0-08-08-2023-mp4_30_45-mp4_jpg.rf.5d71d6e0e2abac60efb12af060027e54.jpg, 1, 0, 0, 0, 0, 0
frame_300_segment_FONBET-0-0-20-09-2023-mp4_30_45-mp4_jpg.rf.5d62f7ecc5f5cb195b5315723b9b38ca.jpg, 0, 0, 0, 0, 1, 0
frame_30_segment_-0-0-29-07-2023-mp4_30_45-mp4_jpg.rf.5dd01b8f2544f30a81464c2ca94ae077.jpg, 1, 0, 0, 0, 0, 0
frame_210_segment_-0-0-17-09-2023-mp4_75_90-mp4_jpg.rf.5e19157e03e1c632d701c01e5652d709.jpg, 1, 0, 0, 0, 0, 0
frame_195_segment_-0-1-02-09-2023-mp4_30_45-mp4_jpg.rf.5dc3bbba032140afa2bbfed059535f2d.jpg, 1, 0, 0, 0, 0, 0
frame_270_segment_-21-21-2-2-10-08-2023-mp4_30_45-mp4_jpg.rf.5e05ae89dc26fb55c024d414e20050e1.jpg, 1, 0, 0, 0, 0, 0
frame_195_segment_-2-1-29-10-2023-mp4_75_90-mp4_jpg.rf.5db1800d1ab82faa08937daab09de2f1.jpg, 1, 0, 0, 0, 0, 0
frame_285_segment_FONBET-0-0-20-09-2023-mp4_0_15-mp4_jpg.rf.5e30b72b4f34208f8039282088c1174e.jpg, 1, 0, 0, 0, 0, 0
frame_105_segment_-0-0-17-09-2023-mp4_0_15-mp4_jpg.rf.5e412f23def412d7ce6883b3170dc824.jpg, 1, 0, 0, 0, 0, 0
frame_315_segment_-2-2-29-09-2023-mp4_45_60-mp4_jpg.rf.5e5aa45e9ba0b08bfef2e64bddfcee39.jpg, 1, 0, 0, 0, 0, 0
frame_120_segment_-21-21-0-6-20-10-2023-mp4_45_60-mp4_jpg.rf.5e5d19829d680b0bf30c4366fcba9438.jpg, 1, 0, 0, 0, 0, 0
frame_390_segment_-0-0-29-07-2023-mp4_30_45-mp4_jpg.rf.5e8ff2ba119cab9818623f0bfda1ac99.jpg, 1, 0, 0, 0, 0, 0
frame_210_segment_-3-1-11-11-2023-mp4_15_30-mp4_jpg.rf.5edba874aacd5908341b20976da8078e.jpg, 1, 0, 0, 0, 0, 0
frame_285_segment_-2-1-22-07-2023-mp4_45_60-mp4_jpg.rf.5ea7184fa057a6a1489d2fada7c29d12.jpg, 1, 0, 0, 0, 0, 0
frame_195_segment_LEON-4-2-3-1-17-09-2023-mp4_60_75-mp4_jpg.rf.5f111441d21ae6d185d64ff3aa869130.jpg, 1, 0, 0, 0, 0, 0
frame_405_segment_-0-1-02-09-2023-mp4_15_30-mp4_jpg.rf.5edd7b46669283b2484a060472dac345.jpg, 1, 0, 0, 0, 0, 0
frame_30_segment_-21-21-0-3-29-09-2023-mp4_60_75-mp4_jpg.rf.5ef4758389e1187cc55f280bf064b82a.jpg, 1, 0, 0, 0, 0, 0
frame_300_segment_-0-0-17-09-2023-mp4_75_90-mp4_jpg.rf.5edd410cb2f2bb2d32200e2a675a49e5.jpg, 1, 0, 0, 0, 0, 0
frame_60_segment_FONBET-2-1-25-07-2023-mp4_30_45-mp4_jpg.rf.5f4e1d7557949630bc339ba96fead275.jpg, 1, 0, 0, 0, 0, 0
frame_405_segment_-0-0-29-07-2023-mp4_0_15-mp4_jpg.rf.5f13343b8fa548aa30899501fe09a46d.jpg, 0, 0, 0, 0, 1, 0
frame_435_segment_-0-1-19-08-2023-mp4_15_30-mp4_jpg.rf.5f3497b6a221213b10724da5b2eb476b.jpg, 1, 0, 0, 0, 0, 0
frame_75_segment_-21-21-2-0-15-09-2023-mp4_0_15-mp4_jpg.rf.5f4525b02e0ddb42aacb782e8d812eec.jpg, 1, 0, 0, 0, 0, 0
frame_285_segment_-0-1-19-08-2023-mp4_15_30-mp4_jpg.rf.5f5ac917f0ffb47d3a314bc3cdba0f87.jpg, 1, 0, 0, 0, 0, 0
frame_195_segment_FONBET-2-1-29-08-2023-mp4_45_60-mp4_jpg.rf.5f73d16de95294acb8c5db66fab35391.jpg, 1, 0, 0, 0, 0, 0
frame_15_segment_-2-0-08-12-2023-mp4_60_75-mp4_jpg.rf.5fb26f6e15f8959275f8e5db59892b03.jpg, 1, 0, 0, 0, 0, 0
frame_30_segment_LEON-4-2-0-0-23-07-2023-mp4_75_90-mp4_jpg.rf.5fb50167bbcc45ba75bc855237656750.jpg, 1, 0, 0, 0, 0, 0
frame_15_segment_FONBET-1-0-08-08-2023-mp4_45_60-mp4_jpg.rf.5fc0d178dab015e5b5e84c3e9426b343.jpg, 1, 0, 0, 0, 0, 0
frame_165_segment_-0-1-19-08-2023-mp4_15_30-mp4_jpg.rf.5fbfedc248dc88cf2d85661210ace1a8.jpg, 1, 0, 0, 0, 0, 0
frame_225_segment_LEON-4-2-2-1-1-12-11-2023-mp4_0_15-mp4_jpg.rf.5ff6927a341f4adc9cf4c9dea6f2434e.jpg, 1, 0, 0, 0, 0, 0
frame_150_segment_FONBET-2-1-25-07-2023-mp4_45_60-mp4_jpg.rf.601b5cf478f6b20c9a1f8e7fd3876ee0.jpg, 1, 0, 0, 0, 0, 0
frame_270_segment_FONBET-2-1-02-11-2023-mp4_30_45-mp4_jpg.rf.6024aedfb2aedad198a0d3e301462b1d.jpg, 1, 0, 0, 0, 0, 0
frame_15_segment_-2-0-08-12-2023-mp4_90_105-mp4_jpg.rf.604045a9845019b21b291809f1c768f2.jpg, 1, 0, 0, 0, 0, 0
frame_210_segment_LEON-4-2-2-1-1-12-11-2023-mp4_45_60-mp4_jpg.rf.6047598016e3b1a71a711c1317884c48.jpg, 0, 0, 0, 0, 0, 1
frame_330_segment_-0-0-17-09-2023-mp4_120_135-mp4_jpg.rf.6065aa012b486b748c3db1d5afefd13f.jpg, 0, 0, 0, 0, 0, 1
frame_180_segment_FONBET-1-0-08-08-2023-mp4_90_105-mp4_jpg.rf.606da9c088b953f9fd7194498d20957a.jpg, 1, 0, 0, 0, 0, 0
frame_225_segment_FONBET-1-0-08-08-2023-mp4_90_105-mp4_jpg.rf.608dab11988126446c152fa385a4f92d.jpg, 0, 1, 0, 0, 0, 0
frame_150_segment_FONBET-0-0-20-09-2023-mp4_105_120-mp4_jpg.rf.608c155a9d79be1154a36f1eb49f9145.jpg, 1, 0, 0, 0, 0, 0
frame_390_segment_-0-1-19-08-2023-mp4_15_30-mp4_jpg.rf.60aaf2fa8a290940c1d740724351bc7a.jpg, 1, 0, 0, 0, 0, 0
frame_30_segment_LEON-4-2-2-1-1-16-07-2023-mp4_60_75-mp4_jpg.rf.6122b71965515dfd8217db6e9c2fb8e2.jpg, 1, 0, 0, 0, 0, 0
frame_165_segment_-2-0-24-09-2023-mp4_15_30-mp4_jpg.rf.60e1e61941e4861d13a383d880a8658e.jpg, 1, 0, 0, 0, 0, 0
frame_300_segment_-0-2-05-08-2023-mp4_15_30-mp4_jpg.rf.614f8a3f39802a7406231882c2d67655.jpg, 1, 0, 0, 0, 0, 0
frame_405_segment_-0-0-17-09-2023-mp4_195_210-mp4_jpg.rf.60f5c5e304f2c0ec1025947b092c51df.jpg, 1, 0, 0, 0, 0, 0
frame_270_segment_-4-0-26-08-2023-mp4_15_30-mp4_jpg.rf.6153371050f09e17f7c4c44d55fd35d7.jpg, 1, 0, 0, 0, 0, 0
frame_390_segment_FONBET-0-0-20-09-2023-mp4_105_120-mp4_jpg.rf.6159afe216b56e691b7f98412b5ab87f.jpg, 1, 0, 0, 0, 0, 0
frame_360_segment_FONBET-2-1-25-07-2023-mp4_15_30-mp4_jpg.rf.616347a3b4ca0c351072eef157ebb832.jpg, 0, 0, 0, 0, 1, 0
frame_285_segment_FONBET-2-1-25-07-2023-mp4_45_60-mp4_jpg.rf.61693f657eb08fe7d49462ba0d2ee88c.jpg, 1, 0, 0, 0, 0, 0
frame_300_segment_-21-21-2-2-10-08-2023-mp4_90_105-mp4_jpg.rf.6196be02cdb3169d2b4bdde05ab508b8.jpg, 1, 0, 0, 0, 0, 0
frame_375_segment_FONBET-0-0-20-09-2023-mp4_75_90-mp4_jpg.rf.61c9abcd8509ca4a6d1d2181697a2be1.jpg, 1, 0, 0, 0, 0, 0
frame_300_segment_FONBET-1-0-08-08-2023-mp4_15_30-mp4_jpg.rf.61e6cbc3ee14c7b511d8a8ce0f55182d.jpg, 1, 0, 0, 0, 0, 0
frame_390_segment_LEON-4-2-3-1-17-09-2023-mp4_60_75-mp4_jpg.rf.61efc633f3d43acdbcb0ee132d7f2783.jpg, 1, 0, 0, 0, 0, 0
frame_165_segment_-2-1-22-07-2023-mp4_45_60-mp4_jpg.rf.61cc3f908dbfb3f6a3299508326b7028.jpg, 1, 0, 0, 0, 0, 0
frame_315_segment_-3-1-26-11-2023-mp4_30_45-mp4_jpg.rf.624df72068defe4932d01c10e7500e36.jpg, 1, 0, 0, 0, 0, 0
frame_375_segment_-2-2-29-09-2023-mp4_135_150-mp4_jpg.rf.6219d82c7bb1680302d0a6fe68cd8056.jpg, 1, 0, 0, 0, 0, 0
frame_165_segment_FONBET-2-1-29-08-2023-mp4_75_90-mp4_jpg.rf.61f61351a5018f2ce32a2a3ec43537f0.jpg, 1, 0, 0, 0, 0, 0
frame_255_segment_FONBET-2-1-25-07-2023-mp4_0_15-mp4_jpg.rf.62902668f783390ef6cba49b6487bc88.jpg, 1, 0, 0, 0, 0, 0
frame_285_segment_LEON-4-2-2-1-1-16-07-2023-mp4_30_45-mp4_jpg.rf.629c641a0876dcf5b8f587cda4c10c4d.jpg, 1, 0, 0, 0, 0, 0
frame_210_segment_-21-21-2-0-15-09-2023-mp4_60_75-mp4_jpg.rf.62a1b07ea78cd445d382b41ab2c99262.jpg, 1, 0, 0, 0, 0, 0
frame_315_segment_LEON-4-2-0-2-19-08-2023-mp4_0_15-mp4_jpg.rf.62baebd3260b10bd257895056ea22322.jpg, 0, 0, 0, 0, 1, 0
frame_165_segment_-2-0-08-12-2023-mp4_15_30-mp4_jpg.rf.62c4f420844766d0f26f1f884b9817dc.jpg, 1, 0, 0, 0, 0, 0
frame_435_segment_FONBET-2-1-29-08-2023-mp4_60_75-mp4_jpg.rf.62d11992591e38098877a187a31f31cb.jpg, 1, 0, 0, 0, 0, 0
frame_0_segment_LEON-4-2-0-0-23-07-2023-mp4_45_60-mp4_jpg.rf.62eeaa6c8e6b5f39ec1fc29aeb25b30d.jpg, 1, 0, 0, 0, 0, 0
frame_345_segment_-2-0-08-12-2023-mp4_0_15-mp4_jpg.rf.62d12fccec685e1b99c73c8a7853065f.jpg, 1, 0, 0, 0, 0, 0
frame_375_segment_-2-1-22-07-2023-mp4_60_75-mp4_jpg.rf.631011d73d6483b1844a892207b724f7.jpg, 0, 0, 0, 0, 1, 0
frame_330_segment_-0-1-06-11-2023-mp4_30_45-mp4_jpg.rf.631e6efbc648c9dbded4c308d06f1675.jpg, 1, 0, 0, 0, 0, 0
frame_390_segment_-3-1-26-11-2023-mp4_0_15-mp4_jpg.rf.632c4d76ca45c32a2d45459df0c9f9ff.jpg, 0, 0, 0, 0, 1, 0
frame_0_segment_-21-21-1-0-24-11-2023-mp4_60_75-mp4_jpg.rf.633386093d0dc167b2f4e5b13979faa5.jpg, 1, 0, 0, 0, 0, 0
frame_225_segment_FONBET-1-0-08-08-2023-mp4_30_45-mp4_jpg.rf.637e707ceeabdc164fbe5cbd63d509db.jpg, 1, 0, 0, 0, 0, 0
frame_225_segment_FONBET-2-1-29-08-2023-mp4_0_15-mp4_jpg.rf.638a0dc245b24940946e0bc970262473.jpg, 1, 0, 0, 0, 0, 0
frame_425_segment_-0-2-05-08-2023-mp4_15_30-mp4_jpg.rf.6354bd4d2e6a1d13b43200ec2ceae382.jpg, 1, 0, 0, 0, 0, 0
frame_175_segment_-0-2-05-08-2023-mp4_75_90-mp4_jpg.rf.63524276a44b159c00ca9d629593c6f7.jpg, 1, 0, 0, 0, 0, 0
frame_105_segment_FONBET-2-1-25-07-2023-mp4_120_132-14-mp4_jpg.rf.6422bfe4209709040725068479a055e9.jpg, 1, 0, 0, 0, 0, 0
frame_255_segment_FONBET-1-0-08-08-2023-mp4_90_105-mp4_jpg.rf.63f16fa28b80a33178cf08ca11763675.jpg, 1, 0, 0, 0, 0, 0
frame_345_segment_LEON-4-2-0-1-08-10-2023-mp4_30_45-mp4_jpg.rf.63cf7d6cb68e9f06d265843d4649a4ed.jpg, 1, 0, 0, 0, 0, 0
frame_270_segment_-4-0-26-08-2023-mp4_45_60-mp4_jpg.rf.65c510eb7dc0a1492b2466234cca3e4d.jpg, 0, 0, 0, 0, 0, 1
frame_315_segment_-21-21-0-3-29-09-2023-mp4_45_60-mp4_jpg.rf.63d515f72efb49451db03e05dd749133.jpg, 1, 0, 0, 0, 0, 0
frame_195_segment_-0-0-17-09-2023-mp4_30_45-mp4_jpg.rf.64a5343adc3af022104294723bfdb9f9.jpg, 1, 0, 0, 0, 0, 0
frame_180_segment_-2-1-29-10-2023-mp4_30_45-mp4_jpg.rf.642538da337717fc3126ae9bcf674179.jpg, 1, 0, 0, 0, 0, 0
frame_150_segment_FONBET-1-0-08-08-2023-mp4_15_30-mp4_jpg.rf.658464772ebac5e56699bb4d27336dc7.jpg, 1, 0, 0, 0, 0, 0
frame_240_segment_FONBET-2-1-25-07-2023-mp4_15_30-mp4_jpg.rf.65b6876924767c935e4c4f0b5d75545f.jpg, 1, 0, 0, 0, 0, 0
frame_330_segment_LEON-4-2-2-1-1-12-11-2023-mp4_30_45-mp4_jpg.rf.653f0ed3e77a4c61f2b7c01e6bf7301d.jpg, 1, 0, 0, 0, 0, 0
frame_345_segment_-2-0-08-12-2023-mp4_30_45-mp4_jpg.rf.638a70a9a5db0f944b39c605468bde5e.jpg, 0, 0, 0, 0, 0, 1
frame_360_segment_FONBET-2-0-03-10-2023-mp4_0_15-mp4_jpg.rf.639f1c2d338186f20d7d21b6da50a39d.jpg, 0, 0, 0, 0, 0, 1
frame_105_segment_FONBET-0-0-20-09-2023-mp4_0_15-mp4_jpg.rf.644654ec99bbc3c7da151e5c16f579f5.jpg, 1, 0, 0, 0, 0, 0
frame_195_segment_-2-2-29-09-2023-mp4_75_90-mp4_jpg.rf.6479a98eac905934fe8f484c5e1732a4.jpg, 1, 0, 0, 0, 0, 0
frame_240_segment_LEON-4-2-2-1-29-07-2023-mp4_0_15-mp4_jpg.rf.64c250538df296730ab391b966432dfb.jpg, 1, 0, 0, 0, 0, 0
frame_45_segment_-21-21-3-2-01-09-2023-mp4_0_15-mp4_jpg.rf.64de83b99999b95a4a51a828328374f6.jpg, 1, 0, 0, 0, 0, 0
frame_90_segment_-0-1-02-09-2023-mp4_15_30-mp4_jpg.rf.65939a15b36e788dd7c2d5e47cb5845a.jpg, 1, 0, 0, 0, 0, 0
frame_360_segment_-21-21-2-0-15-09-2023-mp4_30_45-mp4_jpg.rf.65ed0329cd0f03a8d88224e3c47620be.jpg, 1, 0, 0, 0, 0, 0
frame_285_segment_-0-1-06-11-2023-mp4_15_30-mp4_jpg.rf.63cfe8366784a6606b7950d980b01979.jpg, 1, 0, 0, 0, 0, 0
frame_525_segment_-3-2-11-08-2023-mp4_90_105-mp4_jpg.rf.6555bf79b914587b73ab50babce3ddd3.jpg, 1, 0, 0, 0, 0, 0
frame_315_segment_-0-0-17-09-2023-mp4_210_225-mp4_jpg.rf.644b1f41acb9686c65e9c83a7c45ed30.jpg, 1, 0, 0, 0, 0, 0
frame_210_segment_-0-0-17-09-2023-mp4_165_180-mp4_jpg.rf.66061ed94e7e1d9f3f94f3905d7b0731.jpg, 1, 0, 0, 0, 0, 0
frame_15_segment_FONBET-1-0-08-08-2023-mp4_30_45-mp4_jpg.rf.66295ca84a0d0cde8af6ea193dcae622.jpg, 1, 0, 0, 0, 0, 0
frame_435_segment_-2-2-29-09-2023-mp4_45_60-mp4_jpg.rf.642ccc9439ef475b95e5324a0bfa6218.jpg, 1, 0, 0, 0, 0, 0
frame_315_segment_-0-0-29-07-2023-mp4_45_60-mp4_jpg.rf.660b84710735eaf952ce6973e6e7ce8b.jpg, 1, 0, 0, 0, 0, 0
frame_135_segment_-21-21-2-2-10-08-2023-mp4_15_30-mp4_jpg.rf.6630765efc4023f0c2f488bb012f4d7a.jpg, 1, 0, 0, 0, 0, 0
frame_255_segment_-0-1-02-09-2023-mp4_45_60-mp4_jpg.rf.64aaaef804646b7014d30b48faf7c98a.jpg, 1, 0, 0, 0, 0, 0
frame_150_segment_-0-0-29-07-2023-mp4_105_120-mp4_jpg.rf.64fd3242797007db789eeabf38e0fd5d.jpg, 1, 0, 0, 0, 0, 0
frame_255_segment_-21-21-5-0-22-09-2023-mp4_0_15-mp4_jpg.rf.64a44a645ec5c8b9faa0fba161388502.jpg, 1, 0, 0, 0, 0, 0
frame_360_segment_-2-1-22-07-2023-mp4_45_60-mp4_jpg.rf.668a4821dec4d2903cba4cf53738dda6.jpg, 0, 0, 0, 0, 1, 0
frame_135_segment_LEON-4-2-0-2-13-08-2023-mp4_15_30-mp4_jpg.rf.666451dca2df9b6f78d0ec4bf1081aa7.jpg, 1, 0, 0, 0, 0, 0
frame_225_segment_FONBET-0-0-20-09-2023-mp4_30_45-mp4_jpg.rf.667777ac5033be0d10edefcc4e4b7e7b.jpg, 1, 0, 0, 0, 0, 0
frame_405_segment_-2-1-22-07-2023-mp4_90_105-mp4_jpg.rf.66877fd2f0dd974d2b1ebc8f7d2e2ef9.jpg, 1, 0, 0, 0, 0, 0
frame_420_segment_FONBET-1-0-08-08-2023-mp4_15_30-mp4_jpg.rf.66986147bb1a2c32d3562b192d2bdb40.jpg, 1, 0, 0, 0, 0, 0
frame_300_segment_LEON-4-2-0-2-13-08-2023-mp4_30_45-mp4_jpg.rf.66a5652ac4f16947d8fb13ef893acd8b.jpg, 1, 0, 0, 0, 0, 0
frame_345_segment_FONBET-2-0-03-10-2023-mp4_15_30-mp4_jpg.rf.66aa86b563418696420cd60b8c806ca3.jpg, 0, 0, 0, 0, 1, 0
frame_400_segment_-3-2-11-08-2023-mp4_30_45-mp4_jpg.rf.66b9f5e8478c51ac1d1bcf4609329dd9.jpg, 1, 0, 0, 0, 0, 0
frame_165_segment_-21-21-0-6-20-10-2023-mp4_45_60-mp4_jpg.rf.66d7d4a609d72fc3720e6600fa0adbb1.jpg, 1, 0, 0, 0, 0, 0
frame_30_segment_-21-21-2-3-25-08-2023-mp4_30_45-mp4_jpg.rf.66ce816212794f81cd0c4a59f7cdb145.jpg, 1, 0, 0, 0, 0, 0
frame_390_segment_FONBET-2-1-29-08-2023-mp4_15_30-mp4_jpg.rf.66cad6d58b8635a173571b416d659d95.jpg, 1, 0, 0, 0, 0, 0
frame_315_segment_-2-1-22-07-2023-mp4_30_45-mp4_jpg.rf.66ed9891f0ad41d14778087cf4c17164.jpg, 1, 0, 0, 0, 0, 0
frame_255_segment_-2-1-22-07-2023-mp4_15_30-mp4_jpg.rf.66f83dfb19166c0573d5626f4567e517.jpg, 0, 0, 0, 0, 0, 1
frame_345_segment_-0-1-19-08-2023-mp4_15_30-mp4_jpg.rf.673ef71666a311422b6e79964fa6a072.jpg, 1, 0, 0, 0, 0, 0
frame_345_segment_-0-0-29-07-2023-mp4_75_90-mp4_jpg.rf.67008cffb339070966e375aabf3ca5ea.jpg, 1, 0, 0, 0, 0, 0
frame_405_segment_-0-0-29-07-2023-mp4_105_120-mp4_jpg.rf.6762d1b0d4acc0d6733de8bfa94249b5.jpg, 1, 0, 0, 0, 0, 0
frame_550_segment_-3-2-11-08-2023-mp4_60_75-mp4_jpg.rf.67b4ac7e1d33909930e33dcfa2afe85a.jpg, 1, 0, 0, 0, 0, 0
frame_345_segment_-0-1-06-11-2023-mp4_30_45-mp4_jpg.rf.679f2e5da8b1f7f6aad8f5ad948c38ea.jpg, 1, 0, 0, 0, 0, 0
frame_45_segment_-21-21-0-2-01-12-2023-mp4_15_30-mp4_jpg.rf.67914be7af0caca1f124cba8d0f64882.jpg, 1, 0, 0, 0, 0, 0
frame_60_segment_-21-21-2-2-10-08-2023-mp4_90_105-mp4_jpg.rf.67c1e58379d109033c1ba58fc5f36c6f.jpg, 1, 0, 0, 0, 0, 0
frame_285_segment_FONBET-2-1-25-07-2023-mp4_0_15-mp4_jpg.rf.681f2d63ed2711dbc027f7c03025cebc.jpg, 1, 0, 0, 0, 0, 0
frame_165_segment_LEON-4-2-3-1-17-09-2023-mp4_15_30-mp4_jpg.rf.6844bf1a38673b8b65461ec280618d1b.jpg, 1, 0, 0, 0, 0, 0
frame_210_segment_FONBET-2-1-02-11-2023-mp4_60_75-mp4_jpg.rf.67f5d91470293aaeeb1b604ad4530280.jpg, 1, 0, 0, 0, 0, 0
frame_60_segment_LEON-4-2-1-3-01-10-2023-mp4_0_15-mp4_jpg.rf.6848fb7c0ae06d8dde8376acd7bb6435.jpg, 1, 0, 0, 0, 0, 0
frame_435_segment_FONBET-0-0-20-09-2023-mp4_15_30-mp4_jpg.rf.68a3cd107696afe8d65a422662f9f6ef.jpg, 1, 0, 0, 0, 0, 0
frame_420_segment_FONBET-2-1-29-08-2023-mp4_15_30-mp4_jpg.rf.684a105ffb2186d1199b8b98942ac814.jpg, 1, 0, 0, 0, 0, 0
frame_150_segment_-2-2-29-09-2023-mp4_120_135-mp4_jpg.rf.6874f7e0f296b267b8424b50e070ada1.jpg, 1, 0, 0, 0, 0, 0
frame_75_segment_LEON-4-2-1-3-01-10-2023-mp4_30_45-mp4_jpg.rf.68d7b399f686c7447c02ec51b9de93e9.jpg, 1, 0, 0, 0, 0, 0
frame_405_segment_LEON-4-2-2-1-1-23-10-2023-mp4_15_30-mp4_jpg.rf.694ddfa09fee678d4b3c8d7046ffff2c.jpg, 1, 0, 0, 0, 0, 0
frame_150_segment_-3-1-11-11-2023-mp4_0_15-mp4_jpg.rf.698385ef063cb76a12c281a485d30337.jpg, 1, 0, 0, 0, 0, 0
frame_210_segment_-0-0-29-07-2023-mp4_150_165-mp4_jpg.rf.68ee123b33372996e18ab2fbc1b1d19a.jpg, 1, 0, 0, 0, 0, 0
frame_270_segment_-21-21-0-6-20-10-2023-mp4_15_30-mp4_jpg.rf.694b2de480b058a89b7a13b98b4b056e.jpg, 1, 0, 0, 0, 0, 0
frame_150_segment_-0-1-06-11-2023-mp4_60_75-mp4_jpg.rf.69add59e7a201162847e176c0ecc5720.jpg, 1, 0, 0, 0, 0, 0
frame_255_segment_-21-21-3-2-04-08-2023-mp4_0_15-mp4_jpg.rf.69ae8b6f0692201e4e83cc7c08603938.jpg, 1, 0, 0, 0, 0, 0
frame_150_segment_LEON-4-2-3-1-17-09-2023-mp4_30_45-mp4_jpg.rf.69aed59d99156fc5d42413935b718ec5.jpg, 1, 0, 0, 0, 0, 0
frame_15_segment_-21-21-1-3-10-11-2023-mp4_15_30-mp4_jpg.rf.69d1043a572bc6c97545303ed2775284.jpg, 1, 0, 0, 0, 0, 0
frame_225_segment_LEON-4-2-2-1-1-16-07-2023-mp4_60_75-mp4_jpg.rf.6a1443d3bb5d58bbc9e1dc681856976b.jpg, 0, 0, 0, 0, 1, 0
frame_390_segment_-0-0-17-09-2023-mp4_120_135-mp4_jpg.rf.6a0a4a6cf2aff31b929c07d88cce0391.jpg, 1, 0, 0, 0, 0, 0
frame_225_segment_-21-21-0-3-29-09-2023-mp4_60_75-mp4_jpg.rf.6a43d26546e23919a5db1f653b423876.jpg, 1, 0, 0, 0, 0, 0
frame_435_segment_-0-0-29-07-2023-mp4_30_45-mp4_jpg.rf.6a2a66fa0059840b45f5791fee62ae84.jpg, 1, 0, 0, 0, 0, 0
frame_225_segment_-21-21-3-2-01-09-2023-mp4_0_15-mp4_jpg.rf.6a4f0f8b95237fc1700d40d30df0717f.jpg, 1, 0, 0, 0, 0, 0
frame_150_segment_-0-1-06-11-2023-mp4_90_105-mp4_jpg.rf.6a95b425b8403122b3a4fc0d15944010.jpg, 1, 0, 0, 0, 0, 0
frame_390_segment_LEON-4-2-2-3-06-08-2023-mp4_15_30-mp4_jpg.rf.6a7cf13a19786d8e1f813ef6454d341c.jpg, 1, 0, 0, 0, 0, 0
frame_300_segment_-2-2-29-09-2023-mp4_15_30-mp4_jpg.rf.6a7ef8e9f74a6a32d2a2a0ec92fe87b9.jpg, 0, 0, 0, 0, 0, 1
frame_675_segment_-3-2-11-08-2023-mp4_30_45-mp4_jpg.rf.6abe38b37e7715370857cc718fcad0dc.jpg, 1, 0, 0, 0, 0, 0
frame_120_segment_-1-0-02-12-2023-mp4_60_75-mp4_jpg.rf.6b160ff30d658f234fb12d05ba252573.jpg, 1, 0, 0, 0, 0, 0
frame_330_segment_FONBET-1-0-08-08-2023-mp4_75_90-mp4_jpg.rf.6b0ff572a235156068be4774c8c078f7.jpg, 1, 0, 0, 0, 0, 0
frame_165_segment_LEON-4-2-0-0-23-07-2023-mp4_30_45-mp4_jpg.rf.6ad7c8e9a90d3bcba90000d2baef11d7.jpg, 1, 0, 0, 0, 0, 0
frame_255_segment_-21-21-3-1-03-11-2023-mp4_45_60-mp4_jpg.rf.6b3ad44b9f3e730a973adf509044e2f2.jpg, 1, 0, 0, 0, 0, 0
frame_360_segment_-2-0-08-12-2023-mp4_90_105-mp4_jpg.rf.6b37475a2aef8a7cd068bed08d2232f7.jpg, 1, 0, 0, 0, 0, 0
frame_195_segment_LEON-4-2-2-1-1-12-11-2023-mp4_45_60-mp4_jpg.rf.6b3c4b94b5026b5a6ee8adf88f96dfde.jpg, 1, 0, 0, 0, 0, 0
frame_405_segment_FONBET-0-0-20-09-2023-mp4_75_90-mp4_jpg.rf.6b9b4f82161f1577faf948f63d9b9471.jpg, 0, 0, 0, 0, 0, 1
frame_15_segment_-0-1-19-08-2023-mp4_45_60-mp4_jpg.rf.6b4192f54e7c89483c991510575cb00e.jpg, 1, 0, 0, 0, 0, 0
frame_210_segment_FONBET-1-0-08-08-2023-mp4_0_15-mp4_jpg.rf.6b7e87f9b59dc84b1e67adc9f1075d3d.jpg, 0, 0, 0, 0, 0, 1
frame_150_segment_LEON-4-2-2-3-06-08-2023-mp4_0_15-mp4_jpg.rf.6bc5aa3918df8f420021edd42cd479bf.jpg, 1, 0, 0, 0, 0, 0
frame_255_segment_-21-21-0-2-01-12-2023-mp4_0_15-mp4_jpg.rf.6bacd836f9107569dc5866f54221c4ad.jpg, 1, 0, 0, 0, 0, 0
frame_195_segment_FONBET-1-0-08-08-2023-mp4_45_60-mp4_jpg.rf.6be3414d3eaf0e95fa991b56935750d1.jpg, 1, 0, 0, 0, 0, 0
frame_15_segment_FONBET-1-0-08-08-2023-mp4_60_75-mp4_jpg.rf.6bbedcc895ead0f6b11b8db69069126c.jpg, 1, 0, 0, 0, 0, 0
frame_75_segment_-2-0-24-09-2023-mp4_0_15-mp4_jpg.rf.6bfa2ad34c5d3fcf675299b51aa85f93.jpg, 1, 0, 0, 0, 0, 0
frame_165_segment_-3-1-11-11-2023-mp4_15_30-mp4_jpg.rf.6bea0e3975a5a6674763a76c0f940120.jpg, 1, 0, 0, 0, 0, 0
frame_420_segment_-1-0-02-12-2023-mp4_15_30-mp4_jpg.rf.6c07b59110861897055c1334faa42f56.jpg, 0, 0, 0, 0, 1, 0
frame_345_segment_FONBET-2-1-25-07-2023-mp4_75_90-mp4_jpg.rf.6c4f934b4b5e3e3c707ff46c51fec7ee.jpg, 1, 0, 0, 0, 0, 0
frame_270_segment_-3-1-11-11-2023-mp4_0_15-mp4_jpg.rf.6c583aafafa91e603a5edf11f8477111.jpg, 1, 0, 0, 0, 0, 0
frame_420_segment_FONBET-2-1-02-11-2023-mp4_30_45-mp4_jpg.rf.6c6859b43d8886ee2e3d74f3ad4db1be.jpg, 0, 0, 0, 0, 1, 0
frame_360_segment_LEON-4-2-0-0-15-10-2023-mp4_0_15-mp4_jpg.rf.6cd4812c1f39852b12d83f735c9e4732.jpg, 1, 0, 0, 0, 0, 0
frame_60_segment_-21-21-3-1-03-11-2023-mp4_75_90-mp4_jpg.rf.6c71a7f8ca89c1306acba95e87cbb650.jpg, 1, 0, 0, 0, 0, 0
frame_345_segment_-2-1-29-10-2023-mp4_60_75-mp4_jpg.rf.6d0f9da69a7c8fc1ef7a9db5677bf7df.jpg, 1, 0, 0, 0, 0, 0
frame_270_segment_FONBET-2-1-02-11-2023-mp4_15_30-mp4_jpg.rf.6d4626db57361cc865248d17a006ac01.jpg, 0, 0, 0, 0, 1, 0
frame_165_segment_FONBET-1-0-08-08-2023-mp4_75_90-mp4_jpg.rf.6d83cd3eadbecda8683f27f505649010.jpg, 1, 0, 0, 0, 0, 0
frame_150_segment_-0-0-17-09-2023-mp4_105_120-mp4_jpg.rf.6d2954771307bc95c190d0d61981e8f4.jpg, 1, 0, 0, 0, 0, 0
frame_300_segment_FONBET-0-0-20-09-2023-mp4_105_120-mp4_jpg.rf.6d71e1123e2dac1244e697421196ce0e.jpg, 1, 0, 0, 0, 0, 0
frame_345_segment_FONBET-2-1-25-07-2023-mp4_30_45-mp4_jpg.rf.6da233bd85378799d05e540459057661.jpg, 1, 0, 0, 0, 0, 0
frame_275_segment_-0-2-05-08-2023-mp4_60_75-mp4_jpg.rf.6cf4f6cb590c96ebb85b94ff9ca9071d.jpg, 1, 0, 0, 0, 0, 0
frame_360_segment_LEON-4-2-2-1-1-23-10-2023-mp4_45_60-mp4_jpg.rf.6e1794e63a139403d7852490e959eec6.jpg, 1, 0, 0, 0, 0, 0
frame_180_segment_FONBET-2-1-29-08-2023-mp4_30_45-mp4_jpg.rf.6dc785e9e3cbe72515704c585c18fcbc.jpg, 1, 0, 0, 0, 0, 0
frame_255_segment_LEON-4-2-3-1-17-09-2023-mp4_30_45-mp4_jpg.rf.6d9f9ba82cf3a1a9ed08838217e7165a.jpg, 0, 0, 0, 0, 0, 1
frame_405_segment_FONBET-2-1-29-08-2023-mp4_90_105-mp4_jpg.rf.6db43846dc4a23c9c4be02bf48348f80.jpg, 1, 0, 0, 0, 0, 0
frame_435_segment_FONBET-2-1-25-07-2023-mp4_15_30-mp4_jpg.rf.6dc1ac49b6f69d56e8220a6629565eda.jpg, 0, 0, 0, 0, 0, 1
frame_165_segment_-1-0-02-12-2023-mp4_15_30-mp4_jpg.rf.6e2209c5ba9205d11ce96cb8e39d10c5.jpg, 1, 0, 0, 0, 0, 0
frame_240_segment_FONBET-2-1-29-08-2023-mp4_90_105-mp4_jpg.rf.6e24cc3b0eba0ac9c035c41b804acd76.jpg, 1, 0, 0, 0, 0, 0
frame_270_segment_-21-21-0-6-20-10-2023-mp4_60_75-mp4_jpg.rf.6e376ffd19ca9b3ec49fa8fcb5ac1a58.jpg, 1, 0, 0, 0, 0, 0
frame_225_segment_-2-2-29-09-2023-mp4_150_165-mp4_jpg.rf.6e7640920419405570e0ea73231eccf4.jpg, 0, 0, 0, 0, 0, 1
frame_150_segment_LEON-4-2-2-1-1-02-09-2023-mp4_15_30-mp4_jpg.rf.6e79a7e3bd12ac476ef048e75cb082dc.jpg, 1, 0, 0, 0, 0, 0
frame_15_segment_-21-21-2-2-10-08-2023-mp4_45_60-mp4_jpg.rf.6e8dd64228f517d34edc6923e5e8d4db.jpg, 1, 0, 0, 0, 0, 0
frame_195_segment_-21-21-1-3-10-11-2023-mp4_30_45-mp4_jpg.rf.6e8946e1b349d99c5fe30f6c6eeb95a4.jpg, 1, 0, 0, 0, 0, 0
frame_270_segment_LEON-4-2-0-2-13-08-2023-mp4_0_15-mp4_jpg.rf.6e9139dcad457f446c4922f1ea1f6d5f.jpg, 1, 0, 0, 0, 0, 0
frame_180_segment_-21-21-0-3-29-09-2023-mp4_60_75-mp4_jpg.rf.6edf0ef04d43b60544a9e3de7897cbfe.jpg, 1, 0, 0, 0, 0, 0
frame_105_segment_-0-1-19-08-2023-mp4_15_30-mp4_jpg.rf.6ec2ae265535207bdee9cc9c752f56b2.jpg, 1, 0, 0, 0, 0, 0
frame_405_segment_-3-1-26-11-2023-mp4_75_90-mp4_jpg.rf.6ee2ef909ae706f00f1879143dd5c81d.jpg, 1, 0, 0, 0, 0, 0
frame_180_segment_LEON-4-2-2-1-1-23-10-2023-mp4_0_15-mp4_jpg.rf.6eec3067f4eba0e58e31458755649928.jpg, 1, 0, 0, 0, 0, 0
frame_45_segment_-0-1-19-08-2023-mp4_0_15-mp4_jpg.rf.6ef9ed953a8f935311d026bbb2ad4e0b.jpg, 1, 0, 0, 0, 0, 0
frame_285_segment_FONBET-1-0-08-08-2023-mp4_90_105-mp4_jpg.rf.6f02e1101b62b981930c418cf814c0fa.jpg, 1, 0, 0, 0, 0, 0
frame_120_segment_-0-1-02-09-2023-mp4_120_135-mp4_jpg.rf.6f3d127cf4c3e45f737ecc1ec0429c28.jpg, 1, 0, 0, 0, 0, 0
frame_180_segment_FONBET-1-0-08-08-2023-mp4_45_60-mp4_jpg.rf.6f40faa1a04bd422e17e73adea52e05c.jpg, 1, 0, 0, 0, 0, 0
frame_210_segment_LEON-4-2-0-0-23-07-2023-mp4_0_15-mp4_jpg.rf.6f8e2bcd16c2e87d5436e9b4a3877171.jpg, 0, 0, 0, 0, 1, 0
frame_405_segment_-2-1-29-10-2023-mp4_0_15-mp4_jpg.rf.6f4d89a0fc2a8c77ad0a7c0fbac19726.jpg, 1, 0, 0, 0, 0, 0
frame_420_segment_-1-0-02-12-2023-mp4_30_45-mp4_jpg.rf.6f8b51d8412f4687726a43c4c085315a.jpg, 1, 0, 0, 0, 0, 0
frame_120_segment_LEON-4-2-0-2-13-08-2023-mp4_45_60-mp4_jpg.rf.6f60055cef0857872daf0c281eaf5ad5.jpg, 0, 0, 0, 0, 1, 0
frame_15_segment_LEON-4-2-3-1-17-09-2023-mp4_15_30-mp4_jpg.rf.704217d892b46ea388cdd60dd449b8ba.jpg, 0, 0, 0, 0, 1, 0
frame_345_segment_-0-1-06-11-2023-mp4_60_75-mp4_jpg.rf.6fbdb2a13b1a174128b62aaa4e2c71df.jpg, 1, 0, 0, 0, 0, 0
frame_240_segment_FONBET-1-0-08-08-2023-mp4_90_105-mp4_jpg.rf.6fba2221fce4a1401852da7ec01f4203.jpg, 1, 0, 0, 0, 0, 0
frame_90_segment_LEON-4-2-2-1-1-23-10-2023-mp4_0_15-mp4_jpg.rf.6fe96434388be96ab977095cc2381e2d.jpg, 1, 0, 0, 0, 0, 0
frame_420_segment_-21-21-2-2-18-08-2023-mp4_15_30-mp4_jpg.rf.7003fccbe1af8afbc1fa37e53aab4a25.jpg, 1, 0, 0, 0, 0, 0
frame_210_segment_-0-0-17-09-2023-mp4_0_15-mp4_jpg.rf.6fa2aa25900050f612af89b8db20cca5.jpg, 1, 0, 0, 0, 0, 0
frame_435_segment_-0-1-02-09-2023-mp4_45_60-mp4_jpg.rf.6fa6a84b22fad4a3a02d6c3578e8d6a4.jpg, 1, 0, 0, 0, 0, 0
frame_60_segment_-4-0-26-08-2023-mp4_30_45-mp4_jpg.rf.702e522733072b3a477251748dc263c1.jpg, 1, 0, 0, 0, 0, 0
frame_405_segment_-21-21-3-1-03-11-2023-mp4_0_15-mp4_jpg.rf.706cc95d79407170cdd60616a38ae714.jpg, 1, 0, 0, 0, 0, 0
frame_195_segment_LEON-4-2-3-1-17-09-2023-mp4_135_150-mp4_jpg.rf.706304934f071e2e708b89d7409df25e.jpg, 1, 0, 0, 0, 0, 0
frame_435_segment_-4-0-26-08-2023-mp4_60_75-mp4_jpg.rf.70ac35cad8fec4100100d75814a854dd.jpg, 1, 0, 0, 0, 0, 0
frame_195_segment_-21-21-0-2-01-12-2023-mp4_60_75-mp4_jpg.rf.70a861b1154465398b2af7e61443d4d2.jpg, 1, 0, 0, 0, 0, 0
frame_375_segment_-0-1-06-11-2023-mp4_105_120-mp4_jpg.rf.70be477832e84ac29c47e83dcb8179d3.jpg, 0, 0, 0, 0, 1, 0
frame_165_segment_LEON-4-2-0-2-13-08-2023-mp4_15_30-mp4_jpg.rf.70f606f3f951a7bef4a68c5e940b8196.jpg, 1, 0, 0, 0, 0, 0
frame_345_segment_LEON-4-2-0-0-23-07-2023-mp4_45_60-mp4_jpg.rf.70ac5ac29d9c2f616d464677b307c3e2.jpg, 1, 0, 0, 0, 0, 0
frame_390_segment_FONBET-2-1-25-07-2023-mp4_30_45-mp4_jpg.rf.70f95a926eb37c74fe54dd13eda868e7.jpg, 0, 1, 0, 0, 0, 0
frame_0_segment_-0-0-17-09-2023-mp4_15_30-mp4_jpg.rf.71231d0b69a638c1986f63875d5471eb.jpg, 1, 0, 0, 0, 0, 0
frame_225_segment_LEON-4-2-2-1-1-02-09-2023-mp4_15_30-mp4_jpg.rf.71579abd0c08b50c37fb06e3725ac131.jpg, 1, 0, 0, 0, 0, 0
frame_150_segment_-2-0-08-12-2023-mp4_75_90-mp4_jpg.rf.711b2c981124a3a858f0b42dd1d2c8c5.jpg, 1, 0, 0, 0, 0, 0
frame_120_segment_-21-21-2-0-15-09-2023-mp4_45_60-mp4_jpg.rf.716a6e70b7edcb18d7a8d1089832e337.jpg, 1, 0, 0, 0, 0, 0
frame_675_segment_-3-2-11-08-2023-mp4_15_30-mp4_jpg.rf.717d9b82442a81eada58411d234ee99c.jpg, 1, 0, 0, 0, 0, 0
frame_255_segment_FONBET-2-1-29-08-2023-mp4_45_60-mp4_jpg.rf.719ed730b26f66c27fc23ab48653b61b.jpg, 1, 0, 0, 0, 0, 0
frame_285_segment_-21-21-2-2-18-08-2023-mp4_30_45-mp4_jpg.rf.71888c20fee5c482b36e7a7668c5840e.jpg, 1, 0, 0, 0, 0, 0
frame_360_segment_-2-0-24-09-2023-mp4_0_15-mp4_jpg.rf.71ad5a94c05aa1c3885c72d3f01b735b.jpg, 1, 0, 0, 0, 0, 0
frame_315_segment_-0-0-17-09-2023-mp4_60_75-mp4_jpg.rf.71c5425b85cafe5dc9fb0f9bd167a6ca.jpg, 1, 0, 0, 0, 0, 0
frame_330_segment_-0-0-17-09-2023-mp4_105_120-mp4_jpg.rf.71ca525c6babff38990a2862bb9a1135.jpg, 1, 0, 0, 0, 0, 0
frame_195_segment_LEON-4-2-3-2-23-09-2023-mp4_30_45-mp4_jpg.rf.71ea2791c8cc1bba56df0052ab131489.jpg, 1, 0, 0, 0, 0, 0
frame_120_segment_-21-21-0-3-29-09-2023-mp4_30_45-mp4_jpg.rf.71dd484112bbed0c5c3b6d6bf7a4dc05.jpg, 1, 0, 0, 0, 0, 0
frame_90_segment_-21-21-0-3-29-09-2023-mp4_0_15-mp4_jpg.rf.71ea4200c8e6b5cc9dd02bc9f99e1978.jpg, 1, 0, 0, 0, 0, 0
frame_675_segment_-0-2-05-08-2023-mp4_45_60-mp4_jpg.rf.724901409b837611aa137d88a32471b4.jpg, 0, 0, 0, 0, 1, 0
frame_390_segment_-21-21-3-1-03-11-2023-mp4_30_45-mp4_jpg.rf.7292d754ebd9017173c4dda53325d28c.jpg, 1, 0, 0, 0, 0, 0
frame_210_segment_LEON-4-2-0-2-13-08-2023-mp4_15_30-mp4_jpg.rf.72fb9a72235ea9fa7f8bee21bbce9faa.jpg, 1, 0, 0, 0, 0, 0
frame_405_segment_FONBET-2-1-25-07-2023-mp4_105_120-mp4_jpg.rf.72f9e146d86b9166a5572b8aef6d3390.jpg, 1, 0, 0, 0, 0, 0
frame_255_segment_FONBET-2-1-29-08-2023-mp4_60_75-mp4_jpg.rf.728cd3a078bbc0539c51b1a21ea7883a.jpg, 0, 0, 0, 0, 0, 1
frame_270_segment_LEON-4-2-2-1-1-12-11-2023-mp4_30_45-mp4_jpg.rf.73212682ad6552a9303174e8e5354505.jpg, 0, 0, 0, 0, 1, 0
frame_75_segment_-0-1-02-09-2023-mp4_15_30-mp4_jpg.rf.730c6416aebe1a016ae794ebe854d16d.jpg, 1, 0, 0, 0, 0, 0
frame_270_segment_LEON-4-2-3-2-23-09-2023-mp4_0_15-mp4_jpg.rf.7394d9acb5de5479d6e59eb2999508d1.jpg, 1, 0, 0, 0, 0, 0
frame_390_segment_-2-0-24-09-2023-mp4_30_45-mp4_jpg.rf.73a322a58d6f13cf1be06af405da4178.jpg, 1, 0, 0, 0, 0, 0
frame_75_segment_LEON-4-2-2-3-06-08-2023-mp4_30_45-mp4_jpg.rf.7321fcd7865e008c341b7cbf5c0ebae7.jpg, 1, 0, 0, 0, 0, 0
frame_195_segment_LEON-4-2-3-1-17-09-2023-mp4_15_30-mp4_jpg.rf.7378d4f6e22285edf1ee38f3a6663580.jpg, 1, 0, 0, 0, 0, 0
frame_0_segment_-0-1-06-11-2023-mp4_90_105-mp4_jpg.rf.73b8cf5697d359c39adb0898f0290ba3.jpg, 1, 0, 0, 0, 0, 0
frame_325_segment_-0-2-05-08-2023-mp4_75_90-mp4_jpg.rf.73be77ac9446f2ef0dcee246229033f2.jpg, 1, 0, 0, 0, 0, 0
frame_150_segment_-21-21-2-2-18-08-2023-mp4_0_15-mp4_jpg.rf.73d0044a59876ae219491af4039856d9.jpg, 1, 0, 0, 0, 0, 0
frame_135_segment_FONBET-2-1-29-08-2023-mp4_0_15-mp4_jpg.rf.73c2eb4fe3712c30cd357bf4050700f3.jpg, 1, 0, 0, 0, 0, 0
frame_165_segment_-2-2-29-09-2023-mp4_105_120-mp4_jpg.rf.744a8fc790fe9008f9a782d2f38edb6b.jpg, 1, 0, 0, 0, 0, 0
frame_195_segment_FONBET-1-0-08-08-2023-mp4_45_60-mp4_jpg.rf.73f856799cca2386607cca7c80e72852.jpg, 1, 0, 0, 0, 0, 0
frame_240_segment_FONBET-2-0-03-10-2023-mp4_30_45-mp4_jpg.rf.7444eef5c9dfe3e601222d7c9676a76f.jpg, 1, 0, 0, 0, 0, 0
frame_725_segment_-3-2-11-08-2023-mp4_75_90-mp4_jpg.rf.7446b5fc54b8410cdc68f8ebcfc1a421.jpg, 0, 0, 0, 0, 1, 0
frame_285_segment_FONBET-1-0-08-08-2023-mp4_75_90-mp4_jpg.rf.74571c42951807a496dc7438bcc4ba2d.jpg, 1, 0, 0, 0, 0, 0
frame_150_segment_-2-0-08-12-2023-mp4_0_15-mp4_jpg.rf.745d4f3732e13b039972dc3578b0c206.jpg, 1, 0, 0, 0, 0, 0
frame_210_segment_-2-2-29-09-2023-mp4_60_75-mp4_jpg.rf.745e5c0a75b44f9cbdf1d677769e986b.jpg, 1, 0, 0, 0, 0, 0
frame_315_segment_-0-1-02-09-2023-mp4_60_75-mp4_jpg.rf.747db05b6dde04ef5aaf7800fa170799.jpg, 1, 0, 0, 0, 0, 0
frame_90_segment_-21-21-2-2-10-08-2023-mp4_60_75-mp4_jpg.rf.74a7ed18bf0d0d18419d809c18938dcb.jpg, 1, 0, 0, 0, 0, 0
frame_390_segment_-21-21-3-2-01-09-2023-mp4_30_45-mp4_jpg.rf.74ca8c747df1e8fc6e4d436c98fb8777.jpg, 1, 0, 0, 0, 0, 0
frame_390_segment_LEON-4-2-3-1-17-09-2023-mp4_45_60-mp4_jpg.rf.74969986845cf06e176c83aa30b3ccd9.jpg, 1, 0, 0, 0, 0, 0
frame_250_segment_-0-2-05-08-2023-mp4_15_30-mp4_jpg.rf.7487ea77967f74b8531a12396e7f3821.jpg, 1, 0, 0, 0, 0, 0
frame_105_segment_-21-21-2-2-10-08-2023-mp4_30_45-mp4_jpg.rf.74d351313fa37cfddfcf3a851feccb2f.jpg, 1, 0, 0, 0, 0, 0
frame_345_segment_-0-0-17-09-2023-mp4_0_15-mp4_jpg.rf.74f4372ba9088de056d3924f34fc75d5.jpg, 1, 0, 0, 0, 0, 0
frame_435_segment_-0-0-17-09-2023-mp4_30_45-mp4_jpg.rf.751c9f1311b57a29408300ad22a12c2c.jpg, 0, 0, 0, 0, 1, 0
frame_75_segment_-0-2-05-08-2023-mp4_60_75-mp4_jpg.rf.751f5bd18f68d93e900cd574ca696ba4.jpg, 1, 0, 0, 0, 0, 0
frame_405_segment_LEON-4-2-2-1-1-16-07-2023-mp4_75_90-mp4_jpg.rf.7535eac51ed02eaee7b0fc11a4d89cb1.jpg, 1, 0, 0, 0, 0, 0
frame_15_segment_-21-21-2-0-15-09-2023-mp4_30_45-mp4_jpg.rf.754657995079907f05dedf5bca397fa7.jpg, 1, 0, 0, 0, 0, 0
frame_180_segment_-2-1-22-07-2023-mp4_30_45-mp4_jpg.rf.7552d9cadeec1eb9bd5eb5e77bc3beed.jpg, 1, 0, 0, 0, 0, 0
frame_165_segment_-4-0-26-08-2023-mp4_30_45-mp4_jpg.rf.75a958a6da82640b8eb985fa065346a5.jpg, 1, 0, 0, 0, 0, 0
frame_360_segment_-2-0-24-09-2023-mp4_30_45-mp4_jpg.rf.761108c2026582c86ea1cbd023fd96d0.jpg, 1, 0, 0, 0, 0, 0
frame_420_segment_-0-0-29-07-2023-mp4_15_30-mp4_jpg.rf.762958257729bad5929360c703d530c6.jpg, 1, 0, 0, 0, 0, 0
frame_165_segment_-2-0-08-12-2023-mp4_15_30-mp4_jpg.rf.75e44464979c8afbf5c1a7189c120a79.jpg, 1, 0, 0, 0, 0, 0
frame_270_segment_-2-1-22-07-2023-mp4_60_73-7-mp4_jpg.rf.763e327ea40b7c65ab29e5e84fb15091.jpg, 0, 0, 0, 0, 1, 0
frame_240_segment_-4-0-26-08-2023-mp4_30_45-mp4_jpg.rf.765102b220c35f02001f6d57734f09ea.jpg, 1, 0, 0, 0, 0, 0
frame_375_segment_LEON-4-2-3-1-17-09-2023-mp4_60_75-mp4_jpg.rf.7673021fd5dd6b9e60a61f3191dad5c2.jpg, 1, 0, 0, 0, 0, 0
frame_210_segment_-0-1-19-08-2023-mp4_45_60-mp4_jpg.rf.7659d2bbb64b1f83f1737479d7dc6315.jpg, 1, 0, 0, 0, 0, 0
frame_315_segment_-3-1-11-11-2023-mp4_15_30-mp4_jpg.rf.7683afa1f5e180a87293a160417e1883.jpg, 1, 0, 0, 0, 0, 0
frame_315_segment_FONBET-2-1-25-07-2023-mp4_75_90-mp4_jpg.rf.7692dbdc2ad9a52821e612bc52361554.jpg, 0, 0, 0, 0, 0, 1
frame_600_segment_-3-2-11-08-2023-mp4_90_105-mp4_jpg.rf.7684a94553b522c6af064fd4b14f794c.jpg, 0, 0, 0, 0, 1, 0
frame_150_segment_FONBET-2-0-03-10-2023-mp4_30_45-mp4_jpg.rf.76b563312d23f4d0f98d3b9acf02ea2a.jpg, 1, 0, 0, 0, 0, 0
frame_330_segment_-21-21-5-0-22-09-2023-mp4_0_15-mp4_jpg.rf.76af1ad6d0a5b10390d65d5d2b6077c4.jpg, 1, 0, 0, 0, 0, 0
frame_225_segment_-0-2-05-08-2023-mp4_30_45-mp4_jpg.rf.76c3cdbf16c136065b2f08e0623940a2.jpg, 1, 0, 0, 0, 0, 0
frame_330_segment_FONBET-2-1-25-07-2023-mp4_15_30-mp4_jpg.rf.771dcfb7f9506e1dfcb71153ac71f656.jpg, 0, 0, 0, 0, 1, 0
frame_420_segment_LEON-4-2-2-2-3-28-08-2023-mp4_0_15-mp4_jpg.rf.7714a4ba72a1a5830df417382b2f54bc.jpg, 1, 0, 0, 0, 0, 0
frame_210_segment_-2-0-24-09-2023-mp4_15_30-mp4_jpg.rf.770ab568b676d0d080a895dc051b10d5.jpg, 1, 0, 0, 0, 0, 0
frame_210_segment_-2-1-22-07-2023-mp4_45_60-mp4_jpg.rf.77379d5c3c918a1adc1063ac92574b9d.jpg, 1, 0, 0, 0, 0, 0
frame_360_segment_-0-1-02-09-2023-mp4_60_75-mp4_jpg.rf.778de6537391673a94676afd38f99647.jpg, 1, 0, 0, 0, 0, 0
frame_45_segment_-0-0-17-09-2023-mp4_15_30-mp4_jpg.rf.7737df7ba4dbafa7a53bfa264094b1ab.jpg, 1, 0, 0, 0, 0, 0
frame_60_segment_LEON-4-2-3-1-17-09-2023-mp4_75_90-mp4_jpg.rf.774b4c5c7b0ec4a9353a46a9dd3e8c8f.jpg, 1, 0, 0, 0, 0, 0
frame_105_segment_-21-21-3-2-04-08-2023-mp4_30_45-mp4_jpg.rf.77b33ff0ea63f5e9a2ad04ca713f3cb3.jpg, 1, 0, 0, 0, 0, 0
frame_195_segment_-21-21-2-2-18-08-2023-mp4_0_15-mp4_jpg.rf.779653722219ab16f733265d1b7223bb.jpg, 1, 0, 0, 0, 0, 0
frame_255_segment_FONBET-2-0-03-10-2023-mp4_0_15-mp4_jpg.rf.77b3897d2820ac151f4ee05a1244aca7.jpg, 1, 0, 0, 0, 0, 0
frame_375_segment_-0-2-05-08-2023-mp4_75_90-mp4_jpg.rf.77a80d25ff16f65e109134d0da76be00.jpg, 1, 0, 0, 0, 0, 0
frame_225_segment_LEON-4-2-1-3-01-10-2023-mp4_30_45-mp4_jpg.rf.77e59d03ea5cf4d21b45c02c1b162597.jpg, 0, 0, 0, 0, 1, 0
frame_240_segment_-2-0-24-09-2023-mp4_60_75-mp4_jpg.rf.77e8aaca878a424d8f58c3e64cd2878f.jpg, 1, 0, 0, 0, 0, 0
frame_240_segment_-21-21-2-2-18-08-2023-mp4_45_60-mp4_jpg.rf.77c3b7c3af91caf2dd1023159845f25a.jpg, 1, 0, 0, 0, 0, 0
frame_300_segment_-2-0-08-12-2023-mp4_15_30-mp4_jpg.rf.77ef3c79a71f98c52e60e92853415388.jpg, 0, 0, 0, 0, 0, 1
frame_435_segment_LEON-4-2-3-1-17-09-2023-mp4_105_120-mp4_jpg.rf.780b04bd2674d7f83bb70f2351b10bbf.jpg, 1, 0, 0, 0, 0, 0
frame_345_segment_-0-1-02-09-2023-mp4_120_135-mp4_jpg.rf.7804f72554824f3d8c7b170e61399688.jpg, 1, 0, 0, 0, 0, 0
frame_325_segment_-0-2-05-08-2023-mp4_0_15-mp4_jpg.rf.7809b1978dd9fb8d8b87159473faa95a.jpg, 1, 0, 0, 0, 0, 0
frame_135_segment_FONBET-2-1-25-07-2023-mp4_60_75-mp4_jpg.rf.780ca0b1e015905827d8bf5a6bfb4b9a.jpg, 1, 0, 0, 0, 0, 0
frame_225_segment_-3-2-11-08-2023-mp4_105_120-mp4_jpg.rf.781fda8400a7f7d6a5acb1d6b0c9d267.jpg, 1, 0, 0, 0, 0, 0
frame_150_segment_-2-0-24-09-2023-mp4_45_60-mp4_jpg.rf.786639ffaf4e9fbe8d83f86e8660cda0.jpg, 1, 0, 0, 0, 0, 0
frame_300_segment_-0-1-19-08-2023-mp4_45_60-mp4_jpg.rf.7855f1a4b853231aa34cf8f8083a756e.jpg, 1, 0, 0, 0, 0, 0
frame_210_segment_FONBET-0-0-20-09-2023-mp4_30_45-mp4_jpg.rf.789674d5fc223c449f05e64209ac3077.jpg, 0, 0, 0, 0, 0, 1
frame_240_segment_FONBET-0-0-20-09-2023-mp4_135_150-mp4_jpg.rf.789e8a01f79b4df49fbcb550b5f380a1.jpg, 1, 0, 0, 0, 0, 0
frame_435_segment_FONBET-2-0-03-10-2023-mp4_30_45-mp4_jpg.rf.78d7d2e69197645f1f238c73f8a27f4b.jpg, 1, 0, 0, 0, 0, 0
frame_285_segment_LEON-4-2-3-1-17-09-2023-mp4_105_120-mp4_jpg.rf.78e4127554c1148354fc6f63520503dd.jpg, 1, 0, 0, 0, 0, 0
frame_315_segment_-2-1-22-07-2023-mp4_15_30-mp4_jpg.rf.790d86641213b809641666426cfed7ba.jpg, 1, 0, 0, 0, 0, 0
frame_255_segment_LEON-4-2-3-2-23-09-2023-mp4_30_45-mp4_jpg.rf.79429746b4ae66121b972cfaad2a8fc5.jpg, 1, 0, 0, 0, 0, 0
frame_330_segment_-1-0-02-12-2023-mp4_0_15-mp4_jpg.rf.79185b1b596d1e33d195c085802fab4e.jpg, 1, 0, 0, 0, 0, 0
frame_90_segment_LEON-4-2-2-1-1-16-07-2023-mp4_45_60-mp4_jpg.rf.792f4f85f7f4c16765a68c2e665e8db4.jpg, 1, 0, 0, 0, 0, 0
frame_300_segment_-0-1-19-08-2023-mp4_75_90-mp4_jpg.rf.7969ba48d97494e5eacf569d0fdc055c.jpg, 1, 0, 0, 0, 0, 0
frame_270_segment_-2-2-29-09-2023-mp4_0_15-mp4_jpg.rf.79aeac38bdd6f70b7f1a04067959c68b.jpg, 1, 0, 0, 0, 0, 0
frame_60_segment_-0-1-06-11-2023-mp4_75_90-mp4_jpg.rf.799a33a3d930895f9a0f88c93edfd556.jpg, 1, 0, 0, 0, 0, 0
frame_90_segment_LEON-4-2-2-1-29-07-2023-mp4_0_15-mp4_jpg.rf.797d8092ba9d69bb51de9319fa52ca15.jpg, 1, 0, 0, 0, 0, 0
frame_375_segment_-3-2-11-08-2023-mp4_60_75-mp4_jpg.rf.79b3d3f5207d74113daa2d5a7c535471.jpg, 1, 0, 0, 0, 0, 0
frame_315_segment_FONBET-0-0-20-09-2023-mp4_150_165-mp4_jpg.rf.79c408fdaad637258e869e1d9be8bc77.jpg, 1, 0, 0, 0, 0, 0
frame_120_segment_-21-21-5-0-22-09-2023-mp4_0_15-mp4_jpg.rf.79d82d7e001c075df7f87d8051a20f92.jpg, 1, 0, 0, 0, 0, 0
frame_405_segment_-0-0-17-09-2023-mp4_60_75-mp4_jpg.rf.7a1f140b0cf9bf6be57c91a7b3951341.jpg, 0, 0, 0, 0, 1, 0
frame_90_segment_-21-21-2-2-18-08-2023-mp4_15_30-mp4_jpg.rf.7a256a6a0d3aa7672d999a7ea7319cd1.jpg, 1, 0, 0, 0, 0, 0
frame_405_segment_-2-2-29-09-2023-mp4_15_30-mp4_jpg.rf.7a5e2d29c7f8623d3786456664f0f752.jpg, 1, 0, 0, 0, 0, 0
frame_240_segment_-2-1-29-10-2023-mp4_15_30-mp4_jpg.rf.7a54b52270e697020bd6d27d195651fc.jpg, 1, 0, 0, 0, 0, 0
frame_300_segment_-0-0-17-09-2023-mp4_30_45-mp4_jpg.rf.7a55e6a0078722fbeebc06465cff1561.jpg, 0, 1, 0, 0, 0, 0
frame_60_segment_FONBET-2-1-25-07-2023-mp4_75_90-mp4_jpg.rf.7a4de2385e21335677060d03f9363789.jpg, 1, 0, 0, 0, 0, 0
frame_270_segment_LEON-4-2-2-1-1-16-07-2023-mp4_0_15-mp4_jpg.rf.7a8bf3845afc98ffcd1745702770719c.jpg, 1, 0, 0, 0, 0, 0
frame_135_segment_LEON-4-2-2-1-1-23-10-2023-mp4_45_60-mp4_jpg.rf.7a5e97b42712921a56830200144ee51e.jpg, 1, 0, 0, 0, 0, 0
frame_75_segment_-0-1-06-11-2023-mp4_60_75-mp4_jpg.rf.7a6306960d719c5d3ed6773698a9fa7a.jpg, 1, 0, 0, 0, 0, 0
frame_435_segment_-21-21-2-2-10-08-2023-mp4_105_120-mp4_jpg.rf.7a830bf75e7e292a536f5be434a1bb3a.jpg, 1, 0, 0, 0, 0, 0
frame_435_segment_LEON-4-2-0-1-08-10-2023-mp4_15_30-mp4_jpg.rf.7a95e06b91cc15bb7a66313bd58afb43.jpg, 1, 0, 0, 0, 0, 0
frame_195_segment_FONBET-2-1-25-07-2023-mp4_45_60-mp4_jpg.rf.7a975fa1b2ef67210e45a104d9a486f7.jpg, 1, 0, 0, 0, 0, 0
frame_345_segment_-3-1-26-11-2023-mp4_45_60-mp4_jpg.rf.7a91f4bd2782dfdaf0b052404d9cd3fb.jpg, 1, 0, 0, 0, 0, 0
frame_75_segment_-21-21-1-0-24-11-2023-mp4_45_60-mp4_jpg.rf.7aa15ba4ae23bb2d8415e8a5169919d9.jpg, 1, 0, 0, 0, 0, 0
frame_270_segment_LEON-4-2-3-1-17-09-2023-mp4_0_15-mp4_jpg.rf.7aaa60f357c0b858675ffb2cb3e0b97c.jpg, 1, 0, 0, 0, 0, 0
frame_210_segment_-21-21-3-2-01-09-2023-mp4_15_30-mp4_jpg.rf.7af5150a166208307f5425ae44caed25.jpg, 1, 0, 0, 0, 0, 0
frame_90_segment_-21-21-2-0-15-09-2023-mp4_60_75-mp4_jpg.rf.7abce0d94a3b4658fd823ae4ce44c157.jpg, 1, 0, 0, 0, 0, 0
frame_120_segment_-0-1-19-08-2023-mp4_30_45-mp4_jpg.rf.7b6be1dfcf0943c9eb398f474e3d19a9.jpg, 1, 0, 0, 0, 0, 0
frame_135_segment_-21-21-1-3-10-11-2023-mp4_0_15-mp4_jpg.rf.7b15847fdb7fa0af23dc2082413df8dc.jpg, 1, 0, 0, 0, 0, 0
frame_405_segment_-21-21-0-2-01-12-2023-mp4_60_75-mp4_jpg.rf.7bad5c73936497c316c7c01d6360be8b.jpg, 1, 0, 0, 0, 0, 0
frame_420_segment_LEON-4-2-0-0-23-07-2023-mp4_0_15-mp4_jpg.rf.7bc7c6f997de82680764370dd274d939.jpg, 1, 0, 0, 0, 0, 0
frame_195_segment_-0-0-17-09-2023-mp4_30_45-mp4_jpg.rf.7b945c7ab4fc125524c2b86cd08cc421.jpg, 1, 0, 0, 0, 0, 0
frame_345_segment_LEON-4-2-2-1-1-16-07-2023-mp4_15_30-mp4_jpg.rf.7bfd1205e8e6e3ecc552893dbbf575f3.jpg, 0, 0, 0, 0, 1, 0
frame_360_segment_-21-21-2-2-10-08-2023-mp4_105_120-mp4_jpg.rf.7c241ec92be7062c395fa88ecca18a31.jpg, 0, 0, 0, 0, 1, 0
frame_390_segment_FONBET-0-0-20-09-2023-mp4_0_15-mp4_jpg.rf.7bb5dc28775cc07b8c5e5ea4d9688835.jpg, 1, 0, 0, 0, 0, 0
frame_435_segment_-2-2-29-09-2023-mp4_120_135-mp4_jpg.rf.7b840e919029159b9d949c134b8a1eda.jpg, 1, 0, 0, 0, 0, 0
frame_420_segment_FONBET-0-0-20-09-2023-mp4_30_45-mp4_jpg.rf.7c2fbbdc1900371bc399f8f215b8a10e.jpg, 0, 0, 0, 0, 1, 0
frame_390_segment_FONBET-2-1-25-07-2023-mp4_0_15-mp4_jpg.rf.7c7d19db642750de3d6644101264f336.jpg, 1, 0, 0, 0, 0, 0
frame_60_segment_LEON-4-2-2-2-3-28-08-2023-mp4_0_15-mp4_jpg.rf.7c797f797a23402635738f6d1a48ac38.jpg, 1, 0, 0, 0, 0, 0
frame_195_segment_FONBET-2-1-29-08-2023-mp4_0_15-mp4_jpg.rf.7cb8bbaad4ca50abb38d67f4ede16020.jpg, 1, 0, 0, 0, 0, 0
frame_435_segment_-4-0-26-08-2023-mp4_0_15-mp4_jpg.rf.7ce3994608bce981e66d5bc1fc3ada79.jpg, 1, 0, 0, 0, 0, 0
frame_270_segment_-2-1-22-07-2023-mp4_45_60-mp4_jpg.rf.7cd54e5a998dc710a15889023140e709.jpg, 0, 0, 0, 0, 0, 1
frame_180_segment_FONBET-2-1-29-08-2023-mp4_15_30-mp4_jpg.rf.7cf069c0b743eecdb58bd99f4a575b0a.jpg, 1, 0, 0, 0, 0, 0
frame_225_segment_-0-0-17-09-2023-mp4_30_45-mp4_jpg.rf.7cf48acf388173dcf489d9b6a310e96c.jpg, 1, 0, 0, 0, 0, 0
frame_30_segment_-0-0-17-09-2023-mp4_0_15-mp4_jpg.rf.7da7d7c090de81b8ae337513c0adcbdb.jpg, 1, 0, 0, 0, 0, 0
frame_405_segment_LEON-4-2-3-1-17-09-2023-mp4_105_120-mp4_jpg.rf.7d448076b10c7507530d5624fabd6ebe.jpg, 1, 0, 0, 0, 0, 0
frame_375_segment_-0-0-17-09-2023-mp4_30_45-mp4_jpg.rf.7e0b8aeb3db4d8f5c01d95ba0a6faf88.jpg, 1, 0, 0, 0, 0, 0
frame_255_segment_-2-1-29-10-2023-mp4_30_45-mp4_jpg.rf.7d27d048856d7be96ea964d7c04c0fcc.jpg, 0, 0, 0, 0, 0, 1
frame_300_segment_-21-21-3-2-04-08-2023-mp4_30_45-mp4_jpg.rf.7e17906933f1b0c0d959296b9889332b.jpg, 1, 0, 0, 0, 0, 0
frame_195_segment_FONBET-1-0-08-08-2023-mp4_0_15-mp4_jpg.rf.7e63c4f60634b6941148f104f94eb767.jpg, 1, 0, 0, 0, 0, 0
frame_150_segment_-1-0-02-12-2023-mp4_0_15-mp4_jpg.rf.7e3a353592db275b04b142b2c08742d6.jpg, 1, 0, 0, 0, 0, 0
frame_285_segment_-0-1-06-11-2023-mp4_0_15-mp4_jpg.rf.7e6e3e619363eaaa49591da7a04fafb7.jpg, 1, 0, 0, 0, 0, 0
frame_150_segment_-0-0-17-09-2023-mp4_75_90-mp4_jpg.rf.7edc1f14989f219a09eaba4bbb4aa495.jpg, 1, 0, 0, 0, 0, 0
frame_360_segment_FONBET-2-1-29-08-2023-mp4_15_30-mp4_jpg.rf.7ec261ffc5c8211ee69066744d9f2ca8.jpg, 0, 0, 0, 0, 0, 1
frame_375_segment_LEON-4-2-2-1-1-16-07-2023-mp4_0_15-mp4_jpg.rf.7eba988c6217384cd3d91c272df33a0a.jpg, 1, 0, 0, 0, 0, 0
frame_375_segment_-2-0-08-12-2023-mp4_60_75-mp4_jpg.rf.7e95fdebbf6b8aba69981a9238df617b.jpg, 0, 0, 0, 0, 1, 0
frame_285_segment_FONBET-0-0-20-09-2023-mp4_150_165-mp4_jpg.rf.7f0fbed436313d3906b76be301c8abbb.jpg, 1, 0, 0, 0, 0, 0
frame_255_segment_-0-0-29-07-2023-mp4_105_120-mp4_jpg.rf.7ee63333f09bb9b5d7d997aa5fafc6f6.jpg, 1, 0, 0, 0, 0, 0
frame_315_segment_LEON-4-2-3-1-17-09-2023-mp4_0_15-mp4_jpg.rf.7f34be3dcbfd699a6b51821dfd7a172c.jpg, 1, 0, 0, 0, 0, 0
frame_0_segment_-21-21-3-2-01-09-2023-mp4_0_15-mp4_jpg.rf.7f44b67ed2ac73a88b0e9c349000546c.jpg, 1, 0, 0, 0, 0, 0
frame_315_segment_-2-1-29-10-2023-mp4_75_90-mp4_jpg.rf.7f72db8c268e18a2425d31ed11d49a2f.jpg, 1, 0, 0, 0, 0, 0
frame_255_segment_-21-21-3-2-01-09-2023-mp4_15_30-mp4_jpg.rf.7fa7ac474a1d28414fec563c285df24d.jpg, 1, 0, 0, 0, 0, 0
frame_315_segment_FONBET-2-1-25-07-2023-mp4_90_105-mp4_jpg.rf.7fc05925765147b996ad2f24274ccdbc.jpg, 1, 0, 0, 0, 0, 0
frame_345_segment_-0-0-29-07-2023-mp4_135_150-mp4_jpg.rf.7f55fdc0c8e955724b40695f02641144.jpg, 1, 0, 0, 0, 0, 0
frame_15_segment_-21-21-3-1-03-11-2023-mp4_75_90-mp4_jpg.rf.801159dd2bf83b7672ece055479b774c.jpg, 1, 0, 0, 0, 0, 0
frame_240_segment_-0-0-29-07-2023-mp4_105_120-mp4_jpg.rf.803cd918e05b6453dc62d88cd0d85800.jpg, 1, 0, 0, 0, 0, 0
frame_60_segment_-0-1-06-11-2023-mp4_30_45-mp4_jpg.rf.80218ccf2dc679090b1cfe8f49147fb9.jpg, 1, 0, 0, 0, 0, 0
frame_420_segment_-4-0-26-08-2023-mp4_15_30-mp4_jpg.rf.800bf887d31db88e3e2d2be29659150c.jpg, 0, 0, 0, 0, 1, 0
frame_400_segment_-3-2-11-08-2023-mp4_60_75-mp4_jpg.rf.807cc0004ca0ff077e713cf4acbe030d.jpg, 1, 0, 0, 0, 0, 0
frame_420_segment_LEON-4-2-2-3-06-08-2023-mp4_15_30-mp4_jpg.rf.80485d9fed22b6590421ed30f5a51b27.jpg, 0, 0, 0, 0, 1, 0
frame_105_segment_LEON-4-2-3-1-17-09-2023-mp4_45_60-mp4_jpg.rf.80533fd0deb2eb46062a824c96f98453.jpg, 1, 0, 0, 0, 0, 0
frame_75_segment_LEON-4-2-2-2-3-28-08-2023-mp4_0_15-mp4_jpg.rf.805e9446bffb0847b67fd1e7d70fe15a.jpg, 1, 0, 0, 0, 0, 0
frame_225_segment_FONBET-0-0-20-09-2023-mp4_75_90-mp4_jpg.rf.80aea8b318ffa931559971b06bfb2625.jpg, 1, 0, 0, 0, 0, 0
frame_285_segment_-2-1-22-07-2023-mp4_0_15-mp4_jpg.rf.808fb25ec8f16937a92f8d1b66bd4e7c.jpg, 1, 0, 0, 0, 0, 0
frame_550_segment_-3-2-11-08-2023-mp4_75_90-mp4_jpg.rf.808627a020a2da27abcca4b53400f3a7.jpg, 1, 0, 0, 0, 0, 0
frame_270_segment_-0-0-17-09-2023-mp4_90_105-mp4_jpg.rf.80c36b7653951ca3a1e1be1a71678f38.jpg, 1, 0, 0, 0, 0, 0
frame_180_segment_-21-21-0-3-29-09-2023-mp4_45_60-mp4_jpg.rf.80ba4f37a3c0dc9d3b65c8a1ea6964c8.jpg, 1, 0, 0, 0, 0, 0
frame_300_segment_-2-1-29-10-2023-mp4_30_45-mp4_jpg.rf.80bb56c57a978074cc926cb3d7e27daa.jpg, 0, 0, 0, 0, 1, 0
frame_240_segment_LEON-4-2-3-1-17-09-2023-mp4_90_105-mp4_jpg.rf.80cf79045e3b32fa58059a3759abe3be.jpg, 1, 0, 0, 0, 0, 0
frame_45_segment_-21-21-2-0-15-09-2023-mp4_0_15-mp4_jpg.rf.80d177565992c50cea6f218636100a15.jpg, 1, 0, 0, 0, 0, 0
frame_240_segment_-2-0-08-12-2023-mp4_30_45-mp4_jpg.rf.80ca86a8ccf3c37c4346ce5146b0ef07.jpg, 1, 0, 0, 0, 0, 0
frame_0_segment_FONBET-2-1-25-07-2023-mp4_30_45-mp4_jpg.rf.80d13a6815d09c3280a354ea6cadfaca.jpg, 0, 0, 0, 0, 1, 0
frame_210_segment_-4-0-26-08-2023-mp4_60_75-mp4_jpg.rf.80f47c94b254c4c69284ee1f0301e6ed.jpg, 1, 0, 0, 0, 0, 0
frame_225_segment_-3-1-26-11-2023-mp4_15_30-mp4_jpg.rf.812287cdf4946cb4a99543f3e21bf7be.jpg, 1, 0, 0, 0, 0, 0
frame_150_segment_-1-0-02-12-2023-mp4_15_30-mp4_jpg.rf.8155332a47114026777b3f7dcccb6256.jpg, 1, 0, 0, 0, 0, 0
frame_435_segment_-2-1-22-07-2023-mp4_0_15-mp4_jpg.rf.81344c983e54858838fb0b8c261df740.jpg, 1, 0, 0, 0, 0, 0
frame_240_segment_-21-21-3-2-04-08-2023-mp4_0_15-mp4_jpg.rf.812158b6386a8c652fbe3416e932e6b7.jpg, 0, 0, 0, 0, 1, 0
frame_435_segment_-2-0-24-09-2023-mp4_45_60-mp4_jpg.rf.8172074e3698ba98c45537ebc1e6b061.jpg, 1, 0, 0, 0, 0, 0
frame_210_segment_-2-2-29-09-2023-mp4_135_150-mp4_jpg.rf.8160a0827ce92301de80f8e316fed89f.jpg, 1, 0, 0, 0, 0, 0
frame_45_segment_LEON-4-2-3-1-17-09-2023-mp4_15_30-mp4_jpg.rf.8186d0ef8e66869badce83e1f6cb1614.jpg, 1, 0, 0, 0, 0, 0
frame_180_segment_FONBET-1-0-08-08-2023-mp4_75_90-mp4_jpg.rf.818982a6572b652fe5fc98eaa1e50718.jpg, 1, 0, 0, 0, 0, 0
frame_240_segment_-2-2-29-09-2023-mp4_75_90-mp4_jpg.rf.81d1523b1ab3387f805ab9f86c92f47f.jpg, 0, 0, 0, 0, 0, 1
frame_225_segment_-0-1-02-09-2023-mp4_15_30-mp4_jpg.rf.819cbd29a30ac1da6d3527c383aa6c81.jpg, 1, 0, 0, 0, 0, 0
frame_225_segment_-2-2-29-09-2023-mp4_135_150-mp4_jpg.rf.81f1c3a57cc84bc4eb8ae1511da7b985.jpg, 1, 0, 0, 0, 0, 0
frame_325_segment_-0-2-05-08-2023-mp4_60_75-mp4_jpg.rf.81b629e0b999ce3ff0dc0a7143174eec.jpg, 1, 0, 0, 0, 0, 0
frame_575_segment_-0-2-05-08-2023-mp4_90_105-mp4_jpg.rf.820b7f1ce3579982e983a58506fdf546.jpg, 1, 0, 0, 0, 0, 0
frame_0_segment_-0-2-05-08-2023-mp4_30_45-mp4_jpg.rf.81fd20cb2b62fde18d47b3cea6170f27.jpg, 1, 0, 0, 0, 0, 0
frame_420_segment_-21-21-0-3-29-09-2023-mp4_15_30-mp4_jpg.rf.820c82b2d0234284de9d026220a2dd0c.jpg, 1, 0, 0, 0, 0, 0
frame_420_segment_LEON-4-2-2-1-1-12-11-2023-mp4_0_15-mp4_jpg.rf.822a6af579d4efecb64d257f68bf4b6e.jpg, 0, 0, 0, 0, 1, 0
frame_345_segment_-2-1-22-07-2023-mp4_15_30-mp4_jpg.rf.821c905740028eabc4173dae57324f69.jpg, 0, 0, 0, 0, 1, 0
frame_330_segment_LEON-4-2-0-2-13-08-2023-mp4_30_45-mp4_jpg.rf.823c172c429dbb05a8e41561ee85620b.jpg, 1, 0, 0, 0, 0, 0
frame_195_segment_-21-21-3-2-01-09-2023-mp4_15_30-mp4_jpg.rf.82409d445d04d69cc030fa3b669546a5.jpg, 1, 0, 0, 0, 0, 0
frame_225_segment_-2-1-22-07-2023-mp4_15_30-mp4_jpg.rf.82468e651504c8b35cf4a50d6fa6f214.jpg, 1, 0, 0, 0, 0, 0
frame_300_segment_FONBET-1-0-08-08-2023-mp4_30_45-mp4_jpg.rf.82656942f0e13c330133693eb585cdaa.jpg, 1, 0, 0, 0, 0, 0
frame_30_segment_LEON-4-2-3-1-17-09-2023-mp4_75_90-mp4_jpg.rf.825a023c4bcfcc9576ad3ada07109068.jpg, 1, 0, 0, 0, 0, 0
frame_420_segment_LEON-4-2-0-1-08-10-2023-mp4_30_45-mp4_jpg.rf.825879575d64fd53b60b6f1bbd44f2df.jpg, 1, 0, 0, 0, 0, 0
frame_240_segment_-21-21-0-3-29-09-2023-mp4_75_90-mp4_jpg.rf.82a1927c460cf913bec57213ce8cde8f.jpg, 1, 0, 0, 0, 0, 0
frame_390_segment_-21-21-2-3-25-08-2023-mp4_0_15-mp4_jpg.rf.8270122f8d0560fb41d23b191c58fa15.jpg, 1, 0, 0, 0, 0, 0
frame_420_segment_-21-21-1-0-24-11-2023-mp4_30_45-mp4_jpg.rf.82a0bf733f5376c949b5104f8448ece2.jpg, 0, 0, 0, 0, 0, 1
frame_180_segment_-21-21-0-2-01-12-2023-mp4_15_30-mp4_jpg.rf.82d91b475abbe27c6cb355a31d00de39.jpg, 1, 0, 0, 0, 0, 0
frame_345_segment_-2-2-29-09-2023-mp4_30_45-mp4_jpg.rf.82ef9a4dc6515282f5d8cab0aa29c3a3.jpg, 1, 0, 0, 0, 0, 0
frame_210_segment_-4-0-26-08-2023-mp4_15_30-mp4_jpg.rf.833713115afba3a3749c630944b6ae58.jpg, 1, 0, 0, 0, 0, 0
frame_360_segment_-1-0-02-12-2023-mp4_30_45-mp4_jpg.rf.836e61c9473f365f6edccf5ac183ee02.jpg, 1, 0, 0, 0, 0, 0
frame_135_segment_LEON-4-2-2-1-1-12-11-2023-mp4_75_90-mp4_jpg.rf.83b3ba39409bdd4fd56d47fe72e86a21.jpg, 1, 0, 0, 0, 0, 0
frame_360_segment_LEON-4-2-3-2-23-09-2023-mp4_30_45-mp4_jpg.rf.83b86a4f9b8fdaa09ff98a55a2008eac.jpg, 1, 0, 0, 0, 0, 0
frame_150_segment_-0-0-17-09-2023-mp4_210_225-mp4_jpg.rf.83c8e8a6205d700553a49ebbc77773bf.jpg, 1, 0, 0, 0, 0, 0
frame_345_segment_-2-2-29-09-2023-mp4_120_135-mp4_jpg.rf.83e959435975ca1a069e370e8e1f34ed.jpg, 1, 0, 0, 0, 0, 0
frame_360_segment_-2-2-29-09-2023-mp4_15_30-mp4_jpg.rf.83d1cc511b541e93200061e44c1ec6fe.jpg, 1, 0, 0, 0, 0, 0
frame_270_segment_-21-21-2-2-18-08-2023-mp4_30_45-mp4_jpg.rf.841bcc08ee572919172105bb152413fe.jpg, 1, 0, 0, 0, 0, 0
frame_150_segment_-0-1-02-09-2023-mp4_15_30-mp4_jpg.rf.84332067a29b8bc63da3ee56c2a97e3f.jpg, 1, 0, 0, 0, 0, 0
frame_330_segment_-2-0-08-12-2023-mp4_30_45-mp4_jpg.rf.84250fb9e52caadbb6c7132c6f22db33.jpg, 1, 0, 0, 0, 0, 0
frame_30_segment_-21-21-0-2-01-12-2023-mp4_0_15-mp4_jpg.rf.84700c94801499a4ee3d83e07a110600.jpg, 1, 0, 0, 0, 0, 0
frame_180_segment_FONBET-1-0-08-08-2023-mp4_45_60-mp4_jpg.rf.84754641e67b980749b3c7de23ac2332.jpg, 0, 0, 0, 0, 0, 1
frame_405_segment_LEON-4-2-3-1-17-09-2023-mp4_120_135-mp4_jpg.rf.849cbda583c1e560a49a83f19c9b01b5.jpg, 1, 0, 0, 0, 0, 0
frame_165_segment_FONBET-2-1-25-07-2023-mp4_120_132-14-mp4_jpg.rf.84a3d1e905eb2349473588438fba311d.jpg, 1, 0, 0, 0, 0, 0
frame_225_segment_LEON-4-2-3-1-17-09-2023-mp4_90_105-mp4_jpg.rf.84afa241049f2b43b834b412444780c2.jpg, 0, 0, 0, 0, 1, 0
frame_435_segment_FONBET-2-1-25-07-2023-mp4_30_45-mp4_jpg.rf.84de87f93559efcd88f24f36e4c607ce.jpg, 1, 0, 0, 0, 0, 0
frame_360_segment_-0-0-17-09-2023-mp4_0_15-mp4_jpg.rf.84e68a3fa8e27dd205a80ac88eff1756.jpg, 1, 0, 0, 0, 0, 0
frame_285_segment_-2-0-24-09-2023-mp4_45_60-mp4_jpg.rf.850d35e3a8abe4a97c357a2b80d968a4.jpg, 1, 0, 0, 0, 0, 0
frame_45_segment_-21-21-2-2-18-08-2023-mp4_45_60-mp4_jpg.rf.84e3bdbf719106a83ce2a2bc591dcabd.jpg, 1, 0, 0, 0, 0, 0
frame_210_segment_-2-0-08-12-2023-mp4_75_90-mp4_jpg.rf.8511371e65347b7be84066c40a7d58bb.jpg, 1, 0, 0, 0, 0, 0
frame_135_segment_-2-2-29-09-2023-mp4_15_30-mp4_jpg.rf.8513a4fbb753aadec09d215cc96c4219.jpg, 1, 0, 0, 0, 0, 0
frame_165_segment_LEON-4-2-3-1-17-09-2023-mp4_105_120-mp4_jpg.rf.855da3ec3ba6a975d2a3457615434fe4.jpg, 1, 0, 0, 0, 0, 0
frame_330_segment_FONBET-0-0-20-09-2023-mp4_150_165-mp4_jpg.rf.85772683fe6274bba1c2b654a0d8f812.jpg, 0, 0, 0, 0, 1, 0
frame_150_segment_-2-1-22-07-2023-mp4_90_105-mp4_jpg.rf.851faa7172d04039b988f86294eda5d6.jpg, 1, 0, 0, 0, 0, 0
frame_165_segment_-2-1-29-10-2023-mp4_15_30-mp4_jpg.rf.858e71c9b7c57bdc01d6999d1be3bab3.jpg, 1, 0, 0, 0, 0, 0
frame_725_segment_-0-2-05-08-2023-mp4_0_15-mp4_jpg.rf.85e0dd8e74e0dd5d98d56a7eacc11821.jpg, 1, 0, 0, 0, 0, 0
frame_400_segment_-3-2-11-08-2023-mp4_0_15-mp4_jpg.rf.85c35d2f887e22c848d824bf55f5ea6e.jpg, 1, 0, 0, 0, 0, 0
frame_165_segment_-0-0-17-09-2023-mp4_60_75-mp4_jpg.rf.85e7df459bf07cd805c401e363a3896a.jpg, 1, 0, 0, 0, 0, 0
frame_285_segment_LEON-4-2-3-1-17-09-2023-mp4_30_45-mp4_jpg.rf.85fb8e98869ad2b736ca081d4a0bf66d.jpg, 1, 0, 0, 0, 0, 0
frame_225_segment_-2-0-08-12-2023-mp4_15_30-mp4_jpg.rf.8639c3c251c0fb29945d53c098a63553.jpg, 1, 0, 0, 0, 0, 0
frame_150_segment_LEON-4-2-0-2-13-08-2023-mp4_0_15-mp4_jpg.rf.861a6bddd365286365b85e07341e35cb.jpg, 1, 0, 0, 0, 0, 0
frame_60_segment_LEON-4-2-1-3-01-10-2023-mp4_45_60-mp4_jpg.rf.866584a78b5eefe71671a7c2e29e983b.jpg, 1, 0, 0, 0, 0, 0
frame_225_segment_FONBET-2-1-02-11-2023-mp4_0_15-mp4_jpg.rf.867072dacf96ca958761c8731faf8175.jpg, 1, 0, 0, 0, 0, 0
frame_330_segment_LEON-4-2-3-1-17-09-2023-mp4_75_90-mp4_jpg.rf.8685f4f08a8fa5156a14a362d73c0adb.jpg, 1, 0, 0, 0, 0, 0
frame_30_segment_-21-21-2-2-10-08-2023-mp4_30_45-mp4_jpg.rf.869880edd5449348c5ffe0e90e74582e.jpg, 1, 0, 0, 0, 0, 0
frame_240_segment_-0-1-02-09-2023-mp4_30_45-mp4_jpg.rf.868e2bc6f9fc0c3445f5d4703c1945cb.jpg, 1, 0, 0, 0, 0, 0
frame_270_segment_FONBET-1-0-08-08-2023-mp4_15_30-mp4_jpg.rf.86b88fd9388fc0ce3957b6f7bdbc15d0.jpg, 1, 0, 0, 0, 0, 0
frame_420_segment_-0-1-19-08-2023-mp4_60_75-mp4_jpg.rf.86b5c989b4947bb35fcffae4712339d1.jpg, 1, 0, 0, 0, 0, 0
frame_90_segment_-21-21-0-3-29-09-2023-mp4_60_75-mp4_jpg.rf.86e16093eeb1ea069d7b7b13998bfae2.jpg, 1, 0, 0, 0, 0, 0
frame_255_segment_-2-2-29-09-2023-mp4_15_30-mp4_jpg.rf.86e420dd9fb54eb85f0d7420a48153e7.jpg, 1, 0, 0, 0, 0, 0
frame_270_segment_FONBET-2-1-25-07-2023-mp4_0_15-mp4_jpg.rf.871a3e0372f98236504fcfe87523a565.jpg, 1, 0, 0, 0, 0, 0
frame_120_segment_-2-0-24-09-2023-mp4_45_60-mp4_jpg.rf.870536edf05c2b2ce10d8a76ce900e42.jpg, 1, 0, 0, 0, 0, 0
frame_165_segment_-21-21-0-2-01-12-2023-mp4_0_15-mp4_jpg.rf.872f6c7a6a514aa18a7094b599cf679e.jpg, 1, 0, 0, 0, 0, 0
frame_330_segment_-2-0-24-09-2023-mp4_45_60-mp4_jpg.rf.86ebd0f1db765a05415a0d3604824855.jpg, 1, 0, 0, 0, 0, 0
frame_225_segment_-0-1-02-09-2023-mp4_60_75-mp4_jpg.rf.873bf70bb17ee9dbece0d94e78878c94.jpg, 1, 0, 0, 0, 0, 0
frame_135_segment_-21-21-0-2-01-12-2023-mp4_0_15-mp4_jpg.rf.8733ab922d4e641179e2d2e8fb0c5649.jpg, 1, 0, 0, 0, 0, 0
frame_255_segment_-21-21-3-1-03-11-2023-mp4_0_15-mp4_jpg.rf.8739a3070a1b5cc4a6402913dbd792e7.jpg, 1, 0, 0, 0, 0, 0
frame_315_segment_-2-0-08-12-2023-mp4_30_45-mp4_jpg.rf.87521b76f9b2d3bfba05e9643d739d9a.jpg, 0, 0, 0, 0, 1, 0
frame_345_segment_FONBET-2-1-25-07-2023-mp4_0_15-mp4_jpg.rf.878cd0471b9f57de53883951364d6bf2.jpg, 1, 0, 0, 0, 0, 0
frame_345_segment_-21-21-2-2-10-08-2023-mp4_60_75-mp4_jpg.rf.8792097a35249658009bef76479f7a4d.jpg, 0, 0, 0, 0, 1, 0
frame_315_segment_-2-0-08-12-2023-mp4_0_15-mp4_jpg.rf.87588b5d64c881768cfb7028e50fd8c1.jpg, 1, 0, 0, 0, 0, 0
frame_390_segment_LEON-4-2-2-1-1-12-11-2023-mp4_45_60-mp4_jpg.rf.8776c6105977fb46ff4955e6d5989c0d.jpg, 0, 0, 0, 0, 1, 0
frame_330_segment_LEON-4-2-0-2-13-08-2023-mp4_45_60-mp4_jpg.rf.87d91adeef68175067d9f39a5d73a9a4.jpg, 1, 0, 0, 0, 0, 0
frame_255_segment_LEON-4-2-3-1-17-09-2023-mp4_120_135-mp4_jpg.rf.88337104cf259f45dbfd761ef41ec639.jpg, 1, 0, 0, 0, 0, 0
frame_435_segment_FONBET-1-0-08-08-2023-mp4_75_90-mp4_jpg.rf.886f240d5920c6a5678b82bb5d6e3e0a.jpg, 1, 0, 0, 0, 0, 0
frame_195_segment_-2-1-22-07-2023-mp4_0_15-mp4_jpg.rf.888da01ca80f87be064e1ae8af935752.jpg, 1, 0, 0, 0, 0, 0
frame_165_segment_-21-21-0-3-29-09-2023-mp4_30_45-mp4_jpg.rf.87d57b3fa80db16e049dfed7cb9cf955.jpg, 1, 0, 0, 0, 0, 0
frame_300_segment_-21-21-3-1-03-11-2023-mp4_60_75-mp4_jpg.rf.889b5ba508ec8003319bcb6f665cadbc.jpg, 1, 0, 0, 0, 0, 0
frame_435_segment_-1-0-02-12-2023-mp4_0_15-mp4_jpg.rf.888b749300378c9e563765b92853d74f.jpg, 1, 0, 0, 0, 0, 0
frame_90_segment_-21-21-3-1-03-11-2023-mp4_60_75-mp4_jpg.rf.880a05a0bfd66d645704857323866af9.jpg, 1, 0, 0, 0, 0, 0
frame_405_segment_FONBET-2-1-25-07-2023-mp4_30_45-mp4_jpg.rf.88a10b8c50eb79f29f31694dd76e55b1.jpg, 0, 0, 0, 0, 1, 0
frame_120_segment_-21-21-2-2-10-08-2023-mp4_0_15-mp4_jpg.rf.88a1eaffebda2f4a893f3d0325b2a7fe.jpg, 1, 0, 0, 0, 0, 0
frame_165_segment_-0-1-06-11-2023-mp4_105_120-mp4_jpg.rf.88a7c5e2780815a03020549ae05f06aa.jpg, 1, 0, 0, 0, 0, 0
frame_255_segment_FONBET-0-0-20-09-2023-mp4_75_90-mp4_jpg.rf.889bde432832f8dab838e21de4857224.jpg, 1, 0, 0, 0, 0, 0
frame_240_segment_LEON-4-2-3-1-17-09-2023-mp4_135_150-mp4_jpg.rf.88d71d6743b11f3e6c7d64e0d0919a91.jpg, 1, 0, 0, 0, 0, 0
frame_390_segment_LEON-4-2-0-1-08-10-2023-mp4_30_45-mp4_jpg.rf.88b4c1853b7aea902d102e3c89382aa9.jpg, 1, 0, 0, 0, 0, 0
frame_150_segment_-3-1-26-11-2023-mp4_15_30-mp4_jpg.rf.890813291af1a4d2c13353abd3ea03e1.jpg, 1, 0, 0, 0, 0, 0
frame_390_segment_-2-1-22-07-2023-mp4_30_45-mp4_jpg.rf.89130494667e0b7b26e9a973ccfef967.jpg, 0, 0, 0, 0, 1, 0
frame_105_segment_LEON-4-2-2-1-1-12-11-2023-mp4_0_15-mp4_jpg.rf.891ac544bb1cb6e355404a2c2ff59422.jpg, 1, 0, 0, 0, 0, 0
frame_375_segment_-1-0-02-12-2023-mp4_45_60-mp4_jpg.rf.892e5bfedf5569bd2bd0765912da61c2.jpg, 0, 0, 0, 0, 1, 0
frame_25_segment_-3-2-11-08-2023-mp4_0_15-mp4_jpg.rf.8933ac4b4e56d4d1fdd3a9afdbce1f6e.jpg, 1, 0, 0, 0, 0, 0
frame_420_segment_-21-21-0-6-20-10-2023-mp4_60_75-mp4_jpg.rf.893ef33050c4fe577a7891d737b5a88c.jpg, 1, 0, 0, 0, 0, 0
frame_150_segment_LEON-4-2-2-1-1-16-07-2023-mp4_15_30-mp4_jpg.rf.89533a0194026081a6e6c042c4df6342.jpg, 1, 0, 0, 0, 0, 0
frame_25_segment_-3-2-11-08-2023-mp4_15_30-mp4_jpg.rf.898e85f224121fe0000ca499868eeabe.jpg, 1, 0, 0, 0, 0, 0
frame_180_segment_LEON-4-2-3-1-17-09-2023-mp4_0_15-mp4_jpg.rf.89828f3f7686f158fc53ce64255f2da8.jpg, 1, 0, 0, 0, 0, 0
frame_150_segment_-2-1-22-07-2023-mp4_0_15-mp4_jpg.rf.89547652748b0c54fc43c72e8129283a.jpg, 1, 0, 0, 0, 0, 0
frame_180_segment_-1-0-02-12-2023-mp4_0_15-mp4_jpg.rf.899331117cc149c528d023318d8e154e.jpg, 1, 0, 0, 0, 0, 0
frame_250_segment_-3-2-11-08-2023-mp4_30_45-mp4_jpg.rf.89c6ad5ebeefb93fcdb7ab65508e6bff.jpg, 1, 0, 0, 0, 0, 0
frame_180_segment_-2-2-29-09-2023-mp4_0_15-mp4_jpg.rf.898fa783dd6726bcb003843f74e2a8db.jpg, 1, 0, 0, 0, 0, 0
frame_105_segment_-0-1-02-09-2023-mp4_120_135-mp4_jpg.rf.89ad9afdbe54e825711434c2231f3897.jpg, 1, 0, 0, 0, 0, 0
frame_150_segment_-1-0-02-12-2023-mp4_15_30-mp4_jpg.rf.8a0e4a423d87e31e96655143b4374b61.jpg, 1, 0, 0, 0, 0, 0
frame_360_segment_-4-0-26-08-2023-mp4_15_30-mp4_jpg.rf.8a2c3bccfd72fa5be4fdd5edebf0c88d.jpg, 1, 0, 0, 0, 0, 0
frame_300_segment_-2-1-22-07-2023-mp4_15_30-mp4_jpg.rf.8a35cc3d2f969123d5b6b20f1151bb28.jpg, 1, 0, 0, 0, 0, 0
frame_270_segment_-0-1-02-09-2023-mp4_0_15-mp4_jpg.rf.8a199ea5816cb642cf12e1a8e9304b5a.jpg, 1, 0, 0, 0, 0, 0
frame_285_segment_FONBET-2-1-29-08-2023-mp4_30_45-mp4_jpg.rf.8a5654e6684bcc1c6da019b903d1a61a.jpg, 1, 0, 0, 0, 0, 0
frame_405_segment_FONBET-0-0-20-09-2023-mp4_150_165-mp4_jpg.rf.8a3cbb338484af22bef75711b1ec32f6.jpg, 0, 0, 0, 0, 1, 0
frame_135_segment_FONBET-2-1-25-07-2023-mp4_90_105-mp4_jpg.rf.8a7694b1fee221cc8d21273e38cac096.jpg, 1, 0, 0, 0, 0, 0
frame_60_segment_LEON-4-2-3-1-17-09-2023-mp4_45_60-mp4_jpg.rf.8a7f6a6c9326dcd24e8b967a13e5c0da.jpg, 1, 0, 0, 0, 0, 0
frame_15_segment_-21-21-2-0-15-09-2023-mp4_90_105-mp4_jpg.rf.8a8593d9faf44391aa2e9ddf47df9746.jpg, 1, 0, 0, 0, 0, 0
frame_435_segment_-0-0-17-09-2023-mp4_165_180-mp4_jpg.rf.8aa56cad60f6dc4d4912305409c872e0.jpg, 1, 0, 0, 0, 0, 0
frame_405_segment_-0-0-17-09-2023-mp4_45_60-mp4_jpg.rf.8ab036b049c3708ee1f07d1e063f4960.jpg, 0, 0, 0, 0, 1, 0
frame_285_segment_-3-1-26-11-2023-mp4_105_120-mp4_jpg.rf.8ab39ab37afdd6e4d85929e80a6ac86c.jpg, 1, 0, 0, 0, 0, 0
frame_345_segment_FONBET-1-0-08-08-2023-mp4_60_75-mp4_jpg.rf.8aea7e632fd00f02b0a7f54a4b9a3a8f.jpg, 1, 0, 0, 0, 0, 0
frame_375_segment_-0-0-17-09-2023-mp4_180_195-mp4_jpg.rf.8ab517a9b0bf40c36a5c0328bf2ed9e3.jpg, 1, 0, 0, 0, 0, 0
frame_300_segment_-2-0-08-12-2023-mp4_60_75-mp4_jpg.rf.8ae97f2bda0340e4f49246859bf0fe46.jpg, 0, 0, 0, 0, 0, 1
frame_315_segment_-2-1-22-07-2023-mp4_45_60-mp4_jpg.rf.8ad82a48944ef2f2346498b82b4fa697.jpg, 0, 0, 0, 0, 0, 1
frame_435_segment_LEON-4-2-3-1-17-09-2023-mp4_90_105-mp4_jpg.rf.8af1f1ecb8aba8f9e49bbf0378258d3c.jpg, 1, 0, 0, 0, 0, 0
frame_315_segment_-4-0-26-08-2023-mp4_75_90-mp4_jpg.rf.8aff619d7e8561458b5c013a4cc522ac.jpg, 1, 0, 0, 0, 0, 0
frame_285_segment_-2-0-24-09-2023-mp4_30_45-mp4_jpg.rf.8b3ab4dccdf28b6dff938ccec7061ca2.jpg, 0, 0, 0, 0, 0, 1
frame_240_segment_-0-1-02-09-2023-mp4_135_150-mp4_jpg.rf.8b3bf34b73a029a8bbdbb5360cd8da53.jpg, 1, 0, 0, 0, 0, 0
frame_330_segment_-0-0-17-09-2023-mp4_165_180-mp4_jpg.rf.8b97e7eae1418cda67cb7c0161c4651e.jpg, 1, 0, 0, 0, 0, 0
frame_150_segment_LEON-4-2-3-1-17-09-2023-mp4_60_75-mp4_jpg.rf.8b9c6a139b073b6bf337c92b3ba300bc.jpg, 1, 0, 0, 0, 0, 0
frame_375_segment_LEON-4-2-0-0-23-07-2023-mp4_60_75-mp4_jpg.rf.8ba5faeca47bf9233f71b0c50499192f.jpg, 1, 0, 0, 0, 0, 0
frame_255_segment_-3-1-26-11-2023-mp4_75_90-mp4_jpg.rf.8b93cbd891e08e2562a6077c448dd03c.jpg, 0, 0, 0, 0, 1, 0
frame_390_segment_FONBET-2-1-25-07-2023-mp4_90_105-mp4_jpg.rf.8bca6dee118a392e74f5db0030c13881.jpg, 0, 1, 0, 0, 0, 0
frame_420_segment_LEON-4-2-2-1-1-16-07-2023-mp4_105_120-mp4_jpg.rf.8bea12071d650fc4d234373d64fb9dfb.jpg, 1, 0, 0, 0, 0, 0
frame_0_segment_-3-1-26-11-2023-mp4_15_30-mp4_jpg.rf.8bfa959edab701b445eeaf5c4bac3b17.jpg, 1, 0, 0, 0, 0, 0
frame_375_segment_-0-0-29-07-2023-mp4_105_120-mp4_jpg.rf.8baadae052d3d78f62de26a2885cf135.jpg, 1, 0, 0, 0, 0, 0
frame_315_segment_-2-1-22-07-2023-mp4_105_120-mp4_jpg.rf.8be519e7e7cf32a40daff519ac8b4760.jpg, 0, 0, 0, 0, 0, 1
frame_225_segment_-0-0-29-07-2023-mp4_135_150-mp4_jpg.rf.8c684261e42cfeaa2619b6b0c6ae1322.jpg, 1, 0, 0, 0, 0, 0
frame_420_segment_LEON-4-2-2-1-1-12-11-2023-mp4_30_45-mp4_jpg.rf.8c60a4978e22cc43c137fc63d1fc24a0.jpg, 1, 0, 0, 0, 0, 0
frame_550_segment_-3-2-11-08-2023-mp4_45_60-mp4_jpg.rf.8c0c9ccd9db5b7c0c7b89b14551e93c9.jpg, 1, 0, 0, 0, 0, 0
frame_150_segment_LEON-4-2-3-1-17-09-2023-mp4_90_105-mp4_jpg.rf.8d1805f71f176d64bf2f62a4fd91b4f7.jpg, 1, 0, 0, 0, 0, 0
frame_210_segment_LEON-4-2-2-3-06-08-2023-mp4_30_45-mp4_jpg.rf.8c7599c8fbeb050997861d748b8afe7a.jpg, 1, 0, 0, 0, 0, 0
frame_270_segment_LEON-4-2-0-2-13-08-2023-mp4_15_30-mp4_jpg.rf.8d0861275eac5135340c25570873cfa6.jpg, 1, 0, 0, 0, 0, 0
frame_225_segment_-21-21-0-3-29-09-2023-mp4_30_45-mp4_jpg.rf.8d26dfc04bf0a3d5eecccd839bca1cce.jpg, 1, 0, 0, 0, 0, 0
frame_420_segment_-0-0-29-07-2023-mp4_0_15-mp4_jpg.rf.8d2987f7126b807804fae8c59240144d.jpg, 0, 0, 0, 0, 1, 0
frame_315_segment_-0-1-19-08-2023-mp4_75_90-mp4_jpg.rf.8d44e6fae916a377e4d4c6c9e57a70f0.jpg, 1, 0, 0, 0, 0, 0
frame_360_segment_FONBET-2-1-29-08-2023-mp4_90_105-mp4_jpg.rf.8d81d405fa925182079fd436829e0b39.jpg, 0, 0, 0, 0, 0, 1
frame_390_segment_LEON-4-2-1-3-01-10-2023-mp4_15_30-mp4_jpg.rf.8d890bf40c783b170eb0aca4f423fdbd.jpg, 1, 0, 0, 0, 0, 0
frame_435_segment_-21-21-3-1-03-11-2023-mp4_45_60-mp4_jpg.rf.8d9b2a83c4ba3cf36b421c91f4cc425c.jpg, 1, 0, 0, 0, 0, 0
frame_285_segment_-2-2-29-09-2023-mp4_135_150-mp4_jpg.rf.8d9763da8712748b10e689d5781fb534.jpg, 1, 0, 0, 0, 0, 0
frame_255_segment_-21-21-3-1-03-11-2023-mp4_60_75-mp4_jpg.rf.8dc99f811ba55e8a50e7ede11b6444ed.jpg, 1, 0, 0, 0, 0, 0
frame_270_segment_FONBET-2-0-03-10-2023-mp4_45_60-mp4_jpg.rf.8d91b026cfc84fb469f969805c5f7c3c.jpg, 1, 0, 0, 0, 0, 0
frame_345_segment_-21-21-2-0-15-09-2023-mp4_90_105-mp4_jpg.rf.8e54b0ab636df158166be329039aac24.jpg, 1, 0, 0, 0, 0, 0
frame_250_segment_-0-2-05-08-2023-mp4_90_105-mp4_jpg.rf.8e3cf1a04ece82c71485943b8859cf3c.jpg, 1, 0, 0, 0, 0, 0
frame_45_segment_LEON-4-2-2-1-1-16-07-2023-mp4_105_120-mp4_jpg.rf.8e18031f38c03912b5f69548012ab1a4.jpg, 1, 0, 0, 0, 0, 0
frame_375_segment_-0-1-02-09-2023-mp4_120_135-mp4_jpg.rf.8e2c8be8543e37d2a744d3919a079a19.jpg, 1, 0, 0, 0, 0, 0
frame_375_segment_-21-21-2-2-18-08-2023-mp4_45_60-mp4_jpg.rf.8e723d495a2eba4abff12bece20f896d.jpg, 1, 0, 0, 0, 0, 0
frame_390_segment_-2-2-29-09-2023-mp4_120_135-mp4_jpg.rf.8e62d4b3e9ac9315b51129c8a81ad202.jpg, 1, 0, 0, 0, 0, 0
frame_120_segment_-0-1-06-11-2023-mp4_45_60-mp4_jpg.rf.8e62fdbcd65d8a90d231c35f03323ea2.jpg, 1, 0, 0, 0, 0, 0
frame_330_segment_LEON-4-2-2-1-1-12-11-2023-mp4_15_30-mp4_jpg.rf.8e985c3bf8b36dbade059455215afb82.jpg, 1, 0, 0, 0, 0, 0
frame_255_segment_FONBET-0-0-20-09-2023-mp4_105_120-mp4_jpg.rf.8f66ac83d0434d0f95e6ea3fb8377dee.jpg, 1, 0, 0, 0, 0, 0
frame_165_segment_LEON-4-2-0-0-23-07-2023-mp4_60_75-mp4_jpg.rf.8f3b0873dccdea053aa6abd9c15e9f88.jpg, 1, 0, 0, 0, 0, 0
frame_225_segment_-0-1-06-11-2023-mp4_15_30-mp4_jpg.rf.8f600e322ff2bf144ea04456b1db7c32.jpg, 1, 0, 0, 0, 0, 0
frame_435_segment_-21-21-2-2-18-08-2023-mp4_30_45-mp4_jpg.rf.8f817fb6d5bd5fe82d18b56d0a43e0f8.jpg, 1, 0, 0, 0, 0, 0
frame_270_segment_LEON-4-2-0-1-08-10-2023-mp4_30_45-mp4_jpg.rf.8fa33d953854616df3de3c9487cbda2e.jpg, 1, 0, 0, 0, 0, 0
frame_360_segment_-2-2-29-09-2023-mp4_15_30-mp4_jpg.rf.8fbd0a7cbaa7c580aec36acd5c69bc85.jpg, 1, 0, 0, 0, 0, 0
frame_420_segment_LEON-4-2-2-3-06-08-2023-mp4_0_15-mp4_jpg.rf.8fe6cab37dfd59c75981dc01995d3ca3.jpg, 1, 0, 0, 0, 0, 0
frame_330_segment_-2-0-08-12-2023-mp4_75_90-mp4_jpg.rf.8fe9389084bcea927a26c5f02d269071.jpg, 1, 0, 0, 0, 0, 0
frame_255_segment_FONBET-0-0-20-09-2023-mp4_120_135-mp4_jpg.rf.8ff38db0d7684bbcaee0d189d3c3b1c2.jpg, 1, 0, 0, 0, 0, 0
frame_390_segment_LEON-4-2-2-1-1-12-11-2023-mp4_0_15-mp4_jpg.rf.8ff2961fc74bdcbdd70bacd8e6ac0948.jpg, 1, 0, 0, 0, 0, 0
frame_390_segment_FONBET-2-1-02-11-2023-mp4_15_30-mp4_jpg.rf.90771a6a894d7a00f67a1b14affc95c1.jpg, 1, 0, 0, 0, 0, 0
frame_240_segment_FONBET-0-0-20-09-2023-mp4_75_90-mp4_jpg.rf.902d5fb76e3a571143a56afd98ba3d07.jpg, 1, 0, 0, 0, 0, 0
frame_400_segment_-3-2-11-08-2023-mp4_90_105-mp4_jpg.rf.90e7640dbc5b0e9956e254d96f9bdf41.jpg, 1, 0, 0, 0, 0, 0
frame_30_segment_-0-0-17-09-2023-mp4_60_75-mp4_jpg.rf.90dc4747545a85182117b3c8dceefcc9.jpg, 1, 0, 0, 0, 0, 0
frame_270_segment_-0-1-19-08-2023-mp4_30_45-mp4_jpg.rf.909aa8dde0c58b71bb65d05f85733623.jpg, 1, 0, 0, 0, 0, 0
frame_300_segment_-0-0-17-09-2023-mp4_15_30-mp4_jpg.rf.9100b92c7712a6263ef55fd433c497e8.jpg, 0, 0, 0, 0, 0, 1
frame_120_segment_LEON-4-2-3-1-17-09-2023-mp4_0_15-mp4_jpg.rf.910288b47488ce098b1783d643116169.jpg, 1, 0, 0, 0, 0, 0
frame_330_segment_-0-1-02-09-2023-mp4_15_30-mp4_jpg.rf.91e6655213caffbe4f49bdedc498a049.jpg, 0, 0, 0, 0, 1, 0
frame_165_segment_LEON-4-2-3-1-17-09-2023-mp4_60_75-mp4_jpg.rf.93959386e410e6a8abca949c8a52f6c3.jpg, 1, 0, 0, 0, 0, 0
frame_285_segment_-0-1-02-09-2023-mp4_30_45-mp4_jpg.rf.935e4145bcd7a16aad18c009b8b29b14.jpg, 1, 0, 0, 0, 0, 0
frame_195_segment_-0-1-19-08-2023-mp4_60_75-mp4_jpg.rf.931c6228aff9ceaf07469c62b9e0d170.jpg, 1, 0, 0, 0, 0, 0
frame_375_segment_LEON-4-2-2-3-06-08-2023-mp4_15_30-mp4_jpg.rf.93f0e775b4260f15ec1a1cff45f15223.jpg, 0, 0, 0, 0, 0, 1
frame_0_segment_LEON-4-2-3-1-17-09-2023-mp4_60_75-mp4_jpg.rf.92239d801d03501a21d3617d7173c00a.jpg, 1, 0, 0, 0, 0, 0
frame_45_segment_-21-21-2-2-10-08-2023-mp4_30_45-mp4_jpg.rf.93b34c5788df971104e83dd92c4a167c.jpg, 1, 0, 0, 0, 0, 0
frame_165_segment_FONBET-2-1-02-11-2023-mp4_0_15-mp4_jpg.rf.920c57bedcfaeb11e4d13f6c7f913444.jpg, 1, 0, 0, 0, 0, 0
frame_405_segment_-0-0-29-07-2023-mp4_30_45-mp4_jpg.rf.9221805bbce8d03bf084e69dd6d407e2.jpg, 0, 0, 0, 0, 1, 0
frame_350_segment_-0-2-05-08-2023-mp4_90_105-mp4_jpg.rf.911e3f6ab00a4fa2aeec8fd09d827dc1.jpg, 1, 0, 0, 0, 0, 0
frame_240_segment_-0-0-17-09-2023-mp4_90_105-mp4_jpg.rf.9388a143829f7d802719d243e02ddd4e.jpg, 1, 0, 0, 0, 0, 0
frame_255_segment_LEON-4-2-3-1-17-09-2023-mp4_105_120-mp4_jpg.rf.92cd40f1776ce55ad3b51616f3ef0dcf.jpg, 1, 0, 0, 0, 0, 0
frame_270_segment_-21-21-3-1-03-11-2023-mp4_45_60-mp4_jpg.rf.9349034dfb139ddb30fc7d53f9a040ad.jpg, 1, 0, 0, 0, 0, 0
frame_240_segment_-0-0-29-07-2023-mp4_0_15-mp4_jpg.rf.92bf9e5f8075c0b293155283e4d778d5.jpg, 1, 0, 0, 0, 0, 0
frame_525_segment_-3-2-11-08-2023-mp4_15_30-mp4_jpg.rf.921f59fe3b9cec1280559abb6c58bc0b.jpg, 0, 0, 0, 0, 0, 1
frame_45_segment_-2-1-22-07-2023-mp4_0_15-mp4_jpg.rf.9127cf7a2ec7ac4fce58200e262f6a22.jpg, 1, 0, 0, 0, 0, 0
frame_390_segment_FONBET-2-1-02-11-2023-mp4_30_45-mp4_jpg.rf.917f9ae2704681e6ba651c7e5337f61b.jpg, 0, 0, 0, 0, 1, 0
frame_390_segment_FONBET-2-0-03-10-2023-mp4_60_75-mp4_jpg.rf.923dbdb80000a51514b46d006b0b1e67.jpg, 0, 0, 0, 0, 1, 0
frame_390_segment_-2-2-29-09-2023-mp4_105_120-mp4_jpg.rf.93eac2b3e83e53a6b6e6403ddf419f64.jpg, 1, 0, 0, 0, 0, 0
frame_15_segment_-0-1-02-09-2023-mp4_90_105-mp4_jpg.rf.911fa2de4c09bd449d0724c89ccd1968.jpg, 1, 0, 0, 0, 0, 0
frame_330_segment_FONBET-0-0-20-09-2023-mp4_45_60-mp4_jpg.rf.91efcf53db9d163b97a622c22deacae2.jpg, 1, 0, 0, 0, 0, 0
frame_30_segment_LEON-4-2-2-1-1-16-07-2023-mp4_90_105-mp4_jpg.rf.93bd33be3e02d74e9822b19d1c051179.jpg, 1, 0, 0, 0, 0, 0
frame_225_segment_-2-0-24-09-2023-mp4_0_15-mp4_jpg.rf.93db980a5b5f2172ee6def6b64914fec.jpg, 1, 0, 0, 0, 0, 0
frame_150_segment_-0-0-17-09-2023-mp4_30_45-mp4_jpg.rf.925a57289d1f7e39a75d7da6ca2e3ba4.jpg, 1, 0, 0, 0, 0, 0
frame_45_segment_LEON-4-2-2-1-1-16-07-2023-mp4_0_15-mp4_jpg.rf.940834b1a7142f2a043a4690845c2165.jpg, 1, 0, 0, 0, 0, 0
frame_405_segment_LEON-4-2-3-1-17-09-2023-mp4_60_75-mp4_jpg.rf.928954c19b3a3e9ce50ac957ef721cdf.jpg, 1, 0, 0, 0, 0, 0
frame_150_segment_-2-1-22-07-2023-mp4_0_15-mp4_jpg.rf.93f45d445e88aba143a24e39c1f07110.jpg, 1, 0, 0, 0, 0, 0
frame_420_segment_-2-1-22-07-2023-mp4_105_120-mp4_jpg.rf.944ed02ea809b169cb2688257eeed746.jpg, 0, 0, 0, 0, 1, 0
frame_210_segment_FONBET-2-1-02-11-2023-mp4_45_60-mp4_jpg.rf.9448a4e0d875c49d7519966b15c8dfc2.jpg, 1, 0, 0, 0, 0, 0
frame_165_segment_-2-2-29-09-2023-mp4_15_30-mp4_jpg.rf.9461d2222eaec50a2369214b10e58747.jpg, 1, 0, 0, 0, 0, 0
frame_315_segment_LEON-4-2-0-0-15-10-2023-mp4_0_15-mp4_jpg.rf.945ca77930b45ae2a9e4964506cb0bb3.jpg, 1, 0, 0, 0, 0, 0
frame_150_segment_-0-0-29-07-2023-mp4_15_30-mp4_jpg.rf.948bc011fb62a461760a04934717629d.jpg, 1, 0, 0, 0, 0, 0
frame_390_segment_FONBET-0-0-20-09-2023-mp4_45_60-mp4_jpg.rf.94967efee8ffbee41bad64d1f65ea4ff.jpg, 0, 0, 0, 0, 0, 1
frame_180_segment_-21-21-2-2-18-08-2023-mp4_15_30-mp4_jpg.rf.94d099dd10ac56d7b4f17311d0d99425.jpg, 1, 0, 0, 0, 0, 0
frame_425_segment_-3-2-11-08-2023-mp4_60_75-mp4_jpg.rf.94c85cfdaf867928b4326256cd5bc702.jpg, 1, 0, 0, 0, 0, 0
frame_420_segment_FONBET-2-1-25-07-2023-mp4_75_90-mp4_jpg.rf.94c62cb8d18c64835342c562242ed01f.jpg, 1, 0, 0, 0, 0, 0
frame_150_segment_-0-2-05-08-2023-mp4_90_105-mp4_jpg.rf.94e33bb4a35614571351a73f8aa54156.jpg, 1, 0, 0, 0, 0, 0
frame_315_segment_-0-0-29-07-2023-mp4_120_135-mp4_jpg.rf.94ed70ced0df2c3c7db7050213c21924.jpg, 0, 0, 0, 0, 1, 0
frame_105_segment_-1-0-02-12-2023-mp4_15_30-mp4_jpg.rf.9515795e28353c3d2753d64c5ca7c45e.jpg, 1, 0, 0, 0, 0, 0
frame_200_segment_-3-2-11-08-2023-mp4_15_30-mp4_jpg.rf.951fe893af56f68ddba3d89a3ae0df2a.jpg, 1, 0, 0, 0, 0, 0
frame_375_segment_undefined-2-2-1-0-28-10-2023-mp4_0_15-mp4_jpg.rf.953858cda959595eea1128deadf61ace.jpg, 1, 0, 0, 0, 0, 0
frame_165_segment_-2-1-22-07-2023-mp4_90_105-mp4_jpg.rf.957502be5af8760eb878962eb2e8a5ac.jpg, 1, 0, 0, 0, 0, 0
frame_300_segment_-2-2-29-09-2023-mp4_15_30-mp4_jpg.rf.9540f7eea637eae23cebd4b3757ddcfd.jpg, 1, 0, 0, 0, 0, 0
frame_30_segment_-21-21-3-1-03-11-2023-mp4_75_90-mp4_jpg.rf.955749c8d2ebba5a1a4455319b8b1cc7.jpg, 1, 0, 0, 0, 0, 0
frame_75_segment_-21-21-2-0-15-09-2023-mp4_75_90-mp4_jpg.rf.954ddcda87d54b1e7e3b11cb9f9771b8.jpg, 1, 0, 0, 0, 0, 0
frame_180_segment_LEON-4-2-1-3-01-10-2023-mp4_45_60-mp4_jpg.rf.95a9eefba4214f640bf44d2c694c0fb2.jpg, 1, 0, 0, 0, 0, 0
frame_45_segment_-2-2-29-09-2023-mp4_45_60-mp4_jpg.rf.959022f3e51252af68c1201eaaf28c09.jpg, 1, 0, 0, 0, 0, 0
frame_45_segment_-21-21-1-0-24-11-2023-mp4_75_87-47-mp4_jpg.rf.95b484e1703876f28ed5074b9cc6a6dc.jpg, 1, 0, 0, 0, 0, 0
frame_420_segment_-0-0-29-07-2023-mp4_150_165-mp4_jpg.rf.957f809905dd9c8e63bd9f2d76851466.jpg, 0, 0, 0, 0, 1, 0
frame_315_segment_-2-2-29-09-2023-mp4_135_150-mp4_jpg.rf.95cbbfa5156fc4836c165cf83bb2fee5.jpg, 1, 0, 0, 0, 0, 0
frame_240_segment_FONBET-2-1-29-08-2023-mp4_30_45-mp4_jpg.rf.95cf9d5314042b92077919e787e747a2.jpg, 1, 0, 0, 0, 0, 0
frame_360_segment_LEON-4-2-3-1-17-09-2023-mp4_45_60-mp4_jpg.rf.9601612a0219acab67751538c395ec65.jpg, 1, 0, 0, 0, 0, 0
frame_210_segment_-2-1-22-07-2023-mp4_90_105-mp4_jpg.rf.961b4ac88ec92485e976fe360f2a3d7d.jpg, 1, 0, 0, 0, 0, 0
frame_165_segment_LEON-4-2-0-2-19-08-2023-mp4_15_30-mp4_jpg.rf.964d4c2047d1f35c4c3eaf52fb91295d.jpg, 1, 0, 0, 0, 0, 0
frame_285_segment_-21-21-2-2-10-08-2023-mp4_0_15-mp4_jpg.rf.9657ddc210d8bd8882f9f2a0f2e7f8c5.jpg, 1, 0, 0, 0, 0, 0
frame_210_segment_FONBET-2-1-25-07-2023-mp4_0_15-mp4_jpg.rf.9626402d038518451e8898f9e4c0e5b9.jpg, 1, 0, 0, 0, 0, 0
frame_360_segment_-2-1-22-07-2023-mp4_90_105-mp4_jpg.rf.96483eba62d4894c3d8c534a7808d6fd.jpg, 1, 0, 0, 0, 0, 0
frame_390_segment_-0-0-17-09-2023-mp4_30_45-mp4_jpg.rf.967b5865328a1d7e300b9071c46465ee.jpg, 0, 0, 0, 0, 1, 0
frame_255_segment_-21-21-1-0-24-11-2023-mp4_0_15-mp4_jpg.rf.967c95b918cef3bd34b2dc52bfcf2304.jpg, 1, 0, 0, 0, 0, 0
frame_360_segment_-2-1-29-10-2023-mp4_60_75-mp4_jpg.rf.96758bb63ea4a7edee799321b411b233.jpg, 1, 0, 0, 0, 0, 0
frame_180_segment_FONBET-1-0-08-08-2023-mp4_60_75-mp4_jpg.rf.9661ce6060f7a44a5b66ed0ba2ac4c0d.jpg, 1, 0, 0, 0, 0, 0
frame_240_segment_FONBET-0-0-20-09-2023-mp4_30_45-mp4_jpg.rf.9681cdf4d546b736213ccb91b57f3129.jpg, 0, 0, 0, 0, 0, 1
frame_30_segment_LEON-4-2-0-0-23-07-2023-mp4_45_60-mp4_jpg.rf.970671d21fa913f28d7632b6c64fba22.jpg, 1, 0, 0, 0, 0, 0
frame_345_segment_FONBET-0-0-20-09-2023-mp4_90_105-mp4_jpg.rf.9700e464114e2168d0a4d106e3e25bff.jpg, 1, 0, 0, 0, 0, 0
frame_30_segment_LEON-4-2-2-1-1-23-10-2023-mp4_45_60-mp4_jpg.rf.972e25a1a84fe327789f679e6b46e0ae.jpg, 1, 0, 0, 0, 0, 0
frame_195_segment_FONBET-1-0-08-08-2023-mp4_60_75-mp4_jpg.rf.96b04d8e059cbca593ea71a8a9f3800a.jpg, 1, 0, 0, 0, 0, 0
frame_405_segment_FONBET-2-1-29-08-2023-mp4_60_75-mp4_jpg.rf.97138f006388eb5698f725a4fb5f047d.jpg, 0, 0, 0, 0, 1, 0
frame_650_segment_-3-2-11-08-2023-mp4_60_75-mp4_jpg.rf.973e3d78ced9706218c0ce673a83ea2a.jpg, 1, 0, 0, 0, 0, 0
frame_105_segment_LEON-4-2-0-1-08-10-2023-mp4_0_15-mp4_jpg.rf.972731063880026d50c75c90c11ddffa.jpg, 1, 0, 0, 0, 0, 0
frame_475_segment_-3-2-11-08-2023-mp4_0_15-mp4_jpg.rf.9769314bc7b3bd80acbcfb1f5aae2472.jpg, 1, 0, 0, 0, 0, 0
frame_225_segment_-0-1-06-11-2023-mp4_30_45-mp4_jpg.rf.97576a258654f6dcf705da38a6ee30da.jpg, 1, 0, 0, 0, 0, 0
frame_330_segment_LEON-4-2-2-1-1-16-07-2023-mp4_105_120-mp4_jpg.rf.975fdfe37c6169da4c3da84a4b7c2462.jpg, 0, 0, 0, 0, 0, 1
frame_195_segment_-21-21-2-2-10-08-2023-mp4_105_120-mp4_jpg.rf.97b95cc50fa6bb4a152c64765a8f3273.jpg, 1, 0, 0, 0, 0, 0
frame_165_segment_-2-0-24-09-2023-mp4_15_30-mp4_jpg.rf.97a3d2554fc9d60dfad3344f6681f6fa.jpg, 1, 0, 0, 0, 0, 0
frame_255_segment_FONBET-2-0-03-10-2023-mp4_15_30-mp4_jpg.rf.982af1952761a70badbfbed42dabb5dd.jpg, 0, 0, 0, 0, 1, 0
frame_225_segment_-0-0-17-09-2023-mp4_165_180-mp4_jpg.rf.97ac9afa2e98df07dca280cf6eee6589.jpg, 1, 0, 0, 0, 0, 0
frame_390_segment_-21-21-0-2-01-12-2023-mp4_15_30-mp4_jpg.rf.982033b2aaf841542e78a7a559a0e579.jpg, 1, 0, 0, 0, 0, 0
frame_420_segment_FONBET-1-0-08-08-2023-mp4_90_105-mp4_jpg.rf.9846eb611d037a528f86efff7df83580.jpg, 0, 0, 0, 0, 1, 0
frame_150_segment_FONBET-0-0-20-09-2023-mp4_15_30-mp4_jpg.rf.986c323a5fe4274884c9f102fcc40375.jpg, 1, 0, 0, 0, 0, 0
frame_255_segment_-0-0-29-07-2023-mp4_75_90-mp4_jpg.rf.98502cffa531ed05799f6a993431ba33.jpg, 1, 0, 0, 0, 0, 0
frame_270_segment_FONBET-0-0-20-09-2023-mp4_105_120-mp4_jpg.rf.98775b3ad6d1b90ccb130daff8b6970b.jpg, 1, 0, 0, 0, 0, 0
frame_165_segment_-2-2-29-09-2023-mp4_0_15-mp4_jpg.rf.98931936e347a650325bb62a4d541259.jpg, 1, 0, 0, 0, 0, 0
frame_390_segment_-21-21-2-2-10-08-2023-mp4_90_105-mp4_jpg.rf.988aafebfe9823a7630b222a1db3ede1.jpg, 1, 0, 0, 0, 0, 0
frame_225_segment_-2-2-29-09-2023-mp4_0_15-mp4_jpg.rf.98edbbdcd80ea67b59349b0a09744c2b.jpg, 0, 0, 0, 0, 0, 1
frame_135_segment_FONBET-1-0-08-08-2023-mp4_15_30-mp4_jpg.rf.98e6dda2a9e991cc9ffe188bf9f21d8f.jpg, 1, 0, 0, 0, 0, 0
frame_210_segment_LEON-4-2-3-1-17-09-2023-mp4_15_30-mp4_jpg.rf.9920a0d4e01a5599a70fa8863264e263.jpg, 1, 0, 0, 0, 0, 0
frame_255_segment_-2-2-29-09-2023-mp4_120_135-mp4_jpg.rf.993b23c9d0d645fc7149a8402a8bdd6d.jpg, 0, 0, 0, 0, 1, 0
frame_165_segment_-0-0-17-09-2023-mp4_180_195-mp4_jpg.rf.9925001b83f2e504de625df296b0e37c.jpg, 1, 0, 0, 0, 0, 0
frame_60_segment_-21-21-0-3-29-09-2023-mp4_15_30-mp4_jpg.rf.98f7b3dfa9aab503e8e2db68aea52f23.jpg, 1, 0, 0, 0, 0, 0
frame_135_segment_LEON-4-2-0-0-23-07-2023-mp4_75_90-mp4_jpg.rf.993d0d2a77627e16f7ede73b0a891a3d.jpg, 1, 0, 0, 0, 0, 0
frame_270_segment_FONBET-1-0-08-08-2023-mp4_30_45-mp4_jpg.rf.996ebbd0cf1f38480bcf8a017c13b3da.jpg, 1, 0, 0, 0, 0, 0
frame_45_segment_FONBET-1-0-08-08-2023-mp4_60_75-mp4_jpg.rf.996e1933ebd3d43dc531cc121098589e.jpg, 1, 0, 0, 0, 0, 0
frame_375_segment_-4-0-26-08-2023-mp4_0_15-mp4_jpg.rf.9969e1f92ab7694966c5c51baebdb97b.jpg, 1, 0, 0, 0, 0, 0
frame_300_segment_-21-21-1-3-10-11-2023-mp4_45_60-mp4_jpg.rf.997a795202aeaebff144348eb63332f2.jpg, 0, 0, 0, 0, 1, 0
frame_360_segment_-2-0-24-09-2023-mp4_15_30-mp4_jpg.rf.99be47fad74988887436a3f9c952d11a.jpg, 0, 0, 0, 0, 1, 0
frame_650_segment_-0-2-05-08-2023-mp4_0_15-mp4_jpg.rf.9985bffb145d68b86a21e27ad05a12ad.jpg, 0, 0, 0, 0, 1, 0
frame_360_segment_FONBET-1-0-08-08-2023-mp4_45_60-mp4_jpg.rf.9998c2b8e9985ad6f78431d976e6865b.jpg, 1, 0, 0, 0, 0, 0
frame_420_segment_-0-0-17-09-2023-mp4_0_15-mp4_jpg.rf.9a78298f984cde2cafe337c46c97ffb9.jpg, 1, 0, 0, 0, 0, 0
frame_300_segment_FONBET-2-0-03-10-2023-mp4_30_45-mp4_jpg.rf.9a6c2bd4fbf5154c5496470003e5dbcd.jpg, 1, 0, 0, 0, 0, 0
frame_15_segment_LEON-4-2-2-1-1-02-09-2023-mp4_0_15-mp4_jpg.rf.9a7d698741f187541dadb13f17657fe3.jpg, 1, 0, 0, 0, 0, 0
frame_450_segment_-3-2-11-08-2023-mp4_75_90-mp4_jpg.rf.9a45300dee8394cdcb26420180ba9d28.jpg, 1, 0, 0, 0, 0, 0
frame_675_segment_-3-2-11-08-2023-mp4_30_45-mp4_jpg.rf.9a8714731a5ca393c33e89173a1249fe.jpg, 1, 0, 0, 0, 0, 0
frame_435_segment_-2-0-24-09-2023-mp4_15_30-mp4_jpg.rf.9ae97347a38c929254449c8885bec8ea.jpg, 1, 0, 0, 0, 0, 0
frame_60_segment_FONBET-2-1-25-07-2023-mp4_105_120-mp4_jpg.rf.9aead62dcc149c0e99cbf8c585d4a00c.jpg, 1, 0, 0, 0, 0, 0
frame_315_segment_-4-0-26-08-2023-mp4_15_30-mp4_jpg.rf.9aa24dfe08744a9dc8acd36dbb84366f.jpg, 1, 0, 0, 0, 0, 0
frame_435_segment_FONBET-2-1-25-07-2023-mp4_45_60-mp4_jpg.rf.9afa7d65057884e05f8ce7451430fd80.jpg, 0, 0, 0, 0, 1, 0
frame_60_segment_-2-0-24-09-2023-mp4_15_30-mp4_jpg.rf.9b1ff82061c24ade5d8ae5c5aeda3455.jpg, 1, 0, 0, 0, 0, 0
frame_195_segment_-2-0-08-12-2023-mp4_90_105-mp4_jpg.rf.9b2605e064913592e33088f1bf1f3950.jpg, 1, 0, 0, 0, 0, 0
frame_360_segment_FONBET-1-0-08-08-2023-mp4_0_15-mp4_jpg.rf.9b2a6c21e369203f93f2d032950a5646.jpg, 1, 0, 0, 0, 0, 0
frame_180_segment_-3-1-11-11-2023-mp4_0_15-mp4_jpg.rf.9b72fa2fe6c52877e30d83bc368d96c3.jpg, 1, 0, 0, 0, 0, 0
frame_345_segment_-3-1-26-11-2023-mp4_90_105-mp4_jpg.rf.9b5a9e2a091b419b6e4f6902ba0fcf7f.jpg, 1, 0, 0, 0, 0, 0
frame_195_segment_-2-1-29-10-2023-mp4_30_45-mp4_jpg.rf.9b2f38b56f5a4ed8e954e5eb882079d3.jpg, 1, 0, 0, 0, 0, 0
frame_150_segment_FONBET-2-1-25-07-2023-mp4_90_105-mp4_jpg.rf.9b90fda09585a135fe5d490d4a0f7f64.jpg, 1, 0, 0, 0, 0, 0
frame_405_segment_LEON-4-2-2-1-1-12-11-2023-mp4_15_30-mp4_jpg.rf.9ba7b4080e4377073ed0aa618b16223c.jpg, 0, 0, 0, 0, 1, 0
frame_195_segment_-2-1-22-07-2023-mp4_15_30-mp4_jpg.rf.9bc46134eab3dd983e3ff4b6f7dc659c.jpg, 1, 0, 0, 0, 0, 0
frame_285_segment_-21-21-2-2-10-08-2023-mp4_30_45-mp4_jpg.rf.9becfb26e39be46d57600185918ad281.jpg, 1, 0, 0, 0, 0, 0
frame_345_segment_LEON-4-2-2-1-1-02-09-2023-mp4_15_30-mp4_jpg.rf.9bb3baa5cadab48f033c9d8f5017fc0d.jpg, 1, 0, 0, 0, 0, 0
frame_30_segment_-1-0-02-12-2023-mp4_45_60-mp4_jpg.rf.9bf501d2abd3d267b494e4a07c6953ba.jpg, 1, 0, 0, 0, 0, 0
frame_105_segment_-21-21-3-1-03-11-2023-mp4_30_45-mp4_jpg.rf.9bfe31f4bb824325e32a54b535d54a7a.jpg, 1, 0, 0, 0, 0, 0
frame_390_segment_-2-0-24-09-2023-mp4_15_30-mp4_jpg.rf.9c10163cfff3586408aec4c2e316e7a0.jpg, 1, 0, 0, 0, 0, 0
frame_50_segment_-0-2-05-08-2023-mp4_15_30-mp4_jpg.rf.9c114b1968050ba56e21a024fbc38b04.jpg, 1, 0, 0, 0, 0, 0
frame_210_segment_LEON-4-2-0-2-13-08-2023-mp4_0_15-mp4_jpg.rf.9c1b5f922092403c0e159a5f2577baab.jpg, 1, 0, 0, 0, 0, 0
frame_210_segment_-4-0-26-08-2023-mp4_45_60-mp4_jpg.rf.9c81c80598dbe8ee6f856c36303faae3.jpg, 1, 0, 0, 0, 0, 0
frame_405_segment_-21-21-1-0-24-11-2023-mp4_0_15-mp4_jpg.rf.9c996267b00574f1c36eecbd8474db41.jpg, 1, 0, 0, 0, 0, 0
frame_425_segment_-0-2-05-08-2023-mp4_90_105-mp4_jpg.rf.9c193645ac436d9c7a33ef5b34f57208.jpg, 1, 0, 0, 0, 0, 0
frame_105_segment_-21-21-0-6-20-10-2023-mp4_0_15-mp4_jpg.rf.9cdc70ce56891d6729b701b362384b5a.jpg, 1, 0, 0, 0, 0, 0
frame_105_segment_FONBET-1-0-08-08-2023-mp4_15_30-mp4_jpg.rf.9cd279c673ccafd4840e8431e1b4fa6e.jpg, 1, 0, 0, 0, 0, 0
frame_275_segment_-3-2-11-08-2023-mp4_0_15-mp4_jpg.rf.9ccd33c7957ade28b6ea116dd9af9f81.jpg, 1, 0, 0, 0, 0, 0
frame_270_segment_-21-21-2-2-10-08-2023-mp4_105_120-mp4_jpg.rf.9cd2cc2c75f8d9cd04bc88dd109cc34e.jpg, 1, 0, 0, 0, 0, 0
frame_210_segment_LEON-4-2-2-1-1-12-11-2023-mp4_0_15-mp4_jpg.rf.9cfeb3feed0543750518fc2555dc6722.jpg, 1, 0, 0, 0, 0, 0
frame_360_segment_FONBET-0-0-20-09-2023-mp4_90_105-mp4_jpg.rf.9d1df320c9054db28b6a521fc059c771.jpg, 1, 0, 0, 0, 0, 0
frame_225_segment_-2-1-29-10-2023-mp4_60_75-mp4_jpg.rf.9cf4ec2f14f6fbaf50b60563a821f8d6.jpg, 1, 0, 0, 0, 0, 0
frame_420_segment_-0-0-29-07-2023-mp4_75_90-mp4_jpg.rf.9d0b52ec6b6822db20194b5a99f5d61c.jpg, 1, 0, 0, 0, 0, 0
frame_420_segment_-3-1-11-11-2023-mp4_0_15-mp4_jpg.rf.9d482aae4dd69142ca4fe421eb9a8058.jpg, 1, 0, 0, 0, 0, 0
frame_375_segment_FONBET-0-0-20-09-2023-mp4_135_150-mp4_jpg.rf.9d4281fe57d4fc9bbfb21c5e9b856697.jpg, 1, 0, 0, 0, 0, 0
frame_330_segment_-3-1-26-11-2023-mp4_15_30-mp4_jpg.rf.9d4a0c94618fdbbfa4e536125139e122.jpg, 1, 0, 0, 0, 0, 0
frame_250_segment_-3-2-11-08-2023-mp4_90_105-mp4_jpg.rf.9d2d91d966061ab972d55471cc554365.jpg, 1, 0, 0, 0, 0, 0
frame_225_segment_-0-1-19-08-2023-mp4_30_45-mp4_jpg.rf.9d4a4e9a97896fcf9215775d1d648ed0.jpg, 1, 0, 0, 0, 0, 0
frame_285_segment_LEON-4-2-0-1-08-10-2023-mp4_15_30-mp4_jpg.rf.9da4f3e4d03d088a48da06152dd56c4a.jpg, 1, 0, 0, 0, 0, 0
frame_30_segment_LEON-4-2-0-2-19-08-2023-mp4_0_15-mp4_jpg.rf.9da0d0531e6b8ce28a4a4e869d3c93be.jpg, 1, 0, 0, 0, 0, 0
frame_300_segment_-0-0-29-07-2023-mp4_60_75-mp4_jpg.rf.9d79d4813b73b02457354e37375c5c85.jpg, 1, 0, 0, 0, 0, 0
frame_165_segment_-21-21-3-2-01-09-2023-mp4_0_15-mp4_jpg.rf.9dd2c73e8f57fc8f46205e3e457f4b95.jpg, 1, 0, 0, 0, 0, 0
frame_375_segment_-3-2-11-08-2023-mp4_0_15-mp4_jpg.rf.9dc66f87f30f28ee82f60a442245e3bd.jpg, 1, 0, 0, 0, 0, 0
frame_390_segment_-21-21-3-1-03-11-2023-mp4_0_15-mp4_jpg.rf.9de1d334008d9ba6483f1d45584670b4.jpg, 1, 0, 0, 0, 0, 0
frame_45_segment_-21-21-2-2-18-08-2023-mp4_30_45-mp4_jpg.rf.9dd5d237a9195f4262797e2fc16411f0.jpg, 1, 0, 0, 0, 0, 0
frame_210_segment_FONBET-2-1-25-07-2023-mp4_105_120-mp4_jpg.rf.9e0f18e8053567ac837ca8b3acf90d05.jpg, 1, 0, 0, 0, 0, 0
frame_30_segment_-0-1-02-09-2023-mp4_0_15-mp4_jpg.rf.9de8676f1d4396686f2f97c7b2c0a094.jpg, 1, 0, 0, 0, 0, 0
frame_420_segment_-21-21-2-0-15-09-2023-mp4_30_45-mp4_jpg.rf.9e0c4447e4f6e94e2f5ac7ce71ce843d.jpg, 1, 0, 0, 0, 0, 0
frame_270_segment_FONBET-1-0-08-08-2023-mp4_90_105-mp4_jpg.rf.9e0f1ea5bf89401ba674fd2f750c82f3.jpg, 1, 0, 0, 0, 0, 0
frame_105_segment_-0-0-17-09-2023-mp4_75_90-mp4_jpg.rf.9e44d1a3308c8edcc66735bda1ba3d8d.jpg, 1, 0, 0, 0, 0, 0
frame_210_segment_LEON-4-2-3-1-17-09-2023-mp4_90_105-mp4_jpg.rf.9e3ceba98c6a74cbe355aa75effde2ad.jpg, 1, 0, 0, 0, 0, 0
frame_345_segment_LEON-4-2-3-1-17-09-2023-mp4_30_45-mp4_jpg.rf.9e74bedf17c8d35c230119a620c83758.jpg, 1, 0, 0, 0, 0, 0
frame_255_segment_-2-2-29-09-2023-mp4_0_15-mp4_jpg.rf.9e3807ab431213f1ccfb13f54afa2d3d.jpg, 1, 0, 0, 0, 0, 0
frame_330_segment_-21-21-1-0-24-11-2023-mp4_75_87-47-mp4_jpg.rf.9ea0419f80f7236630ca587f6f45c69e.jpg, 1, 0, 0, 0, 0, 0
frame_60_segment_FONBET-1-0-08-08-2023-mp4_30_45-mp4_jpg.rf.9ea2bcd385fccfb98dbbcdf26c57990a.jpg, 1, 0, 0, 0, 0, 0
frame_420_segment_-2-2-29-09-2023-mp4_30_45-mp4_jpg.rf.9e8a9a992c878ac47cc0c48bcc51725d.jpg, 1, 0, 0, 0, 0, 0
frame_255_segment_-0-1-06-11-2023-mp4_90_105-mp4_jpg.rf.9ec850eaef69f8fd68e27353f4961172.jpg, 1, 0, 0, 0, 0, 0
frame_360_segment_LEON-4-2-2-1-1-12-11-2023-mp4_75_90-mp4_jpg.rf.9ec93f23fabbf3fe52554c254b925b71.jpg, 0, 0, 0, 0, 1, 0
frame_225_segment_-21-21-3-2-01-09-2023-mp4_30_45-mp4_jpg.rf.9edaac03da8dd73c90f6a70a5b52e74b.jpg, 1, 0, 0, 0, 0, 0
frame_285_segment_-21-21-1-0-24-11-2023-mp4_60_75-mp4_jpg.rf.9ecd699ae56ee6d1e553469cf7bff744.jpg, 1, 0, 0, 0, 0, 0
frame_300_segment_FONBET-2-1-29-08-2023-mp4_15_30-mp4_jpg.rf.9ed2b4e123c71790d744ebd8d5f80fb6.jpg, 0, 0, 0, 0, 1, 0
frame_300_segment_-21-21-2-3-25-08-2023-mp4_30_45-mp4_jpg.rf.9f61b3df2495669c0fbe37ff74b9d95f.jpg, 1, 0, 0, 0, 0, 0
frame_255_segment_FONBET-1-0-08-08-2023-mp4_45_60-mp4_jpg.rf.9ee1eceae86fc2f40d08a93d0f102343.jpg, 1, 0, 0, 0, 0, 0
frame_375_segment_FONBET-2-0-03-10-2023-mp4_60_75-mp4_jpg.rf.9f1a2ee79794b17ff86078c0684a9f4b.jpg, 0, 0, 0, 0, 1, 0
frame_375_segment_-2-0-08-12-2023-mp4_45_60-mp4_jpg.rf.9ef9b242cc37f73cbb29d613a26b5f80.jpg, 1, 0, 0, 0, 0, 0
frame_45_segment_LEON-4-2-0-2-13-08-2023-mp4_15_30-mp4_jpg.rf.9f6af151098a0563805a98dc2a7f7d35.jpg, 1, 0, 0, 0, 0, 0
frame_420_segment_FONBET-1-0-08-08-2023-mp4_75_90-mp4_jpg.rf.9f8b6d97a938b9573cd1e7ab0ddb0665.jpg, 1, 0, 0, 0, 0, 0
frame_30_segment_FONBET-2-1-25-07-2023-mp4_75_90-mp4_jpg.rf.9f876b6bfdcccb84ab978f7f88fb84c0.jpg, 0, 0, 0, 0, 0, 1
frame_405_segment_-4-0-26-08-2023-mp4_15_30-mp4_jpg.rf.9f767c6f884be7b6e6c920006c8946c6.jpg, 1, 0, 0, 0, 0, 0
frame_300_segment_-21-21-1-0-24-11-2023-mp4_45_60-mp4_jpg.rf.9f9dc037d686c8834372195e9d428a23.jpg, 1, 0, 0, 0, 0, 0
frame_420_segment_-0-0-17-09-2023-mp4_60_75-mp4_jpg.rf.9f96879d240c2834572f15b66a209920.jpg, 0, 0, 0, 0, 1, 0
frame_435_segment_FONBET-2-0-03-10-2023-mp4_0_15-mp4_jpg.rf.9f9eeb1f9d9ecad6ec58d44c01acc589.jpg, 1, 0, 0, 0, 0, 0
frame_360_segment_-0-0-29-07-2023-mp4_120_135-mp4_jpg.rf.9fa8b3e8e2d6d43144a320063b21fc60.jpg, 1, 0, 0, 0, 0, 0
frame_390_segment_-4-0-26-08-2023-mp4_15_30-mp4_jpg.rf.9fc57e06b53dada95665abf33a0a4719.jpg, 1, 0, 0, 0, 0, 0
frame_425_segment_-0-2-05-08-2023-mp4_0_15-mp4_jpg.rf.9fac5f076478663baf59627717f82793.jpg, 1, 0, 0, 0, 0, 0
frame_270_segment_-0-1-02-09-2023-mp4_0_15-mp4_jpg.rf.9fd3ef2f800ccf82fa4923b399830c36.jpg, 0, 0, 0, 0, 0, 1
frame_45_segment_-21-21-2-3-25-08-2023-mp4_0_15-mp4_jpg.rf.9faac74ede06a246a24e3f13d79ae233.jpg, 1, 0, 0, 0, 0, 0
frame_195_segment_FONBET-0-0-20-09-2023-mp4_30_45-mp4_jpg.rf.9fe867010ab149f67e59e672199de71d.jpg, 1, 0, 0, 0, 0, 0
frame_270_segment_LEON-4-2-1-3-01-10-2023-mp4_0_15-mp4_jpg.rf.a00b0f6a0505b00110660c5529405038.jpg, 1, 0, 0, 0, 0, 0
frame_650_segment_-0-2-05-08-2023-mp4_90_105-mp4_jpg.rf.9feb4e6cbadf0907d42ecf0f648284e3.jpg, 1, 0, 0, 0, 0, 0
frame_285_segment_FONBET-2-1-25-07-2023-mp4_90_105-mp4_jpg.rf.9fe1f7f8231d53d4b1e282541f668cbd.jpg, 0, 0, 0, 0, 0, 1
frame_300_segment_FONBET-2-1-29-08-2023-mp4_30_45-mp4_jpg.rf.a0123c5fed5d34caaee77e56bdf9dce5.jpg, 1, 0, 0, 0, 0, 0
frame_135_segment_-0-1-19-08-2023-mp4_15_30-mp4_jpg.rf.a031ad04eb91a2f40803468cdcc3c3b7.jpg, 1, 0, 0, 0, 0, 0
frame_425_segment_-3-2-11-08-2023-mp4_90_105-mp4_jpg.rf.a083b79a737385b419fe99fbaca80f2a.jpg, 1, 0, 0, 0, 0, 0
frame_285_segment_-0-0-29-07-2023-mp4_60_75-mp4_jpg.rf.a07b7212fbb9a6e34d057cd3c553edda.jpg, 0, 0, 0, 0, 1, 0
frame_240_segment_-1-0-02-12-2023-mp4_0_15-mp4_jpg.rf.a00f4a6c4a8a934df247f9a69eef6648.jpg, 1, 0, 0, 0, 0, 0
frame_0_segment_-21-21-1-0-24-11-2023-mp4_45_60-mp4_jpg.rf.a040a9508d6f27fa1f7ba2b37f95281b.jpg, 1, 0, 0, 0, 0, 0
frame_345_segment_-21-21-1-0-24-11-2023-mp4_0_15-mp4_jpg.rf.a06941e7fb61915ad6b6e3e88379a331.jpg, 1, 0, 0, 0, 0, 0
frame_300_segment_-2-1-22-07-2023-mp4_90_105-mp4_jpg.rf.a0e7df55263463561365f5d6096c8267.jpg, 1, 0, 0, 0, 0, 0
frame_150_segment_FONBET-2-0-03-10-2023-mp4_0_15-mp4_jpg.rf.a10cefe27f864b8166d85f857b8bd2a6.jpg, 1, 0, 0, 0, 0, 0
frame_435_segment_LEON-4-2-3-1-17-09-2023-mp4_60_75-mp4_jpg.rf.a0f7371925479892eab950c392145bdb.jpg, 1, 0, 0, 0, 0, 0
frame_675_segment_-0-2-05-08-2023-mp4_45_60-mp4_jpg.rf.a1053a2a6e087b3dc4c9b9eb0cf1845e.jpg, 1, 0, 0, 0, 0, 0
frame_150_segment_-3-2-11-08-2023-mp4_15_30-mp4_jpg.rf.a10112a840410f1126e745989352caea.jpg, 1, 0, 0, 0, 0, 0
frame_180_segment_LEON-4-2-2-1-1-16-07-2023-mp4_0_15-mp4_jpg.rf.a16cad0ba911ec298ff9433f341ff7fe.jpg, 0, 0, 0, 0, 1, 0
frame_150_segment_LEON-4-2-2-1-1-12-11-2023-mp4_75_90-mp4_jpg.rf.a16ea1ea1b3dfd6bbf0351cfa24bf029.jpg, 1, 0, 0, 0, 0, 0
frame_105_segment_LEON-4-2-2-1-1-16-07-2023-mp4_90_105-mp4_jpg.rf.a12803ca4d0a33867d2401b62227914e.jpg, 1, 0, 0, 0, 0, 0
frame_30_segment_-2-1-22-07-2023-mp4_60_73-7-mp4_jpg.rf.a12f8fb0f0df7ce62a15691c069142f0.jpg, 1, 0, 0, 0, 0, 0
frame_195_segment_-0-0-29-07-2023-mp4_0_15-mp4_jpg.rf.a1e2113a8d052c53761ca8d3975d2cd0.jpg, 1, 0, 0, 0, 0, 0
frame_210_segment_-0-1-19-08-2023-mp4_30_45-mp4_jpg.rf.a1afa7f5b452fe18b87f204b6523c2ac.jpg, 1, 0, 0, 0, 0, 0
frame_285_segment_LEON-4-2-3-2-23-09-2023-mp4_0_15-mp4_jpg.rf.a1923b0296b2acfba8567d5ce646fe0b.jpg, 1, 0, 0, 0, 0, 0
frame_150_segment_-0-0-17-09-2023-mp4_75_90-mp4_jpg.rf.a1e7b810c472bf0e0acc38b900bf71cb.jpg, 1, 0, 0, 0, 0, 0
frame_150_segment_-0-1-06-11-2023-mp4_30_45-mp4_jpg.rf.a21c4c56ee40e46377c922f4aa70749b.jpg, 1, 0, 0, 0, 0, 0
frame_285_segment_FONBET-2-1-25-07-2023-mp4_120_132-14-mp4_jpg.rf.a20d86e4105d5daae7900fc273285cdb.jpg, 1, 0, 0, 0, 0, 0
frame_135_segment_LEON-4-2-2-1-1-12-11-2023-mp4_15_30-mp4_jpg.rf.a1fe4660ebd6d3834cef7d1600593b0c.jpg, 1, 0, 0, 0, 0, 0
frame_330_segment_LEON-4-2-3-1-17-09-2023-mp4_90_105-mp4_jpg.rf.a2024fe62ab36269759d28ae72741197.jpg, 1, 0, 0, 0, 0, 0
frame_435_segment_-21-21-0-2-01-12-2023-mp4_45_60-mp4_jpg.rf.a25849281d437e3725707897b50bb466.jpg, 1, 0, 0, 0, 0, 0
frame_175_segment_-3-2-11-08-2023-mp4_15_30-mp4_jpg.rf.a21c80c7a8e2292778217bd5f11f2c06.jpg, 1, 0, 0, 0, 0, 0
frame_300_segment_-2-0-24-09-2023-mp4_45_60-mp4_jpg.rf.a28258227f0c159e1775f5e9e40c0153.jpg, 1, 0, 0, 0, 0, 0
frame_150_segment_-0-0-29-07-2023-mp4_120_135-mp4_jpg.rf.a26773abf1c9f2b011ddbcf4801925a8.jpg, 1, 0, 0, 0, 0, 0
frame_330_segment_-2-1-22-07-2023-mp4_90_105-mp4_jpg.rf.a2b463e6cb7ca7cd40e72727cae42830.jpg, 1, 0, 0, 0, 0, 0
frame_135_segment_-21-21-2-2-18-08-2023-mp4_45_60-mp4_jpg.rf.a2a1b92432c9a0e9323ac34181c2fb93.jpg, 1, 0, 0, 0, 0, 0
frame_405_segment_-0-1-02-09-2023-mp4_30_45-mp4_jpg.rf.a2cfc96958158ddc1eb695585ae73b86.jpg, 1, 0, 0, 0, 0, 0
frame_650_segment_-3-2-11-08-2023-mp4_75_90-mp4_jpg.rf.a2d9b4d453999ef12627379e45ad80d7.jpg, 1, 0, 0, 0, 0, 0
frame_315_segment_-21-21-0-2-01-12-2023-mp4_15_30-mp4_jpg.rf.a2a20dd56ed8bc3fa8c5db063698633f.jpg, 1, 0, 0, 0, 0, 0
frame_360_segment_-2-0-24-09-2023-mp4_75_90-mp4_jpg.rf.a295b0389aa96752af0fba0ad4c892e9.jpg, 1, 0, 0, 0, 0, 0
frame_270_segment_LEON-4-2-2-1-1-12-11-2023-mp4_0_15-mp4_jpg.rf.a2ccd1b8966e06245dc28f7c4e335b79.jpg, 1, 0, 0, 0, 0, 0
frame_165_segment_-0-0-17-09-2023-mp4_15_30-mp4_jpg.rf.a2d319c88752d79db02b8cb8ce609b33.jpg, 1, 0, 0, 0, 0, 0
frame_210_segment_-0-1-02-09-2023-mp4_90_105-mp4_jpg.rf.a3146a7db72ed63dcbb7a91d9ee0c1d1.jpg, 1, 0, 0, 0, 0, 0
frame_105_segment_LEON-4-2-2-2-3-28-08-2023-mp4_15_30-mp4_jpg.rf.a2e280a0cbf498e4636ac3d8bbd9f484.jpg, 1, 0, 0, 0, 0, 0
frame_120_segment_-1-0-02-12-2023-mp4_30_45-mp4_jpg.rf.a309aee0443727a61d0be00bdd4ca4e7.jpg, 1, 0, 0, 0, 0, 0
frame_325_segment_-3-2-11-08-2023-mp4_15_30-mp4_jpg.rf.a30c7e2d1227b36f4c6a95a575af0bdc.jpg, 1, 0, 0, 0, 0, 0
frame_165_segment_-21-21-5-0-27-10-2023-mp4_0_15-mp4_jpg.rf.a329780f81ec456b5df6e4d3e14db3f0.jpg, 1, 0, 0, 0, 0, 0
frame_75_segment_-0-2-05-08-2023-mp4_45_60-mp4_jpg.rf.a34644d1721fab6ebd42123c1b0e7d07.jpg, 1, 0, 0, 0, 0, 0
frame_150_segment_-0-1-19-08-2023-mp4_15_30-mp4_jpg.rf.a39a820c5a28d2adda61b3d26b66005f.jpg, 1, 0, 0, 0, 0, 0
frame_435_segment_FONBET-2-1-02-11-2023-mp4_0_15-mp4_jpg.rf.a3acc1b6ae18f11cf1840b774bd0af7f.jpg, 1, 0, 0, 0, 0, 0
frame_300_segment_FONBET-2-1-29-08-2023-mp4_30_45-mp4_jpg.rf.a36826399a399bb9cdaae59494cbfd9b.jpg, 1, 0, 0, 0, 0, 0
frame_165_segment_-21-21-2-2-10-08-2023-mp4_45_60-mp4_jpg.rf.a3ccf35df27f5b0b50ff47fe424ae434.jpg, 1, 0, 0, 0, 0, 0
frame_375_segment_LEON-4-2-3-1-17-09-2023-mp4_45_60-mp4_jpg.rf.a3ff1881ae5374b50fa3c46bdd5f603e.jpg, 1, 0, 0, 0, 0, 0
frame_195_segment_-1-0-02-12-2023-mp4_45_60-mp4_jpg.rf.a3cf71917eab1f3d022409fbfbcc48f0.jpg, 1, 0, 0, 0, 0, 0
frame_375_segment_-0-2-05-08-2023-mp4_30_45-mp4_jpg.rf.a436acce03173d05625883d9150609c1.jpg, 1, 0, 0, 0, 0, 0
frame_60_segment_LEON-4-2-0-0-15-10-2023-mp4_0_15-mp4_jpg.rf.a4b04d9955aaa2206195fabfec37e4d6.jpg, 1, 0, 0, 0, 0, 0
frame_315_segment_LEON-4-2-3-1-17-09-2023-mp4_0_15-mp4_jpg.rf.a4b46a5411a2828aa245bce0505fd86b.jpg, 1, 0, 0, 0, 0, 0
frame_180_segment_-0-1-02-09-2023-mp4_60_75-mp4_jpg.rf.a4635bbc5c10c804d8f22ddc24a00e4b.jpg, 1, 0, 0, 0, 0, 0
frame_150_segment_-2-1-22-07-2023-mp4_105_120-mp4_jpg.rf.a53b82e29648ecde5d0c37c4a9cf93e1.jpg, 1, 0, 0, 0, 0, 0
frame_105_segment_-21-21-3-2-01-09-2023-mp4_15_30-mp4_jpg.rf.a4deecbd02774f7ff2b7381a7bc6d168.jpg, 1, 0, 0, 0, 0, 0
frame_390_segment_FONBET-2-1-29-08-2023-mp4_45_60-mp4_jpg.rf.a525228d0e98636eee5bd078724fef86.jpg, 1, 0, 0, 0, 0, 0
frame_360_segment_-0-0-17-09-2023-mp4_30_45-mp4_jpg.rf.a4d4ddbbbaf917cb6beea9a82807d6c2.jpg, 0, 0, 0, 0, 0, 1
frame_375_segment_FONBET-2-1-25-07-2023-mp4_30_45-mp4_jpg.rf.a549ae7aaf8fc1c5c66b758fc96f7f07.jpg, 0, 0, 0, 0, 1, 0
frame_105_segment_LEON-4-2-0-2-13-08-2023-mp4_0_15-mp4_jpg.rf.a5b4b19f99771a5fa8a5d40f903ae1a0.jpg, 1, 0, 0, 0, 0, 0
frame_300_segment_-3-1-11-11-2023-mp4_15_30-mp4_jpg.rf.a54acd2d193c721db8d9b05869f6ca85.jpg, 1, 0, 0, 0, 0, 0
frame_475_segment_-3-2-11-08-2023-mp4_75_90-mp4_jpg.rf.a5b62d3b076665376d80de1fa8ab0dc8.jpg, 1, 0, 0, 0, 0, 0
frame_375_segment_-21-21-2-0-15-09-2023-mp4_15_30-mp4_jpg.rf.a5e809f405ce4d34acf6c95a07537c65.jpg, 1, 0, 0, 0, 0, 0
frame_405_segment_FONBET-2-1-25-07-2023-mp4_60_75-mp4_jpg.rf.a5cb1a57f0fb03dd5a7c315b7d1dad0f.jpg, 1, 0, 0, 0, 0, 0
frame_300_segment_FONBET-2-0-03-10-2023-mp4_15_30-mp4_jpg.rf.a6298e88d2bdd7c2a22820e7f0716ac6.jpg, 0, 0, 0, 0, 1, 0
frame_375_segment_-21-21-3-2-04-08-2023-mp4_60_75-mp4_jpg.rf.a6307777642cc7788400d0b00f213833.jpg, 1, 0, 0, 0, 0, 0
frame_165_segment_FONBET-2-1-29-08-2023-mp4_30_45-mp4_jpg.rf.a65e3b3bb35683837b026b2514c8e35d.jpg, 1, 0, 0, 0, 0, 0
frame_255_segment_-2-0-24-09-2023-mp4_60_75-mp4_jpg.rf.a67eb0e2a1735e119c5cc7175b57403c.jpg, 1, 0, 0, 0, 0, 0
frame_165_segment_-21-21-1-3-10-11-2023-mp4_45_60-mp4_jpg.rf.a6369eb01dc50930511f0ca1738222be.jpg, 1, 0, 0, 0, 0, 0
frame_420_segment_-2-1-22-07-2023-mp4_0_15-mp4_jpg.rf.a66fae6f5116c0a20f04b40204de7d88.jpg, 1, 0, 0, 0, 0, 0
frame_180_segment_-21-21-2-2-10-08-2023-mp4_30_45-mp4_jpg.rf.a68b96b5f2bf28cb2a358a70c1d39794.jpg, 1, 0, 0, 0, 0, 0
frame_450_segment_-0-2-05-08-2023-mp4_45_60-mp4_jpg.rf.a6f9139083f9eefc29af169d16e6d879.jpg, 1, 0, 0, 0, 0, 0
frame_375_segment_-1-0-02-12-2023-mp4_0_15-mp4_jpg.rf.a6cb5e22d07c13f228893ae23478eb52.jpg, 1, 0, 0, 0, 0, 0
frame_315_segment_-3-1-26-11-2023-mp4_75_90-mp4_jpg.rf.a70ac76fd89fa47faa36ba5cb08023e3.jpg, 1, 0, 0, 0, 0, 0
frame_75_segment_-0-0-29-07-2023-mp4_15_30-mp4_jpg.rf.a713279b7ff850c4474ea1c90f5f1f30.jpg, 1, 0, 0, 0, 0, 0
frame_300_segment_-1-0-02-12-2023-mp4_60_75-mp4_jpg.rf.a710bc7a1192e6f0168ee62213a81210.jpg, 1, 0, 0, 0, 0, 0
frame_240_segment_-2-0-08-12-2023-mp4_15_30-mp4_jpg.rf.a71e7687e2c3226cbe36b89385a50e85.jpg, 1, 0, 0, 0, 0, 0
frame_315_segment_FONBET-1-0-08-08-2023-mp4_0_15-mp4_jpg.rf.a78792fceb430e024a141d3af13132b3.jpg, 1, 0, 0, 0, 0, 0
frame_375_segment_-2-2-29-09-2023-mp4_30_45-mp4_jpg.rf.a7ac8920513ec0c58231f17c8d49226b.jpg, 1, 0, 0, 0, 0, 0
frame_420_segment_-0-1-02-09-2023-mp4_15_30-mp4_jpg.rf.a7df2938f012954aac9c4902d983d441.jpg, 1, 0, 0, 0, 0, 0
frame_360_segment_-2-1-22-07-2023-mp4_60_75-mp4_jpg.rf.a81913d50841ef3086c23a2af3e87ffe.jpg, 0, 0, 0, 0, 1, 0
frame_150_segment_-3-1-11-11-2023-mp4_60_75-mp4_jpg.rf.a8534cda82a215c8e119ef70adba25fd.jpg, 1, 0, 0, 0, 0, 0
frame_375_segment_LEON-4-2-0-0-23-07-2023-mp4_45_60-mp4_jpg.rf.a8e834a40a1abd6e27e2a2ae1fa350b9.jpg, 1, 0, 0, 0, 0, 0
frame_180_segment_LEON-4-2-2-1-29-07-2023-mp4_0_15-mp4_jpg.rf.a86de2195bca6350e6a3daece85c5b99.jpg, 1, 0, 0, 0, 0, 0
frame_420_segment_-2-1-22-07-2023-mp4_30_45-mp4_jpg.rf.a8bd4a44908536bf145a081e6a988aa3.jpg, 1, 0, 0, 0, 0, 0
frame_75_segment_-2-0-08-12-2023-mp4_0_15-mp4_jpg.rf.a914f35a45d6af741e54b08590491e76.jpg, 1, 0, 0, 0, 0, 0
frame_390_segment_LEON-4-2-0-0-23-07-2023-mp4_30_45-mp4_jpg.rf.a9246e718a8ad05c337a9210d6a28297.jpg, 1, 0, 0, 0, 0, 0
frame_315_segment_-21-21-3-2-04-08-2023-mp4_0_15-mp4_jpg.rf.a961f9f4341c7c6bc48818cdcface729.jpg, 0, 0, 0, 0, 1, 0
frame_285_segment_-0-1-19-08-2023-mp4_30_45-mp4_jpg.rf.a9269ef51d41389401a56d4e882dffe2.jpg, 1, 0, 0, 0, 0, 0
frame_225_segment_-3-1-26-11-2023-mp4_105_120-mp4_jpg.rf.a92b88a0dcc8db3dcd2b6fa4aa5261d9.jpg, 1, 0, 0, 0, 0, 0
frame_270_segment_LEON-4-2-2-1-1-23-10-2023-mp4_60_75-mp4_jpg.rf.a98c14e2ab31d98fe0b802f515d5f216.jpg, 0, 0, 0, 0, 1, 0
frame_0_segment_LEON-4-2-1-3-01-10-2023-mp4_30_45-mp4_jpg.rf.a97fe59b28d49cb2aa40616746f405f6.jpg, 1, 0, 0, 0, 0, 0
frame_270_segment_FONBET-2-1-25-07-2023-mp4_75_90-mp4_jpg.rf.a96733db9c7a1c8e850beb0f5be65a51.jpg, 1, 0, 0, 0, 0, 0
frame_285_segment_LEON-4-2-0-0-23-07-2023-mp4_90_105-mp4_jpg.rf.a96a87307441c5b5eaffd2d130c7e610.jpg, 0, 0, 0, 0, 1, 0
frame_15_segment_LEON-4-2-0-0-15-10-2023-mp4_0_15-mp4_jpg.rf.aa011135ff4e63edd28eeca149f16e82.jpg, 1, 0, 0, 0, 0, 0
frame_165_segment_-2-1-22-07-2023-mp4_0_15-mp4_jpg.rf.aa0abb0c5aa09806790df7c345fab53f.jpg, 1, 0, 0, 0, 0, 0
frame_345_segment_LEON-4-2-0-0-23-07-2023-mp4_60_75-mp4_jpg.rf.a9d6d83085426be3692e5bfc79c626e2.jpg, 1, 0, 0, 0, 0, 0
frame_270_segment_-3-1-26-11-2023-mp4_15_30-mp4_jpg.rf.a9dba233583a9992f91d60ed8535467b.jpg, 1, 0, 0, 0, 0, 0
frame_125_segment_-3-2-11-08-2023-mp4_90_105-mp4_jpg.rf.aa0fe482d6ea28f034b72e2a9a752b07.jpg, 1, 0, 0, 0, 0, 0
frame_0_segment_-2-1-22-07-2023-mp4_30_45-mp4_jpg.rf.aa893a0fcc2ee7d66feeffc23b524a10.jpg, 1, 0, 0, 0, 0, 0
frame_425_segment_-3-2-11-08-2023-mp4_15_30-mp4_jpg.rf.aa89453587a25f22b544b16a4442e8ba.jpg, 1, 0, 0, 0, 0, 0
frame_285_segment_FONBET-0-0-20-09-2023-mp4_75_90-mp4_jpg.rf.aa114e662cc66e355095a8780015407d.jpg, 1, 0, 0, 0, 0, 0
frame_390_segment_LEON-4-2-2-1-1-12-11-2023-mp4_60_75-mp4_jpg.rf.aab4b88bdfa86d2f45bbc953f9ba3968.jpg, 1, 0, 0, 0, 0, 0
frame_105_segment_-0-0-17-09-2023-mp4_15_30-mp4_jpg.rf.aabf364630359e5550849958720660ed.jpg, 1, 0, 0, 0, 0, 0
frame_180_segment_-0-1-19-08-2023-mp4_15_30-mp4_jpg.rf.aa934139289235e475382292f3ceaee1.jpg, 1, 0, 0, 0, 0, 0
frame_270_segment_-0-1-19-08-2023-mp4_45_60-mp4_jpg.rf.aabed0c5bc6f1a8812d08a3e0d7de4ff.jpg, 1, 0, 0, 0, 0, 0
frame_210_segment_FONBET-2-1-25-07-2023-mp4_15_30-mp4_jpg.rf.aad7735410acea33e4ec9c4188293403.jpg, 1, 0, 0, 0, 0, 0
frame_315_segment_FONBET-0-0-20-09-2023-mp4_15_30-mp4_jpg.rf.aadf2d4ca3f7fba9c7a32d5ac324607f.jpg, 0, 0, 0, 0, 0, 1
frame_360_segment_-2-2-29-09-2023-mp4_135_150-mp4_jpg.rf.aae2d10643deaea489706909244cb65b.jpg, 0, 0, 0, 0, 0, 1
frame_285_segment_-0-0-17-09-2023-mp4_180_195-mp4_jpg.rf.ab2884b2c9c6d3f2f81e4c25f944506f.jpg, 1, 0, 0, 0, 0, 0
frame_90_segment_-0-1-02-09-2023-mp4_0_15-mp4_jpg.rf.aad33c7a64be9537e594f7d4ca8580d9.jpg, 1, 0, 0, 0, 0, 0
frame_255_segment_-2-0-08-12-2023-mp4_90_105-mp4_jpg.rf.ab15118a2228df72c0ed212c4f5c707e.jpg, 1, 0, 0, 0, 0, 0
frame_15_segment_FONBET-2-1-25-07-2023-mp4_15_30-mp4_jpg.rf.ab2e5ad4041db266b09bb0a95182756d.jpg, 0, 0, 0, 0, 1, 0
frame_195_segment_-1-0-02-12-2023-mp4_30_45-mp4_jpg.rf.ab604b764fe6edab672a724dde17b499.jpg, 1, 0, 0, 0, 0, 0
frame_90_segment_FONBET-1-0-08-08-2023-mp4_15_30-mp4_jpg.rf.ab7054f45b32a07a352aeb3103dbc851.jpg, 1, 0, 0, 0, 0, 0
frame_150_segment_LEON-4-2-0-1-08-10-2023-mp4_0_15-mp4_jpg.rf.ab852fac6ffe9daf2f20f73758063d8e.jpg, 1, 0, 0, 0, 0, 0
frame_375_segment_-3-1-26-11-2023-mp4_60_75-mp4_jpg.rf.abb6a2b156052eb5fe591051d85c27c1.jpg, 1, 0, 0, 0, 0, 0
frame_255_segment_-0-0-17-09-2023-mp4_165_180-mp4_jpg.rf.ab830f13730db0c3cd8c6b8eb7dc2ccf.jpg, 0, 0, 0, 0, 1, 0
frame_330_segment_FONBET-1-0-08-08-2023-mp4_0_15-mp4_jpg.rf.abdce56c10d96209133c7e9284c1ba36.jpg, 1, 0, 0, 0, 0, 0
frame_435_segment_FONBET-1-0-08-08-2023-mp4_30_45-mp4_jpg.rf.abec752754fb51edcda8f7aefb05913a.jpg, 1, 0, 0, 0, 0, 0
frame_225_segment_FONBET-0-0-20-09-2023-mp4_0_15-mp4_jpg.rf.abfa78541b3dc87962667c14c83a8058.jpg, 1, 0, 0, 0, 0, 0
frame_330_segment_LEON-4-2-1-3-01-10-2023-mp4_15_30-mp4_jpg.rf.abf5a8ec6b1382762c8995b1557c7637.jpg, 1, 0, 0, 0, 0, 0
frame_165_segment_-2-0-24-09-2023-mp4_30_45-mp4_jpg.rf.ac0569ac87edcbb1fc2896ff656858cc.jpg, 1, 0, 0, 0, 0, 0
frame_575_segment_-3-2-11-08-2023-mp4_30_45-mp4_jpg.rf.ac47e2f9ccc122a6111e66ceb4ad747d.jpg, 1, 0, 0, 0, 0, 0
frame_300_segment_LEON-4-2-2-1-1-02-09-2023-mp4_0_15-mp4_jpg.rf.ac6e65914c78c50f5cd81d4343d01eed.jpg, 1, 0, 0, 0, 0, 0
frame_240_segment_-21-21-3-2-04-08-2023-mp4_60_75-mp4_jpg.rf.ac64f623e4e48d687c84d91b3d267059.jpg, 0, 0, 0, 0, 1, 0
frame_360_segment_-0-0-17-09-2023-mp4_135_150-mp4_jpg.rf.ac81e7d5467ee0ca4c22293578d2ed26.jpg, 1, 0, 0, 0, 0, 0
frame_725_segment_-3-2-11-08-2023-mp4_45_60-mp4_jpg.rf.ac97ea242e0331c0b218983cbc7247c0.jpg, 1, 0, 0, 0, 0, 0
frame_475_segment_-0-2-05-08-2023-mp4_15_30-mp4_jpg.rf.acbf93ff483f303c7859aecdc1ee96ba.jpg, 1, 0, 0, 0, 0, 0
frame_175_segment_-3-2-11-08-2023-mp4_30_45-mp4_jpg.rf.acc866968d67b35a0f62e896df919209.jpg, 1, 0, 0, 0, 0, 0
frame_240_segment_LEON-4-2-2-1-1-16-07-2023-mp4_0_15-mp4_jpg.rf.ad436d385bdb3df77a0ddd0760ef08db.jpg, 1, 0, 0, 0, 0, 0
frame_30_segment_-0-0-17-09-2023-mp4_45_60-mp4_jpg.rf.acf276ea2ba3ab0dfe9e3a0ab10513e8.jpg, 1, 0, 0, 0, 0, 0
frame_420_segment_-3-1-11-11-2023-mp4_15_30-mp4_jpg.rf.ad50259840e510bb54f4a56200c6899f.jpg, 1, 0, 0, 0, 0, 0
frame_180_segment_FONBET-2-1-25-07-2023-mp4_105_120-mp4_jpg.rf.addc47934c8b7299d5745560cbec6c4c.jpg, 1, 0, 0, 0, 0, 0
frame_165_segment_LEON-4-2-2-3-06-08-2023-mp4_0_15-mp4_jpg.rf.ae026e8d7616531614294428bfd5e361.jpg, 1, 0, 0, 0, 0, 0
frame_75_segment_-21-21-0-3-29-09-2023-mp4_75_90-mp4_jpg.rf.ae71ba5e6e7b001c0a68a53afc0522a3.jpg, 1, 0, 0, 0, 0, 0
frame_50_segment_-3-2-11-08-2023-mp4_15_30-mp4_jpg.rf.ae53f37d20904ed66dee47a0da39063f.jpg, 1, 0, 0, 0, 0, 0
frame_435_segment_-21-21-0-6-20-10-2023-mp4_15_30-mp4_jpg.rf.ae8b322eb690c0ad8188d7010e5a640e.jpg, 1, 0, 0, 0, 0, 0
frame_390_segment_-21-21-2-0-15-09-2023-mp4_60_75-mp4_jpg.rf.aea9886f6f04d74321736b6ce76d6436.jpg, 1, 0, 0, 0, 0, 0
frame_270_segment_LEON-4-2-0-0-23-07-2023-mp4_15_30-mp4_jpg.rf.ae9f4636b06b6fe96a785bca353aef8c.jpg, 1, 0, 0, 0, 0, 0
frame_330_segment_-1-0-02-12-2023-mp4_45_60-mp4_jpg.rf.aea07e47adcdc9a15aebf138a3e1704c.jpg, 1, 0, 0, 0, 0, 0
frame_135_segment_LEON-4-2-0-0-23-07-2023-mp4_30_45-mp4_jpg.rf.aeeaed32860f5c0058a32a9469597185.jpg, 1, 0, 0, 0, 0, 0
frame_150_segment_-21-21-2-2-10-08-2023-mp4_60_75-mp4_jpg.rf.af119fa92d14c9587f3a6726284ea8cb.jpg, 1, 0, 0, 0, 0, 0
frame_250_segment_-3-2-11-08-2023-mp4_75_90-mp4_jpg.rf.aef03ca73e2294573180a9ec9aa173f0.jpg, 1, 0, 0, 0, 0, 0
frame_195_segment_-2-1-22-07-2023-mp4_90_105-mp4_jpg.rf.af3a92ad988bc3e832131bcb42eafa3b.jpg, 1, 0, 0, 0, 0, 0
frame_300_segment_FONBET-2-1-25-07-2023-mp4_105_120-mp4_jpg.rf.aeef3f3c8c1d182543e8a3462e6960e8.jpg, 1, 0, 0, 0, 0, 0
frame_435_segment_-2-1-29-10-2023-mp4_45_60-mp4_jpg.rf.af459c20af75fc16623f9caf8e6bd26d.jpg, 1, 0, 0, 0, 0, 0
frame_270_segment_FONBET-1-0-08-08-2023-mp4_0_15-mp4_jpg.rf.af93d138f7d9918c6fffa2fdf69eb59e.jpg, 0, 0, 0, 0, 1, 0
frame_60_segment_FONBET-2-1-29-08-2023-mp4_15_30-mp4_jpg.rf.afb1e284986ec2519bcedf036c9ea896.jpg, 1, 0, 0, 0, 0, 0
frame_165_segment_-21-21-2-2-18-08-2023-mp4_30_45-mp4_jpg.rf.afb3876183128c7bbca40dc023d3ce00.jpg, 1, 0, 0, 0, 0, 0
frame_315_segment_-0-0-17-09-2023-mp4_45_60-mp4_jpg.rf.afb6e7bca6f6477d925582d0059e8b0d.jpg, 1, 0, 0, 0, 0, 0
frame_360_segment_-2-2-29-09-2023-mp4_30_45-mp4_jpg.rf.afdd0ff6703a9f335b8f70591f298b35.jpg, 0, 0, 0, 0, 1, 0
frame_180_segment_LEON-4-2-3-1-17-09-2023-mp4_75_90-mp4_jpg.rf.b01be36a062ffe7a3d200dca6bcaae45.jpg, 1, 0, 0, 0, 0, 0
frame_435_segment_-0-1-06-11-2023-mp4_90_105-mp4_jpg.rf.b01048bf963532e72750e8ae2d2296ef.jpg, 1, 0, 0, 0, 0, 0
frame_435_segment_FONBET-2-1-29-08-2023-mp4_30_45-mp4_jpg.rf.b0260a41fb7d0f24a80a7b0f8c69a2d9.jpg, 1, 0, 0, 0, 0, 0
frame_30_segment_-21-21-0-3-29-09-2023-mp4_45_60-mp4_jpg.rf.b0834265cfb586e1a6c2c007435ddc5f.jpg, 1, 0, 0, 0, 0, 0
frame_180_segment_-2-1-22-07-2023-mp4_75_90-mp4_jpg.rf.b0818a8606337e97e08bc3e2fdf81856.jpg, 1, 0, 0, 0, 0, 0
frame_225_segment_LEON-4-2-2-1-29-07-2023-mp4_0_15-mp4_jpg.rf.b090c5e0cf1f12c461e7bd30110368d9.jpg, 1, 0, 0, 0, 0, 0
frame_345_segment_-0-0-17-09-2023-mp4_195_210-mp4_jpg.rf.b09c665e38bf4b7da708d95dc49ef9ef.jpg, 1, 0, 0, 0, 0, 0
frame_405_segment_LEON-4-2-0-2-13-08-2023-mp4_0_15-mp4_jpg.rf.b0af696220f8840d8b51d25a01ca21fd.jpg, 1, 0, 0, 0, 0, 0
frame_180_segment_-2-0-24-09-2023-mp4_30_45-mp4_jpg.rf.b0c5f4f027d70115fdbe90a474a08dc0.jpg, 1, 0, 0, 0, 0, 0
frame_375_segment_-0-2-05-08-2023-mp4_45_60-mp4_jpg.rf.b0b27656b14287a27f5e6ad13fea7b0d.jpg, 1, 0, 0, 0, 0, 0
frame_300_segment_-21-21-2-2-10-08-2023-mp4_60_75-mp4_jpg.rf.b0cd3f22d52a79495f020051bf826a83.jpg, 1, 0, 0, 0, 0, 0
frame_15_segment_-1-0-02-12-2023-mp4_75_90-mp4_jpg.rf.b0f16053034b381457cbae9860c16a5f.jpg, 1, 0, 0, 0, 0, 0
frame_255_segment_-4-0-26-08-2023-mp4_45_60-mp4_jpg.rf.b112a542c8a168992074acc380237523.jpg, 1, 0, 0, 0, 0, 0
frame_390_segment_-21-21-2-2-10-08-2023-mp4_75_90-mp4_jpg.rf.b146786edc53ae9a69b15fc9522c7842.jpg, 0, 0, 0, 0, 1, 0
frame_285_segment_-4-0-26-08-2023-mp4_30_45-mp4_jpg.rf.b10768d3c234d4c8d0fcacacd3203bf1.jpg, 0, 0, 0, 0, 0, 1
frame_195_segment_-2-1-22-07-2023-mp4_75_90-mp4_jpg.rf.b14623fcb632c7de8fad772ed5e61a33.jpg, 1, 0, 0, 0, 0, 0
frame_375_segment_-0-1-02-09-2023-mp4_30_45-mp4_jpg.rf.b122e5091437fae3b4155606a12f4eec.jpg, 1, 0, 0, 0, 0, 0
frame_375_segment_FONBET-2-1-29-08-2023-mp4_75_90-mp4_jpg.rf.b147923e830d56abe433d7e3306f90cf.jpg, 1, 0, 0, 0, 0, 0
frame_180_segment_-21-21-1-0-24-11-2023-mp4_60_75-mp4_jpg.rf.b14abdbcf00400a30b17ef301c2c142e.jpg, 1, 0, 0, 0, 0, 0
frame_0_segment_-21-21-3-1-03-11-2023-mp4_0_15-mp4_jpg.rf.b1aa82214905109355015c61b84382b8.jpg, 1, 0, 0, 0, 0, 0
frame_266_segment_-21-21-2-1-06-10-2023-mp4_0_15-mp4_jpg.rf.b18b82b867fdac186d0de81278b7fa1f.jpg, 0, 0, 0, 0, 1, 0
frame_360_segment_-0-1-19-08-2023-mp4_30_45-mp4_jpg.rf.b1b7883c49b950eac62de4c8c68a9f21.jpg, 1, 0, 0, 0, 0, 0
frame_315_segment_LEON-4-2-3-1-17-09-2023-mp4_75_90-mp4_jpg.rf.b1c2ec607de409c4282e8e85a9f53bcd.jpg, 0, 0, 0, 0, 1, 0
frame_400_segment_-0-2-05-08-2023-mp4_60_75-mp4_jpg.rf.b22c6d201edbd7288ead785410859fe4.jpg, 1, 0, 0, 0, 0, 0
frame_405_segment_-3-1-11-11-2023-mp4_45_60-mp4_jpg.rf.b211d29fb4b479527228548ef2e563a8.jpg, 1, 0, 0, 0, 0, 0
frame_425_segment_-3-2-11-08-2023-mp4_0_15-mp4_jpg.rf.b1e4b0552329b7cf7399465de5bc1dbf.jpg, 1, 0, 0, 0, 0, 0
frame_210_segment_-0-0-29-07-2023-mp4_90_105-mp4_jpg.rf.b292fab278148c4914e3b161eb053205.jpg, 1, 0, 0, 0, 0, 0
frame_375_segment_LEON-4-2-3-1-17-09-2023-mp4_0_15-mp4_jpg.rf.b248df51ca42bf4fa369a3b88c8d7b5e.jpg, 1, 0, 0, 0, 0, 0
frame_390_segment_-0-0-29-07-2023-mp4_75_90-mp4_jpg.rf.b298ef0cad7da3cbebd27f0eb7c0935a.jpg, 1, 0, 0, 0, 0, 0
frame_240_segment_-21-21-2-2-10-08-2023-mp4_30_45-mp4_jpg.rf.b257f8f0c571bcb5a15ee4ebaad39f6c.jpg, 0, 0, 0, 0, 0, 1
frame_435_segment_FONBET-2-1-25-07-2023-mp4_30_45-mp4_jpg.rf.b2d2c1abb506f773cd1b2ff2ab6a65ce.jpg, 0, 0, 0, 0, 1, 0
frame_150_segment_-0-2-05-08-2023-mp4_90_105-mp4_jpg.rf.b2a345d999b7a49e67e786bac941e96b.jpg, 1, 0, 0, 0, 0, 0
frame_255_segment_-21-21-3-2-01-09-2023-mp4_0_15-mp4_jpg.rf.b2d5d60182f7a88520f1d59b9316bd10.jpg, 1, 0, 0, 0, 0, 0
frame_435_segment_-21-21-3-2-04-08-2023-mp4_60_75-mp4_jpg.rf.b2dc066ffa442808d12c85003811116a.jpg, 1, 0, 0, 0, 0, 0
frame_360_segment_FONBET-0-0-20-09-2023-mp4_0_15-mp4_jpg.rf.b2e8dad69b08c0bcf76dea599ad5c10a.jpg, 1, 0, 0, 0, 0, 0
frame_375_segment_-2-2-29-09-2023-mp4_45_60-mp4_jpg.rf.b30bf145d4ece9a4127b497cc55c05df.jpg, 1, 0, 0, 0, 0, 0
frame_420_segment_-0-0-17-09-2023-mp4_45_60-mp4_jpg.rf.b30d44514bebdc11502bf977c452441c.jpg, 0, 0, 0, 0, 1, 0
frame_120_segment_LEON-4-2-2-1-1-02-09-2023-mp4_0_15-mp4_jpg.rf.b30dd80492a72711d8c336faf893f890.jpg, 1, 0, 0, 0, 0, 0
frame_420_segment_LEON-4-2-3-1-17-09-2023-mp4_15_30-mp4_jpg.rf.b3b5043c0784455acdf4b8c401c35096.jpg, 1, 0, 0, 0, 0, 0
frame_135_segment_-21-21-1-3-10-11-2023-mp4_30_45-mp4_jpg.rf.b39da73c5e4df7fa68f693fa90570489.jpg, 1, 0, 0, 0, 0, 0
frame_315_segment_FONBET-1-0-08-08-2023-mp4_75_90-mp4_jpg.rf.b3b6bd063c73b563a84c57c292f76bff.jpg, 1, 0, 0, 0, 0, 0
frame_195_segment_-2-0-08-12-2023-mp4_30_45-mp4_jpg.rf.b31776a4249ce486645d4c798e1560fe.jpg, 1, 0, 0, 0, 0, 0
frame_175_segment_-0-2-05-08-2023-mp4_30_45-mp4_jpg.rf.b3c5bb7ed722739ee3dba1f423998fe8.jpg, 1, 0, 0, 0, 0, 0
frame_275_segment_-3-2-11-08-2023-mp4_45_60-mp4_jpg.rf.b3dfbf74868108309ece36f8752f2065.jpg, 1, 0, 0, 0, 0, 0
frame_225_segment_-3-1-11-11-2023-mp4_0_15-mp4_jpg.rf.b417155db95224dc252fcaa7880df1aa.jpg, 1, 0, 0, 0, 0, 0
frame_75_segment_FONBET-2-1-29-08-2023-mp4_60_75-mp4_jpg.rf.b3dfe18868ebf9dfca946f90af032356.jpg, 1, 0, 0, 0, 0, 0
frame_45_segment_-21-21-2-2-10-08-2023-mp4_75_90-mp4_jpg.rf.b442aef2ec80c4bb477a4602fe216034.jpg, 1, 0, 0, 0, 0, 0
frame_45_segment_-21-21-2-2-10-08-2023-mp4_105_120-mp4_jpg.rf.b4465ed4151f15690fb566e426a45242.jpg, 1, 0, 0, 0, 0, 0
frame_330_segment_LEON-4-2-2-1-1-23-10-2023-mp4_30_45-mp4_jpg.rf.b4938772952a9cebfaeacdc191f1a7fe.jpg, 1, 0, 0, 0, 0, 0
frame_285_segment_FONBET-2-1-25-07-2023-mp4_60_75-mp4_jpg.rf.b498660f75c372a6e6eefe7ceb2bf17e.jpg, 1, 0, 0, 0, 0, 0
frame_285_segment_-4-0-26-08-2023-mp4_75_90-mp4_jpg.rf.b4a9e8cb4aecf27a197a2c291f36f457.jpg, 1, 0, 0, 0, 0, 0
frame_435_segment_LEON-4-2-3-1-17-09-2023-mp4_30_45-mp4_jpg.rf.b4e6d739dfe55eeea12be500912a12fe.jpg, 1, 0, 0, 0, 0, 0
frame_240_segment_FONBET-1-0-08-08-2023-mp4_30_45-mp4_jpg.rf.b50b2c4e63e9282f646872607a327c64.jpg, 1, 0, 0, 0, 0, 0
frame_180_segment_-1-0-02-12-2023-mp4_60_75-mp4_jpg.rf.b4b7c8aa792530a1e40a34fccba156f0.jpg, 1, 0, 0, 0, 0, 0
frame_435_segment_LEON-4-2-3-1-17-09-2023-mp4_45_60-mp4_jpg.rf.b530376cf534fc75dbb59a0d35982c65.jpg, 1, 0, 0, 0, 0, 0
frame_255_segment_LEON-4-2-2-1-1-02-09-2023-mp4_0_15-mp4_jpg.rf.b5428c9abdc6c3da31fdf0faaab0ce9e.jpg, 1, 0, 0, 0, 0, 0
frame_345_segment_-0-1-02-09-2023-mp4_30_45-mp4_jpg.rf.b517cbaa0acfd0febdc1533e5b997af0.jpg, 1, 0, 0, 0, 0, 0
frame_195_segment_LEON-4-2-3-1-17-09-2023-mp4_45_60-mp4_jpg.rf.b55972a526f1238b55954db230e462de.jpg, 1, 0, 0, 0, 0, 0
frame_90_segment_LEON-4-2-2-1-1-23-10-2023-mp4_60_75-mp4_jpg.rf.b5797511a683346b0a8df9e6cc8bfa8d.jpg, 1, 0, 0, 0, 0, 0
frame_345_segment_-0-0-29-07-2023-mp4_15_30-mp4_jpg.rf.b5b918c982dcb584b6fff894bde303e8.jpg, 1, 0, 0, 0, 0, 0
frame_225_segment_-0-0-29-07-2023-mp4_15_30-mp4_jpg.rf.b61739b76bcdb19fb3641884097cca43.jpg, 1, 0, 0, 0, 0, 0
frame_150_segment_-2-1-29-10-2023-mp4_30_45-mp4_jpg.rf.b629198839a59aa61a24aa76077826bc.jpg, 1, 0, 0, 0, 0, 0
frame_315_segment_LEON-4-2-3-1-17-09-2023-mp4_135_150-mp4_jpg.rf.b6991c7ff7a28acada33750e4c644485.jpg, 0, 0, 0, 0, 1, 0
frame_75_segment_-21-21-0-3-29-09-2023-mp4_30_45-mp4_jpg.rf.b670351044703cefd7d59c7732fb95a2.jpg, 1, 0, 0, 0, 0, 0
frame_330_segment_-4-0-26-08-2023-mp4_75_90-mp4_jpg.rf.b6c06268e2108a4b16d246d72ba8dddc.jpg, 1, 0, 0, 0, 0, 0
frame_60_segment_-2-2-29-09-2023-mp4_0_15-mp4_jpg.rf.b699f1739537118cbe96e9f07e5dcc78.jpg, 1, 0, 0, 0, 0, 0
frame_405_segment_LEON-4-2-3-1-17-09-2023-mp4_45_60-mp4_jpg.rf.b6d10659e6a06c5e445feb7f0c3775c3.jpg, 1, 0, 0, 0, 0, 0
frame_330_segment_-0-0-17-09-2023-mp4_45_60-mp4_jpg.rf.b6e3fb5ccea38e92e03282d58ee668c3.jpg, 1, 0, 0, 0, 0, 0
frame_120_segment_LEON-4-2-2-1-1-23-10-2023-mp4_60_75-mp4_jpg.rf.b6d7d20ee81b7b8575c01a0a15c373f5.jpg, 1, 0, 0, 0, 0, 0
frame_625_segment_-0-2-05-08-2023-mp4_30_45-mp4_jpg.rf.b6ccbd8a92cfd92536c071736dfa2c92.jpg, 0, 0, 0, 0, 0, 1
frame_255_segment_FONBET-1-0-08-08-2023-mp4_75_90-mp4_jpg.rf.b6f7d5aaa74088b8d28e27002d733bf1.jpg, 0, 0, 0, 0, 0, 1
frame_240_segment_LEON-4-2-2-1-1-12-11-2023-mp4_45_60-mp4_jpg.rf.b6e88a5540fca455d3cc432ea6b28ae8.jpg, 1, 0, 0, 0, 0, 0
frame_345_segment_-2-0-08-12-2023-mp4_0_15-mp4_jpg.rf.b70e698ae47e66d3f7efca00244739fa.jpg, 1, 0, 0, 0, 0, 0
frame_350_segment_-3-2-11-08-2023-mp4_0_15-mp4_jpg.rf.b6f906fa5abf202152987f78c3609c64.jpg, 1, 0, 0, 0, 0, 0
frame_315_segment_-0-0-17-09-2023-mp4_60_75-mp4_jpg.rf.b7cb91416e5c5f0c19113fc0325d545d.jpg, 1, 0, 0, 0, 0, 0
frame_105_segment_FONBET-2-1-29-08-2023-mp4_60_75-mp4_jpg.rf.b7d75eda611fb8665731bb1f2866ce4d.jpg, 1, 0, 0, 0, 0, 0
frame_165_segment_-2-2-29-09-2023-mp4_45_60-mp4_jpg.rf.b7ecd805f53b1f2a8ffc6407522b50d6.jpg, 1, 0, 0, 0, 0, 0
frame_225_segment_-2-1-22-07-2023-mp4_90_105-mp4_jpg.rf.b70febbae56068d6396f3b7bf528e8cd.jpg, 1, 0, 0, 0, 0, 0
frame_345_segment_-21-21-0-6-20-10-2023-mp4_15_30-mp4_jpg.rf.b828e10a12658567948caabc9bf8326f.jpg, 1, 0, 0, 0, 0, 0
frame_90_segment_-21-21-1-3-10-11-2023-mp4_0_15-mp4_jpg.rf.b8147fcc1cbdd4eeab02cd1cad70f6dd.jpg, 1, 0, 0, 0, 0, 0
frame_345_segment_LEON-4-2-2-3-06-08-2023-mp4_15_30-mp4_jpg.rf.b7f9272670e2dccf0e14d206a069652d.jpg, 1, 0, 0, 0, 0, 0
frame_375_segment_FONBET-1-0-08-08-2023-mp4_0_15-mp4_jpg.rf.b82bb13ac547813dbaede739391ea8c4.jpg, 0, 0, 0, 0, 1, 0
frame_435_segment_-21-21-2-2-10-08-2023-mp4_75_90-mp4_jpg.rf.b85ceffefdc7d24d2667704d051ad601.jpg, 1, 0, 0, 0, 0, 0
frame_375_segment_-21-21-2-3-25-08-2023-mp4_15_30-mp4_jpg.rf.b879bd7936737159281b4ebfcd7ee7b0.jpg, 0, 0, 0, 0, 0, 1
frame_420_segment_-0-1-02-09-2023-mp4_60_75-mp4_jpg.rf.b862073c245e31bf8c8deb32ed70da2e.jpg, 1, 0, 0, 0, 0, 0
frame_435_segment_-3-1-26-11-2023-mp4_30_45-mp4_jpg.rf.b8687de4f4f96de91cc60dd7fc311f52.jpg, 0, 0, 0, 0, 1, 0
frame_210_segment_-0-0-17-09-2023-mp4_210_225-mp4_jpg.rf.b8a1ad3e27d99018cc8fb3c6ecb56e31.jpg, 1, 0, 0, 0, 0, 0
frame_390_segment_-0-1-02-09-2023-mp4_60_75-mp4_jpg.rf.b8b7c73937483cfd0d6d5fa619ebdc65.jpg, 1, 0, 0, 0, 0, 0
frame_270_segment_LEON-4-2-2-1-1-16-07-2023-mp4_45_60-mp4_jpg.rf.b8835b9124a62de1043e69b6683538d1.jpg, 1, 0, 0, 0, 0, 0
frame_75_segment_FONBET-2-1-25-07-2023-mp4_0_15-mp4_jpg.rf.b8d48ebc7846f28b76fa0711b404dd7b.jpg, 1, 0, 0, 0, 0, 0
frame_390_segment_-3-1-11-11-2023-mp4_0_15-mp4_jpg.rf.b93d8ee82cb7f16bf73caea8bd9d8397.jpg, 0, 0, 0, 0, 1, 0
frame_525_segment_-0-2-05-08-2023-mp4_15_30-mp4_jpg.rf.b8db0347d2cb73b5638ea8a438ba0727.jpg, 1, 0, 0, 0, 0, 0
frame_315_segment_-21-21-0-6-20-10-2023-mp4_30_45-mp4_jpg.rf.b8e6c55db30fa3a78621a455e867f932.jpg, 0, 0, 0, 0, 1, 0
frame_330_segment_LEON-4-2-0-0-15-10-2023-mp4_0_15-mp4_jpg.rf.b94b4d4b40510f5520a2a5347138b8c4.jpg, 1, 0, 0, 0, 0, 0
frame_225_segment_-1-0-02-12-2023-mp4_60_75-mp4_jpg.rf.b9614a9937a3a81ca876c1f460e8c033.jpg, 1, 0, 0, 0, 0, 0
frame_285_segment_-21-21-3-1-03-11-2023-mp4_75_90-mp4_jpg.rf.b974c9f58d8f5b620a69ae20bc8d23e5.jpg, 1, 0, 0, 0, 0, 0
frame_225_segment_-2-0-08-12-2023-mp4_90_105-mp4_jpg.rf.b96686e83a42fd97f9570e87661184e4.jpg, 1, 0, 0, 0, 0, 0
frame_435_segment_LEON-4-2-2-1-1-02-09-2023-mp4_30_45-mp4_jpg.rf.b97c8e1dde555343d12e52597e255a81.jpg, 0, 0, 0, 0, 1, 0
frame_165_segment_FONBET-1-0-08-08-2023-mp4_30_45-mp4_jpg.rf.b9851d96eb3cc378ca5efe16c1cf6b58.jpg, 1, 0, 0, 0, 0, 0
frame_135_segment_-21-21-2-3-25-08-2023-mp4_0_15-mp4_jpg.rf.b985ababf18e55039d743270bf5181f9.jpg, 1, 0, 0, 0, 0, 0
frame_375_segment_-2-1-29-10-2023-mp4_0_15-mp4_jpg.rf.b9f71302623aa6f210b3718cbaf2dde3.jpg, 1, 0, 0, 0, 0, 0
frame_285_segment_FONBET-1-0-08-08-2023-mp4_15_30-mp4_jpg.rf.b9e1d0124e4b138d6a64e61ad9b2a315.jpg, 1, 0, 0, 0, 0, 0
frame_90_segment_-21-21-3-2-04-08-2023-mp4_0_15-mp4_jpg.rf.b9fbe5eb21912bfdea08884af82414d0.jpg, 1, 0, 0, 0, 0, 0
frame_30_segment_-21-21-3-2-04-08-2023-mp4_15_30-mp4_jpg.rf.ba1ad737746f5e7c3e9ebebb2684c626.jpg, 1, 0, 0, 0, 0, 0
frame_435_segment_-2-0-08-12-2023-mp4_30_45-mp4_jpg.rf.ba1e7e545b341c4fd5346de380d3b2f8.jpg, 1, 0, 0, 0, 0, 0
frame_150_segment_-2-2-29-09-2023-mp4_0_15-mp4_jpg.rf.ba22c5912cb9c6a01186ecbaa1ad20b5.jpg, 1, 0, 0, 0, 0, 0
frame_315_segment_-2-0-24-09-2023-mp4_60_75-mp4_jpg.rf.ba68394bdf20c35c29f65de7fde2b1ee.jpg, 1, 0, 0, 0, 0, 0
frame_210_segment_LEON-4-2-3-1-17-09-2023-mp4_135_150-mp4_jpg.rf.ba81af3a62ae12d534c3767e561e5070.jpg, 1, 0, 0, 0, 0, 0
frame_210_segment_-1-0-02-12-2023-mp4_0_15-mp4_jpg.rf.ba82987ca8f8feef44b80c3f84129338.jpg, 1, 0, 0, 0, 0, 0
frame_150_segment_FONBET-2-0-03-10-2023-mp4_75_90-mp4_jpg.rf.bad69f7750eb67d4a09573055a0c2d5e.jpg, 1, 0, 0, 0, 0, 0
frame_650_segment_-0-2-05-08-2023-mp4_45_60-mp4_jpg.rf.bada73ea94d23df72c87d7ef9d528a6e.jpg, 1, 0, 0, 0, 0, 0
frame_390_segment_LEON-4-2-3-2-23-09-2023-mp4_15_30-mp4_jpg.rf.bafd4ff9c09f46a454e3b4bc9dc987d8.jpg, 0, 0, 0, 0, 1, 0
frame_700_segment_-0-2-05-08-2023-mp4_15_30-mp4_jpg.rf.bb17936969d6e0b14b76b4f3901ea984.jpg, 1, 0, 0, 0, 0, 0
frame_345_segment_-2-2-29-09-2023-mp4_105_120-mp4_jpg.rf.bb0697d348135603f787df7d58a4dc4f.jpg, 1, 0, 0, 0, 0, 0
frame_120_segment_-21-21-1-3-10-11-2023-mp4_0_15-mp4_jpg.rf.bb1cc8c2efadc44573481e21ec948a34.jpg, 1, 0, 0, 0, 0, 0
frame_315_segment_-2-0-24-09-2023-mp4_45_60-mp4_jpg.rf.bb35db0d3cf3147b66bf5207aaddf431.jpg, 1, 0, 0, 0, 0, 0
frame_270_segment_-21-21-1-0-24-11-2023-mp4_0_15-mp4_jpg.rf.bb3cecdf552bfeccfc6a4ace15fb8795.jpg, 1, 0, 0, 0, 0, 0
frame_435_segment_LEON-4-2-0-2-13-08-2023-mp4_30_45-mp4_jpg.rf.bb42812af1b317bb022280c6fa2422af.jpg, 1, 0, 0, 0, 0, 0
frame_405_segment_-3-1-26-11-2023-mp4_30_45-mp4_jpg.rf.bb7a1259b131848783763696685afe97.jpg, 1, 0, 0, 0, 0, 0
frame_315_segment_LEON-4-2-2-1-1-16-07-2023-mp4_30_45-mp4_jpg.rf.bb5ec23d72023789ff1d99fd71e04d39.jpg, 0, 0, 0, 0, 0, 1
frame_360_segment_-0-1-19-08-2023-mp4_15_30-mp4_jpg.rf.bb7dd540afcf0b18259a2beb7203fadf.jpg, 1, 0, 0, 0, 0, 0
frame_60_segment_-21-21-0-3-29-09-2023-mp4_0_15-mp4_jpg.rf.bb70d025e464358e5c3f44df7ba123ff.jpg, 1, 0, 0, 0, 0, 0
frame_390_segment_-0-0-29-07-2023-mp4_15_30-mp4_jpg.rf.bc2083c8e47333b5919616215dde9d5e.jpg, 0, 0, 0, 0, 0, 1
frame_405_segment_LEON-4-2-2-1-1-02-09-2023-mp4_15_30-mp4_jpg.rf.bbacf49ce50b6f6e7292a65ba23b789d.jpg, 1, 0, 0, 0, 0, 0
frame_285_segment_-3-1-26-11-2023-mp4_90_105-mp4_jpg.rf.bc251a792f83c86f2aeacc8a3b001fc8.jpg, 1, 0, 0, 0, 0, 0
frame_330_segment_FONBET-0-0-20-09-2023-mp4_135_150-mp4_jpg.rf.bb9748c0b807b31ae7f18ce939fe13a3.jpg, 1, 0, 0, 0, 0, 0
frame_405_segment_FONBET-0-0-20-09-2023-mp4_0_15-mp4_jpg.rf.bc26362dd9b94f5326bd4c0b9acdc2d5.jpg, 1, 0, 0, 0, 0, 0
frame_360_segment_-21-21-2-2-10-08-2023-mp4_75_90-mp4_jpg.rf.bc28e01126309122a7356d584b20264c.jpg, 1, 0, 0, 0, 0, 0
frame_270_segment_FONBET-2-1-25-07-2023-mp4_75_90-mp4_jpg.rf.bc3454cda065831cd02b59c24f951cf8.jpg, 0, 0, 0, 0, 1, 0
frame_405_segment_-21-21-2-3-25-08-2023-mp4_0_15-mp4_jpg.rf.bcad0f6e14cb16a09ce2b3ca975ba3ab.jpg, 1, 0, 0, 0, 0, 0
frame_225_segment_-1-0-02-12-2023-mp4_45_60-mp4_jpg.rf.bcc9a7a372c3ac98067118c6d79d9b5e.jpg, 1, 0, 0, 0, 0, 0
frame_285_segment_-3-1-11-11-2023-mp4_0_15-mp4_jpg.rf.bcc7cc64aad1a9d49bfcce560c719652.jpg, 1, 0, 0, 0, 0, 0
frame_450_segment_-3-2-11-08-2023-mp4_75_90-mp4_jpg.rf.bcbe360b8673d97055db9f1100a85d6d.jpg, 1, 0, 0, 0, 0, 0
frame_435_segment_-2-2-29-09-2023-mp4_0_15-mp4_jpg.rf.bccdf7066b2fd9a7454f03eb353d374c.jpg, 1, 0, 0, 0, 0, 0
frame_255_segment_LEON-4-2-3-1-17-09-2023-mp4_45_60-mp4_jpg.rf.bcd3fa44e5e1aa4e7850d03822350e8d.jpg, 1, 0, 0, 0, 0, 0
frame_300_segment_-0-0-17-09-2023-mp4_15_30-mp4_jpg.rf.bd1d1ef64fb67e19e93e1f4cf6029950.jpg, 1, 0, 0, 0, 0, 0
frame_300_segment_FONBET-2-0-03-10-2023-mp4_75_90-mp4_jpg.rf.bd0a3c1f8ada3d65a014b03d18c91b36.jpg, 0, 0, 0, 0, 1, 0
frame_255_segment_FONBET-0-0-20-09-2023-mp4_0_15-mp4_jpg.rf.bd10047ad91e01bc30d7440522ccf8aa.jpg, 1, 0, 0, 0, 0, 0
frame_500_segment_-3-2-11-08-2023-mp4_45_60-mp4_jpg.rf.bd242163def9303a3a23cbe797f0f64b.jpg, 1, 0, 0, 0, 0, 0
frame_330_segment_-2-1-29-10-2023-mp4_75_90-mp4_jpg.rf.bd5a0c6f6c1997aa2331b358bdac12ab.jpg, 1, 0, 0, 0, 0, 0
frame_195_segment_-4-0-26-08-2023-mp4_45_60-mp4_jpg.rf.bd769e8ae528eb09595966d4706e620d.jpg, 1, 0, 0, 0, 0, 0
frame_360_segment_FONBET-2-1-29-08-2023-mp4_0_15-mp4_jpg.rf.bd2431e44b22109c0290cb88fb38c755.jpg, 1, 0, 0, 0, 0, 0
frame_360_segment_FONBET-2-0-03-10-2023-mp4_15_30-mp4_jpg.rf.bd954523457b7096901d904d452204d4.jpg, 0, 0, 0, 0, 1, 0
frame_360_segment_-21-21-3-2-01-09-2023-mp4_30_45-mp4_jpg.rf.bda3037e723a8d4adc70a7381a124afb.jpg, 1, 0, 0, 0, 0, 0
frame_60_segment_-0-1-02-09-2023-mp4_105_120-mp4_jpg.rf.bd86188eed0794e1901436a5a250e56d.jpg, 1, 0, 0, 0, 0, 0
frame_285_segment_-2-1-29-10-2023-mp4_15_30-mp4_jpg.rf.bdb4fda4674bb4c5f8a99bdf0dd0bded.jpg, 0, 0, 0, 0, 1, 0
frame_315_segment_-21-21-0-2-01-12-2023-mp4_30_45-mp4_jpg.rf.bdbac14719a8065adb5ff38a60795901.jpg, 1, 0, 0, 0, 0, 0
frame_180_segment_-0-0-17-09-2023-mp4_120_135-mp4_jpg.rf.bde75baed4d33a0650a18e38bc88267b.jpg, 1, 0, 0, 0, 0, 0
frame_240_segment_-1-0-02-12-2023-mp4_30_45-mp4_jpg.rf.be090c19c7d8c8bd53cdc0f9a843f7d4.jpg, 1, 0, 0, 0, 0, 0
frame_390_segment_-3-1-26-11-2023-mp4_60_75-mp4_jpg.rf.bdfe4a6022e147238fbe6b2514b6666c.jpg, 1, 0, 0, 0, 0, 0
frame_375_segment_-3-1-26-11-2023-mp4_45_60-mp4_jpg.rf.be3caf7b91ced5ea2e3646a87649759d.jpg, 1, 0, 0, 0, 0, 0
frame_225_segment_-21-21-3-1-03-11-2023-mp4_60_75-mp4_jpg.rf.be0addd6caa9b6cfae15114eec9d942b.jpg, 1, 0, 0, 0, 0, 0
frame_405_segment_LEON-4-2-3-2-23-09-2023-mp4_30_45-mp4_jpg.rf.be4b74bdfb3634867693b36c5a1a2b2c.jpg, 1, 0, 0, 0, 0, 0
frame_390_segment_-21-21-1-3-10-11-2023-mp4_15_30-mp4_jpg.rf.be13726ababfec14f2117bcb2ace82e8.jpg, 0, 0, 0, 0, 1, 0
frame_105_segment_-21-21-1-3-10-11-2023-mp4_15_30-mp4_jpg.rf.be9539c67dcc14efcb37da34b1f26581.jpg, 1, 0, 0, 0, 0, 0
frame_405_segment_-0-0-29-07-2023-mp4_60_75-mp4_jpg.rf.bea6f349e8bb4dab96a2ad0ef786c2ad.jpg, 1, 0, 0, 0, 0, 0
frame_165_segment_-21-21-3-1-03-11-2023-mp4_45_60-mp4_jpg.rf.be89ee23ba8106918fb4bd5cb5c7639b.jpg, 1, 0, 0, 0, 0, 0
frame_285_segment_-3-1-26-11-2023-mp4_45_60-mp4_jpg.rf.bedd1c93a833147b50c852ab6116211d.jpg, 0, 0, 0, 0, 0, 1
frame_360_segment_-3-1-26-11-2023-mp4_45_60-mp4_jpg.rf.be9359576f56be448228d9df96867287.jpg, 1, 0, 0, 0, 0, 0
frame_360_segment_-3-1-26-11-2023-mp4_60_75-mp4_jpg.rf.bec267c32e2b5bb1d79d93fd57a6ccb9.jpg, 1, 0, 0, 0, 0, 0
frame_270_segment_-21-21-2-3-25-08-2023-mp4_15_30-mp4_jpg.rf.0086e1360b63695682cd829218264f03.jpg, 1, 0, 0, 0, 0, 0
frame_375_segment_-0-1-19-08-2023-mp4_30_45-mp4_jpg.rf.00632812de18b35611a0d4745fefbc94.jpg, 1, 0, 0, 0, 0, 0
frame_75_segment_LEON-4-2-2-1-1-16-07-2023-mp4_90_105-mp4_jpg.rf.00abbd304edf89fa3c991aae890b8443.jpg, 1, 0, 0, 0, 0, 0
frame_390_segment_FONBET-2-1-29-08-2023-mp4_0_15-mp4_jpg.rf.00b012ebf5282a171a4b96d7e269d3aa.jpg, 0, 0, 0, 0, 1, 0
frame_60_segment_LEON-4-2-2-1-1-02-09-2023-mp4_0_15-mp4_jpg.rf.00fd96353da1656a9ca15dbb6d823738.jpg, 1, 0, 0, 0, 0, 0
frame_210_segment_-0-1-02-09-2023-mp4_105_120-mp4_jpg.rf.012f5e98322f4892ee314eea803ef809.jpg, 1, 0, 0, 0, 0, 0
frame_255_segment_-2-0-08-12-2023-mp4_60_75-mp4_jpg.rf.0122ccbc752d074c101e196eb6f9aa19.jpg, 1, 0, 0, 0, 0, 0
frame_405_segment_-0-1-19-08-2023-mp4_0_15-mp4_jpg.rf.00d353033ece70a75200e4163c55de4a.jpg, 1, 0, 0, 0, 0, 0
frame_165_segment_-1-0-02-12-2023-mp4_0_15-mp4_jpg.rf.0131e0d084a2e3a3c123ad8c93113697.jpg, 1, 0, 0, 0, 0, 0
frame_0_segment_LEON-4-2-2-1-1-16-07-2023-mp4_30_45-mp4_jpg.rf.0138f4366cebcf55ca6b8e22c401ba8e.jpg, 0, 0, 0, 0, 1, 0
frame_300_segment_-2-2-29-09-2023-mp4_150_165-mp4_jpg.rf.013af6b9a5791fa2e63bee9178e182e8.jpg, 1, 0, 0, 0, 0, 0
frame_60_segment_-4-0-26-08-2023-mp4_15_30-mp4_jpg.rf.0137a21b29c3b137ef82df23b9520f41.jpg, 1, 0, 0, 0, 0, 0
frame_330_segment_-21-21-2-0-15-09-2023-mp4_75_90-mp4_jpg.rf.014bfdce1417a0946626afc1fe7985c1.jpg, 1, 0, 0, 0, 0, 0
frame_300_segment_-0-1-06-11-2023-mp4_75_90-mp4_jpg.rf.014cb5293eec4a455e3fe363c1f12696.jpg, 1, 0, 0, 0, 0, 0
frame_255_segment_-0-1-02-09-2023-mp4_105_120-mp4_jpg.rf.01b86d800fc5a0c6fdaca2130981a96c.jpg, 1, 0, 0, 0, 0, 0
frame_405_segment_-21-21-3-1-03-11-2023-mp4_45_60-mp4_jpg.rf.01ea45e014523f0a1b55e8977ab75e1f.jpg, 1, 0, 0, 0, 0, 0
frame_195_segment_-21-21-1-0-24-11-2023-mp4_75_87-47-mp4_jpg.rf.0236217b88f7f766df7e7cbaa123522d.jpg, 1, 0, 0, 0, 0, 0
frame_285_segment_-21-21-0-3-29-09-2023-mp4_75_90-mp4_jpg.rf.01fd0fe69c8a49e54f1153beac838d50.jpg, 1, 0, 0, 0, 0, 0
frame_225_segment_FONBET-2-0-03-10-2023-mp4_60_75-mp4_jpg.rf.01912d8727ecf04d0371ab755a2f86b1.jpg, 1, 0, 0, 0, 0, 0
frame_105_segment_-0-0-17-09-2023-mp4_45_60-mp4_jpg.rf.02018c33c751ce59eebcffc40e208a9d.jpg, 1, 0, 0, 0, 0, 0
frame_180_segment_-3-1-26-11-2023-mp4_90_105-mp4_jpg.rf.024d73601e4a372adee67effa74fa9b7.jpg, 1, 0, 0, 0, 0, 0
frame_360_segment_FONBET-0-0-20-09-2023-mp4_120_135-mp4_jpg.rf.0286bc536d5ff925c7c9a281dfbde071.jpg, 0, 0, 0, 0, 1, 0
frame_90_segment_-21-21-2-3-25-08-2023-mp4_15_30-mp4_jpg.rf.025b7a413bb779c8ec9f650e2a2b7d71.jpg, 1, 0, 0, 0, 0, 0
frame_420_segment_-0-0-17-09-2023-mp4_135_150-mp4_jpg.rf.028a2b3ae719486e7d868a06bbf42ac3.jpg, 0, 0, 0, 0, 1, 0
frame_390_segment_LEON-4-2-3-1-17-09-2023-mp4_135_150-mp4_jpg.rf.0290662b31e36444af354e9932a5cffe.jpg, 1, 0, 0, 0, 0, 0
frame_400_segment_-0-2-05-08-2023-mp4_90_105-mp4_jpg.rf.02a11f501545efb6e0a0885ee2864e0c.jpg, 1, 0, 0, 0, 0, 0
frame_375_segment_-2-1-22-07-2023-mp4_45_60-mp4_jpg.rf.02909d7fc2d7f70e2a688401e14677ef.jpg, 0, 0, 0, 0, 1, 0
frame_180_segment_-0-1-19-08-2023-mp4_30_45-mp4_jpg.rf.02b7c39e1520fa2259053e30d07554ba.jpg, 1, 0, 0, 0, 0, 0
frame_375_segment_-4-0-26-08-2023-mp4_0_15-mp4_jpg.rf.02d09b0e8031c3b5c9a429cde103f8b8.jpg, 1, 0, 0, 0, 0, 0
frame_300_segment_LEON-4-2-2-3-06-08-2023-mp4_15_30-mp4_jpg.rf.02cc0f2558a68c46f9060d4dad1472e2.jpg, 1, 0, 0, 0, 0, 0
frame_30_segment_-21-21-3-2-01-09-2023-mp4_30_45-mp4_jpg.rf.02c98ace25ef8c4bc6c34c0f89972660.jpg, 1, 0, 0, 0, 0, 0
frame_400_segment_-0-2-05-08-2023-mp4_45_60-mp4_jpg.rf.02ded6d5dfd06a3e04f00366a4b2e227.jpg, 1, 0, 0, 0, 0, 0
frame_135_segment_-2-1-22-07-2023-mp4_45_60-mp4_jpg.rf.02e1fea195a0c66932dce885cf2aff45.jpg, 1, 0, 0, 0, 0, 0
frame_650_segment_-3-2-11-08-2023-mp4_90_105-mp4_jpg.rf.03263d62a4b554a56038a1ff7c3e3e79.jpg, 1, 0, 0, 0, 0, 0
frame_420_segment_-2-0-08-12-2023-mp4_30_45-mp4_jpg.rf.032b714dcf7b0ca2eaa1feaea4b548b1.jpg, 1, 0, 0, 0, 0, 0
frame_255_segment_-2-1-22-07-2023-mp4_30_45-mp4_jpg.rf.0362473a51e83711599e643d368285dc.jpg, 1, 0, 0, 0, 0, 0
frame_165_segment_FONBET-2-1-25-07-2023-mp4_30_45-mp4_jpg.rf.0345deafccde4c4f4f97411a18976ecc.jpg, 1, 0, 0, 0, 0, 0
frame_315_segment_-3-1-26-11-2023-mp4_0_15-mp4_jpg.rf.039db18481d40df7b9ea8c8497857a5c.jpg, 0, 0, 0, 0, 0, 1
frame_180_segment_-2-2-29-09-2023-mp4_45_60-mp4_jpg.rf.0382f41156b23cbe8b7aba32a3f1bf6c.jpg, 1, 0, 0, 0, 0, 0
frame_315_segment_FONBET-2-0-03-10-2023-mp4_15_30-mp4_jpg.rf.03cb0ea7cd5cbb8325d135c4f3fd62e3.jpg, 0, 0, 0, 0, 0, 1
frame_435_segment_FONBET-2-0-03-10-2023-mp4_75_90-mp4_jpg.rf.0400545b9075de186255f429de07be06.jpg, 1, 0, 0, 0, 0, 0
frame_210_segment_-2-1-29-10-2023-mp4_45_60-mp4_jpg.rf.040f0686df99d90b9f8ff53e54a61600.jpg, 1, 0, 0, 0, 0, 0
frame_300_segment_LEON-4-2-2-1-1-12-11-2023-mp4_60_75-mp4_jpg.rf.03dc38c432cc579c7d1ec796f1a0ab98.jpg, 1, 0, 0, 0, 0, 0
frame_420_segment_-0-0-17-09-2023-mp4_90_105-mp4_jpg.rf.042dc9e47dd0eb31261f7ee6fe26f164.jpg, 1, 0, 0, 0, 0, 0
frame_650_segment_-3-2-11-08-2023-mp4_45_60-mp4_jpg.rf.0426963738cf48dc544c337063035956.jpg, 1, 0, 0, 0, 0, 0
frame_0_segment_-0-2-05-08-2023-mp4_90_105-mp4_jpg.rf.049e95a91fdedf7c4a810fef397a33f7.jpg, 0, 0, 0, 0, 1, 0
frame_375_segment_LEON-4-2-2-2-3-28-08-2023-mp4_30_45-mp4_jpg.rf.044167e95f4d5534b9864c37876d62eb.jpg, 0, 0, 0, 0, 1, 0
frame_270_segment_LEON-4-2-2-2-3-28-08-2023-mp4_30_45-mp4_jpg.rf.04d8d4b941977ff961a98af0e973aed5.jpg, 0, 0, 0, 0, 1, 0
frame_435_segment_-0-0-17-09-2023-mp4_210_225-mp4_jpg.rf.0564fd70edf84ca905267dd767b6b483.jpg, 1, 0, 0, 0, 0, 0
frame_75_segment_-3-1-11-11-2023-mp4_0_15-mp4_jpg.rf.05c4f012176910682c3067e083663863.jpg, 1, 0, 0, 0, 0, 0
frame_285_segment_FONBET-2-1-02-11-2023-mp4_30_45-mp4_jpg.rf.051d2cd61e8838a6e149ae41faeff0f2.jpg, 1, 0, 0, 0, 0, 0
frame_105_segment_-21-21-2-0-15-09-2023-mp4_15_30-mp4_jpg.rf.05d70988cf743879aeebd0f569e33019.jpg, 1, 0, 0, 0, 0, 0
frame_390_segment_-0-1-02-09-2023-mp4_135_150-mp4_jpg.rf.05fd5c92b4e691e229164585a3e9058e.jpg, 0, 0, 0, 0, 1, 0
frame_105_segment_-2-1-22-07-2023-mp4_45_60-mp4_jpg.rf.05fe9146b9209895b099910adef98200.jpg, 1, 0, 0, 0, 0, 0
frame_105_segment_LEON-4-2-3-1-17-09-2023-mp4_30_45-mp4_jpg.rf.0628c38df6942a911997a7ef0c4a7f0f.jpg, 1, 0, 0, 0, 0, 0
frame_405_segment_-3-1-26-11-2023-mp4_90_105-mp4_jpg.rf.06178ba9cd7e703842059fdea00468ed.jpg, 1, 0, 0, 0, 0, 0
frame_165_segment_-2-1-29-10-2023-mp4_75_90-mp4_jpg.rf.063f8fe02e5c09d4919fcd2d5a2cc3b1.jpg, 1, 0, 0, 0, 0, 0
frame_375_segment_-4-0-26-08-2023-mp4_15_30-mp4_jpg.rf.063ddbc10c3c0b7d5e27c818dd1735f1.jpg, 1, 0, 0, 0, 0, 0
frame_270_segment_LEON-4-2-3-1-17-09-2023-mp4_15_30-mp4_jpg.rf.06432d7ff9e186064509fee924b5fda0.jpg, 1, 0, 0, 0, 0, 0
frame_0_segment_-21-21-1-3-10-11-2023-mp4_30_45-mp4_jpg.rf.0651582a37a40bf78f85b01d8de5c849.jpg, 0, 0, 0, 0, 1, 0
frame_360_segment_-21-21-2-0-15-09-2023-mp4_45_60-mp4_jpg.rf.065bc3be33a98d834334da5ffbb2924d.jpg, 1, 0, 0, 0, 0, 0
frame_300_segment_undefined-2-2-1-0-28-10-2023-mp4_0_15-mp4_jpg.rf.06976f4f16904b6bb89972cdd78f0a21.jpg, 1, 0, 0, 0, 0, 0
frame_675_segment_-3-2-11-08-2023-mp4_105_120-mp4_jpg.rf.069563fd15ce2d7f6ba26f74fc161e9e.jpg, 1, 0, 0, 0, 0, 0
frame_165_segment_-2-1-22-07-2023-mp4_45_60-mp4_jpg.rf.06a0e8146277954adbe6ba664890f9ab.jpg, 1, 0, 0, 0, 0, 0
frame_405_segment_-21-21-0-6-20-10-2023-mp4_15_30-mp4_jpg.rf.06ad900c439d902bfc659591eb5c7c19.jpg, 1, 0, 0, 0, 0, 0
frame_390_segment_LEON-4-2-0-2-13-08-2023-mp4_15_30-mp4_jpg.rf.06be3a0a6f95f62d422dfd70552b6462.jpg, 1, 0, 0, 0, 0, 0
frame_330_segment_LEON-4-2-0-0-23-07-2023-mp4_90_105-mp4_jpg.rf.06ca40d098d91bcedbe6bf7c70a355e3.jpg, 0, 0, 0, 0, 1, 0
frame_330_segment_-21-21-3-2-04-08-2023-mp4_0_15-mp4_jpg.rf.07182b2f41af28efdf7b5b054d89f660.jpg, 0, 0, 0, 0, 1, 0
frame_330_segment_LEON-4-2-2-1-1-16-07-2023-mp4_90_105-mp4_jpg.rf.06e834d727b49431b74ad766feb2c6cd.jpg, 1, 0, 0, 0, 0, 0
frame_75_segment_LEON-4-2-2-1-1-16-07-2023-mp4_75_90-mp4_jpg.rf.06d5bdbb02f10ca61695b47642897a27.jpg, 1, 0, 0, 0, 0, 0
frame_150_segment_-2-0-08-12-2023-mp4_45_60-mp4_jpg.rf.07212eb82183282c4fb6882a73be4c44.jpg, 1, 0, 0, 0, 0, 0
frame_180_segment_-2-1-29-10-2023-mp4_75_90-mp4_jpg.rf.075152c3b88231d8bec98ce28121067c.jpg, 1, 0, 0, 0, 0, 0
frame_435_segment_-0-0-17-09-2023-mp4_75_90-mp4_jpg.rf.073a84db7ef1d2505549c3547220e87a.jpg, 1, 0, 0, 0, 0, 0
frame_225_segment_-0-0-29-07-2023-mp4_90_105-mp4_jpg.rf.07535c7d559a303603768d11ae7695aa.jpg, 1, 0, 0, 0, 0, 0
frame_180_segment_-2-1-22-07-2023-mp4_0_15-mp4_jpg.rf.0753f2f3f3a7973540a7426a35b990f9.jpg, 1, 0, 0, 0, 0, 0
frame_375_segment_-3-2-11-08-2023-mp4_90_105-mp4_jpg.rf.075af05d12549a9cc7d95444f3a6305e.jpg, 1, 0, 0, 0, 0, 0
frame_210_segment_LEON-4-2-1-3-01-10-2023-mp4_15_30-mp4_jpg.rf.076205e852ded44061f8cba368c3502d.jpg, 0, 0, 0, 0, 0, 1
frame_275_segment_-0-2-05-08-2023-mp4_90_105-mp4_jpg.rf.077f236a9fcd2f4b5f565c44f81ffe9b.jpg, 1, 0, 0, 0, 0, 0
frame_330_segment_-1-0-02-12-2023-mp4_15_30-mp4_jpg.rf.078fffac9c64df0e8f74c4048aafc9e7.jpg, 0, 0, 0, 0, 1, 0
frame_105_segment_-2-0-08-12-2023-mp4_45_60-mp4_jpg.rf.079227786d08e9cd65a76612c295f171.jpg, 1, 0, 0, 0, 0, 0
frame_300_segment_-21-21-3-1-03-11-2023-mp4_45_60-mp4_jpg.rf.07fdc768ffc6b799de3c6543d73cce84.jpg, 1, 0, 0, 0, 0, 0
frame_270_segment_-2-1-22-07-2023-mp4_0_15-mp4_jpg.rf.07b8c499ead356061ac45a0b19d2b57a.jpg, 0, 0, 0, 0, 0, 1
frame_315_segment_-0-0-29-07-2023-mp4_60_75-mp4_jpg.rf.07a29f2e154c4f599ba5409400ed11be.jpg, 1, 0, 0, 0, 0, 0
frame_45_segment_LEON-4-2-1-3-01-10-2023-mp4_0_15-mp4_jpg.rf.0889f0b7ed12fa64ec53f6f1032ba708.jpg, 1, 0, 0, 0, 0, 0
frame_120_segment_FONBET-2-1-29-08-2023-mp4_75_90-mp4_jpg.rf.084f604c238de68e69ee40256dd62344.jpg, 1, 0, 0, 0, 0, 0
frame_75_segment_FONBET-0-0-20-09-2023-mp4_30_45-mp4_jpg.rf.08926ef451f32ca87aa4e0f1ce63277c.jpg, 1, 0, 0, 0, 0, 0
frame_0_segment_FONBET-1-0-08-08-2023-mp4_90_105-mp4_jpg.rf.08138e5f4c6d9cf56a57a1439c24519c.jpg, 1, 0, 0, 0, 0, 0
frame_435_segment_LEON-4-2-0-0-23-07-2023-mp4_30_45-mp4_jpg.rf.08a32711344c1c1f4e43656a68c09c93.jpg, 1, 0, 0, 0, 0, 0
frame_435_segment_-2-2-29-09-2023-mp4_105_120-mp4_jpg.rf.089f13055cf87e02333619c48d4d73a3.jpg, 1, 0, 0, 0, 0, 0
frame_195_segment_-21-21-3-1-03-11-2023-mp4_75_90-mp4_jpg.rf.08dbbeb57cf01d819c315adec6c38ba7.jpg, 1, 0, 0, 0, 0, 0
frame_255_segment_FONBET-2-1-25-07-2023-mp4_30_45-mp4_jpg.rf.08ac244f2699b10b1e851d71f08bec12.jpg, 1, 0, 0, 0, 0, 0
frame_375_segment_FONBET-1-0-08-08-2023-mp4_45_60-mp4_jpg.rf.08e73cebfeda1938968ec39f8c7320a9.jpg, 1, 0, 0, 0, 0, 0
frame_575_segment_-3-2-11-08-2023-mp4_60_75-mp4_jpg.rf.0923071b0660a2b4e2af80a8d7847747.jpg, 1, 0, 0, 0, 0, 0
frame_210_segment_-0-0-17-09-2023-mp4_30_45-mp4_jpg.rf.08f9bdacaa78814ab03595fbcfd0a565.jpg, 1, 0, 0, 0, 0, 0
frame_300_segment_FONBET-0-0-20-09-2023-mp4_30_45-mp4_jpg.rf.0920e354280194cb0865da216e1b1d39.jpg, 1, 0, 0, 0, 0, 0
frame_15_segment_-0-1-06-11-2023-mp4_45_60-mp4_jpg.rf.0956b7525a687753103432b856ce2695.jpg, 1, 0, 0, 0, 0, 0
frame_435_segment_LEON-4-2-0-0-23-07-2023-mp4_0_15-mp4_jpg.rf.0956c82d1ed608f4a54b3c83a3e3b80a.jpg, 0, 0, 0, 0, 1, 0
frame_180_segment_-3-1-26-11-2023-mp4_60_75-mp4_jpg.rf.0940a6656704fb26e695d1f3c184340b.jpg, 1, 0, 0, 0, 0, 0
frame_435_segment_-0-0-17-09-2023-mp4_105_120-mp4_jpg.rf.0adac83f843c9eff095262be6af31b36.jpg, 1, 0, 0, 0, 0, 0
frame_75_segment_-2-1-22-07-2023-mp4_60_73-7-mp4_jpg.rf.0a31f8c02399abb2c53aec904cc080d6.jpg, 1, 0, 0, 0, 0, 0
frame_120_segment_-2-1-22-07-2023-mp4_60_73-7-mp4_jpg.rf.0b5679489ceb52dfcf8e8ec7a35bbfe3.jpg, 1, 0, 0, 0, 0, 0
frame_105_segment_LEON-4-2-0-2-13-08-2023-mp4_15_30-mp4_jpg.rf.0a363448baa6080f6d6154b098b5a8bf.jpg, 1, 0, 0, 0, 0, 0
frame_240_segment_LEON-4-2-2-1-1-12-11-2023-mp4_0_15-mp4_jpg.rf.0a8b04b8e6232d4596058dfe0d6f6ec7.jpg, 1, 0, 0, 0, 0, 0
frame_210_segment_-2-0-08-12-2023-mp4_30_45-mp4_jpg.rf.0a1ccd1cd53fe5a1a4d72ae30678ff3c.jpg, 1, 0, 0, 0, 0, 0
frame_405_segment_-0-1-06-11-2023-mp4_60_75-mp4_jpg.rf.0a555260fe5da2254fe3e71002cdf5f4.jpg, 1, 0, 0, 0, 0, 0
frame_75_segment_FONBET-1-0-08-08-2023-mp4_75_90-mp4_jpg.rf.097872307184a8d2218cd917324bb29b.jpg, 1, 0, 0, 0, 0, 0
frame_165_segment_FONBET-2-1-02-11-2023-mp4_15_30-mp4_jpg.rf.09d6625612f2b270ff3f62a9b1b01bbb.jpg, 1, 0, 0, 0, 0, 0
frame_90_segment_FONBET-2-1-25-07-2023-mp4_60_75-mp4_jpg.rf.09a7e6279e100970a00a6f107a1188f5.jpg, 1, 0, 0, 0, 0, 0
frame_420_segment_-3-1-26-11-2023-mp4_90_105-mp4_jpg.rf.0aa7e2a99630cd66e7af4e148f2cf4cf.jpg, 1, 0, 0, 0, 0, 0
frame_15_segment_-21-21-3-2-04-08-2023-mp4_15_30-mp4_jpg.rf.0a171861f6ef7030a357be536e6da2ac.jpg, 1, 0, 0, 0, 0, 0
frame_345_segment_-0-1-02-09-2023-mp4_0_15-mp4_jpg.rf.09d84ff91ad0b72030cf5566d01eb3ed.jpg, 1, 0, 0, 0, 0, 0
frame_195_segment_FONBET-0-0-20-09-2023-mp4_120_135-mp4_jpg.rf.096f0e093ec96d57f3cc77c55beadcd6.jpg, 1, 0, 0, 0, 0, 0
frame_405_segment_-0-1-19-08-2023-mp4_30_45-mp4_jpg.rf.0a328a1dcad6d21c3ed8f80b4b49e30e.jpg, 1, 0, 0, 0, 0, 0
frame_45_segment_-21-21-3-2-04-08-2023-mp4_0_15-mp4_jpg.rf.0a9288d5be9d36c0cad1d4a2226dec39.jpg, 1, 0, 0, 0, 0, 0
frame_165_segment_LEON-4-2-3-2-23-09-2023-mp4_30_45-mp4_jpg.rf.09f90578fecba282ea392992bdf29244.jpg, 1, 0, 0, 0, 0, 0
frame_225_segment_-21-21-0-6-20-10-2023-mp4_30_45-mp4_jpg.rf.0b21e718a6ded69358c863056a4c147f.jpg, 1, 0, 0, 0, 0, 0
frame_300_segment_FONBET-1-0-08-08-2023-mp4_15_30-mp4_jpg.rf.0a9f339ba9fc7ffee11c87b0f74f9b66.jpg, 1, 0, 0, 0, 0, 0
frame_210_segment_-21-21-2-2-10-08-2023-mp4_45_60-mp4_jpg.rf.096afbf57c7c595bfea9ec5d81d19f0b.jpg, 1, 0, 0, 0, 0, 0
frame_315_segment_-3-1-26-11-2023-mp4_105_120-mp4_jpg.rf.0a735c550c7ea4c2bcc7183251a0ab9f.jpg, 0, 0, 0, 0, 1, 0
frame_435_segment_FONBET-2-0-03-10-2023-mp4_15_30-mp4_jpg.rf.0a611ad6b51511566f9ae2fb2e5ec311.jpg, 1, 0, 0, 0, 0, 0
frame_225_segment_-21-21-2-3-25-08-2023-mp4_45_60-mp4_jpg.rf.0a411b0fd9ee52e85c9a6a91a5cb874b.jpg, 1, 0, 0, 0, 0, 0
frame_195_segment_-0-1-06-11-2023-mp4_75_90-mp4_jpg.rf.0b82d8aa538b7c4287f1daaf83212b0e.jpg, 0, 0, 0, 0, 0, 1
frame_375_segment_LEON-4-2-2-3-06-08-2023-mp4_0_15-mp4_jpg.rf.0be32a68c878fb673a129248281ee594.jpg, 1, 0, 0, 0, 0, 0
frame_285_segment_-21-21-0-6-20-10-2023-mp4_60_75-mp4_jpg.rf.0a9837457a5f41d2e258d65fce1c38b9.jpg, 0, 0, 0, 0, 1, 0
frame_405_segment_FONBET-0-0-20-09-2023-mp4_135_150-mp4_jpg.rf.0bb00aa2b3927e17384a05e97fc4960f.jpg, 0, 0, 0, 0, 1, 0
frame_210_segment_-0-0-17-09-2023-mp4_15_30-mp4_jpg.rf.0bd71f1cc3c500ccce707471c3636144.jpg, 1, 0, 0, 0, 0, 0
frame_500_segment_-0-2-05-08-2023-mp4_90_105-mp4_jpg.rf.0b0d0f6359400ee3fc8d4fddefcf9dd9.jpg, 0, 0, 0, 0, 1, 0
frame_105_segment_-21-21-0-2-01-12-2023-mp4_15_30-mp4_jpg.rf.0be588dd82cd54857163c4fed0adc398.jpg, 1, 0, 0, 0, 0, 0
frame_175_segment_-0-2-05-08-2023-mp4_90_105-mp4_jpg.rf.0c1b4281827de333e1aac0938faf705c.jpg, 1, 0, 0, 0, 0, 0
frame_0_segment_-21-21-0-6-20-10-2023-mp4_15_30-mp4_jpg.rf.0c30667ebae01933538237f7b834ef30.jpg, 1, 0, 0, 0, 0, 0
frame_90_segment_-21-21-2-0-15-09-2023-mp4_45_60-mp4_jpg.rf.0bfc3a208690626f312b0c05c8723c3c.jpg, 1, 0, 0, 0, 0, 0
frame_195_segment_LEON-4-2-0-2-13-08-2023-mp4_30_45-mp4_jpg.rf.0c60d779ceb12a6b6e3cd6dd82e0ee80.jpg, 1, 0, 0, 0, 0, 0
frame_150_segment_-21-21-1-0-24-11-2023-mp4_30_45-mp4_jpg.rf.0c6c50d6ad658583acadafda6f2c5e9b.jpg, 1, 0, 0, 0, 0, 0
frame_165_segment_LEON-4-2-2-1-1-12-11-2023-mp4_30_45-mp4_jpg.rf.0c7de4444df60a5e5f99a0fbeaa4c9f3.jpg, 1, 0, 0, 0, 0, 0
frame_360_segment_-3-1-11-11-2023-mp4_0_15-mp4_jpg.rf.0c719bd666db2fb6bcdcaa4b55e15844.jpg, 1, 0, 0, 0, 0, 0
frame_210_segment_LEON-4-2-2-1-1-16-07-2023-mp4_15_30-mp4_jpg.rf.0cacc414bee21aec91de8609c96754db.jpg, 1, 0, 0, 0, 0, 0
frame_330_segment_FONBET-2-1-02-11-2023-mp4_30_45-mp4_jpg.rf.0cf03edd20c54ef62410e3cc19500b2e.jpg, 0, 0, 0, 0, 1, 0
frame_435_segment_LEON-4-2-3-1-17-09-2023-mp4_120_135-mp4_jpg.rf.0ccacae10330b5af185f30f7ca23b00b.jpg, 1, 0, 0, 0, 0, 0
frame_120_segment_-0-1-02-09-2023-mp4_45_60-mp4_jpg.rf.0cf3cc78a63c9e0d9a866e667bd35dad.jpg, 1, 0, 0, 0, 0, 0
frame_165_segment_LEON-4-2-3-1-17-09-2023-mp4_30_45-mp4_jpg.rf.0d18456be5d28a83d417bfb085980e0d.jpg, 1, 0, 0, 0, 0, 0
frame_210_segment_-0-1-02-09-2023-mp4_135_150-mp4_jpg.rf.0d0850a980822a32c446d84236b15474.jpg, 1, 0, 0, 0, 0, 0
frame_45_segment_-0-0-17-09-2023-mp4_60_75-mp4_jpg.rf.0d0761fa4ca6ccf5af50332190d13c48.jpg, 1, 0, 0, 0, 0, 0
frame_308_segment_-21-21-2-1-06-10-2023-mp4_0_15-mp4_jpg.rf.0d89f413fbd553ab4f51754fd831dcec.jpg, 0, 0, 0, 0, 1, 0
frame_75_segment_-2-0-24-09-2023-mp4_30_45-mp4_jpg.rf.0d8d54b97280182ed7d07268ba0e16ca.jpg, 1, 0, 0, 0, 0, 0
frame_390_segment_FONBET-1-0-08-08-2023-mp4_60_75-mp4_jpg.rf.0daa964a41628a75b13d5c80908e224e.jpg, 1, 0, 0, 0, 0, 0
frame_330_segment_FONBET-2-1-29-08-2023-mp4_60_75-mp4_jpg.rf.0db569fb9df08a425f1c08e41bb8cde5.jpg, 1, 0, 0, 0, 0, 0
frame_105_segment_-2-0-08-12-2023-mp4_60_75-mp4_jpg.rf.0dc2c2dac45aed18c3ec07d38dfe826c.jpg, 1, 0, 0, 0, 0, 0
frame_330_segment_-21-21-2-0-15-09-2023-mp4_90_105-mp4_jpg.rf.0dc3ec48cedf96a3fce6a6be222a0f95.jpg, 1, 0, 0, 0, 0, 0
frame_0_segment_LEON-4-2-0-1-08-10-2023-mp4_30_45-mp4_jpg.rf.0ddec23db06f9097b99fb8a0d97f3ebb.jpg, 1, 0, 0, 0, 0, 0
frame_165_segment_-3-1-26-11-2023-mp4_90_105-mp4_jpg.rf.0dded424694b556f62b96cd0a58bdca7.jpg, 1, 0, 0, 0, 0, 0
frame_300_segment_LEON-4-2-2-1-29-07-2023-mp4_0_15-mp4_jpg.rf.0dc679c8a8af14e141c879a4100a401a.jpg, 1, 0, 0, 0, 0, 0
frame_270_segment_FONBET-0-0-20-09-2023-mp4_0_15-mp4_jpg.rf.0e2cdc75697f0a250dcf175212c4b3c2.jpg, 1, 0, 0, 0, 0, 0
frame_255_segment_LEON-4-2-3-1-17-09-2023-mp4_45_60-mp4_jpg.rf.0e3113a85287948d11ed85cb790491ca.jpg, 1, 0, 0, 0, 0, 0
frame_25_segment_-0-2-05-08-2023-mp4_60_75-mp4_jpg.rf.0e3584e39f07c57aefea10ff8877e167.jpg, 1, 0, 0, 0, 0, 0
frame_550_segment_-3-2-11-08-2023-mp4_15_30-mp4_jpg.rf.0e47242a0d4b63b106d4a6db79961a8b.jpg, 1, 0, 0, 0, 0, 0
frame_405_segment_-4-0-26-08-2023-mp4_75_90-mp4_jpg.rf.0e6fcb12bcb5fd49e8bfc3a906110c64.jpg, 1, 0, 0, 0, 0, 0
frame_375_segment_-2-0-24-09-2023-mp4_0_15-mp4_jpg.rf.0e61c1cc69a0c5cad38aa1f781ccfa0a.jpg, 0, 0, 0, 0, 1, 0
frame_150_segment_-2-0-24-09-2023-mp4_60_75-mp4_jpg.rf.0e72003b677131c7a5dc68078f617c1e.jpg, 1, 0, 0, 0, 0, 0
frame_285_segment_undefined-2-2-1-0-28-10-2023-mp4_0_15-mp4_jpg.rf.0e8decdba48f418180ea62658084ca64.jpg, 0, 0, 0, 0, 1, 0
frame_180_segment_FONBET-0-0-20-09-2023-mp4_30_45-mp4_jpg.rf.0e9bff9340146cef5ec27f5fa1b60fdb.jpg, 1, 0, 0, 0, 0, 0
frame_45_segment_LEON-4-2-0-0-23-07-2023-mp4_60_75-mp4_jpg.rf.0ec9b3ada2cd45524c9ffbefbf1c9cd8.jpg, 1, 0, 0, 0, 0, 0
frame_360_segment_-21-21-1-0-24-11-2023-mp4_75_87-47-mp4_jpg.rf.0ebd42cf53ebf0e607804f4ed1b17122.jpg, 1, 0, 0, 0, 0, 0
frame_135_segment_LEON-4-2-2-1-1-16-07-2023-mp4_105_120-mp4_jpg.rf.0eb5d93b5f5fe5b816101921cea356eb.jpg, 1, 0, 0, 0, 0, 0
frame_425_segment_-3-2-11-08-2023-mp4_30_45-mp4_jpg.rf.0f46d7062911bbfdcce9cb10376e1b33.jpg, 0, 0, 0, 0, 0, 1
frame_195_segment_-2-0-24-09-2023-mp4_15_30-mp4_jpg.rf.0f765bd16b3748dd19b363b4bdce5959.jpg, 1, 0, 0, 0, 0, 0
frame_30_segment_-21-21-0-6-20-10-2023-mp4_60_75-mp4_jpg.rf.0f02d223a2f6dc83bc2345cb1547c00a.jpg, 1, 0, 0, 0, 0, 0
frame_165_segment_FONBET-0-0-20-09-2023-mp4_105_120-mp4_jpg.rf.0fa0bd3f24cc524a30bd98ba71da9f64.jpg, 1, 0, 0, 0, 0, 0
frame_435_segment_LEON-4-2-2-1-1-12-11-2023-mp4_60_75-mp4_jpg.rf.0fca3613961fb7f1296d9c315fb11ba9.jpg, 1, 0, 0, 0, 0, 0
frame_435_segment_LEON-4-2-3-2-23-09-2023-mp4_30_45-mp4_jpg.rf.0fbb5f31433994f0297dd0d8b2a883a4.jpg, 1, 0, 0, 0, 0, 0
frame_475_segment_-3-2-11-08-2023-mp4_45_60-mp4_jpg.rf.0f196f69484ff75491143c9b3172d15d.jpg, 1, 0, 0, 0, 0, 0
frame_225_segment_FONBET-2-1-29-08-2023-mp4_60_75-mp4_jpg.rf.0f8ecab93e3e0ef00558d8f06a0aa110.jpg, 0, 0, 0, 0, 0, 1
frame_315_segment_-1-0-02-12-2023-mp4_0_15-mp4_jpg.rf.0ffa5fe7bb80ae7ed131dd0c3a86a4de.jpg, 1, 0, 0, 0, 0, 0
frame_150_segment_FONBET-0-0-20-09-2023-mp4_75_90-mp4_jpg.rf.0fd789e1727873e366eba05b8590ed66.jpg, 1, 0, 0, 0, 0, 0
frame_300_segment_-0-2-05-08-2023-mp4_15_30-mp4_jpg.rf.0fcdb16d70c6e30a28e7630b22e4aeea.jpg, 1, 0, 0, 0, 0, 0
frame_210_segment_-0-1-02-09-2023-mp4_0_15-mp4_jpg.rf.10239008b235494e09a9cfbf0ebe3e63.jpg, 1, 0, 0, 0, 0, 0
frame_375_segment_FONBET-2-1-25-07-2023-mp4_60_75-mp4_jpg.rf.1031b6e2a68ecf44de14b3a465b6fb7b.jpg, 1, 0, 0, 0, 0, 0
frame_375_segment_-2-0-24-09-2023-mp4_15_30-mp4_jpg.rf.102508388b17f22cd871e9e8f8d0d00d.jpg, 1, 0, 0, 0, 0, 0
frame_180_segment_LEON-4-2-0-2-13-08-2023-mp4_45_60-mp4_jpg.rf.102784fca7decb195d3ee48de5f0aa8f.jpg, 0, 0, 0, 0, 1, 0
frame_0_segment_-21-21-2-2-10-08-2023-mp4_30_45-mp4_jpg.rf.104f0254717b3ce69a5c75ce6c9ff16d.jpg, 1, 0, 0, 0, 0, 0
frame_300_segment_LEON-4-2-2-1-1-12-11-2023-mp4_0_15-mp4_jpg.rf.10e5655627e048594e4b38d2fc36f30d.jpg, 1, 0, 0, 0, 0, 0
frame_210_segment_-21-21-0-2-01-12-2023-mp4_15_30-mp4_jpg.rf.10a5256db64fae5a3fc204dc4da9373f.jpg, 1, 0, 0, 0, 0, 0
frame_90_segment_-21-21-1-3-10-11-2023-mp4_45_60-mp4_jpg.rf.10e6f2c56f8c71a68bd31bc0c8fcdcb2.jpg, 1, 0, 0, 0, 0, 0
frame_225_segment_FONBET-2-1-29-08-2023-mp4_45_60-mp4_jpg.rf.10e3a5e6b2ced8bbbec485700914db56.jpg, 0, 0, 0, 0, 0, 1
frame_390_segment_-0-0-17-09-2023-mp4_180_195-mp4_jpg.rf.117dcdc351aee5a7c664a9734a5cb689.jpg, 1, 0, 0, 0, 0, 0
frame_150_segment_-3-1-26-11-2023-mp4_15_30-mp4_jpg.rf.11af062d9e2c810a93c96f2b3e6174d2.jpg, 1, 0, 0, 0, 0, 0
frame_255_segment_-3-1-26-11-2023-mp4_105_120-mp4_jpg.rf.1198e595a6dd7cccbdd3faf44a5204dc.jpg, 0, 0, 0, 0, 0, 1
frame_135_segment_-0-1-06-11-2023-mp4_45_60-mp4_jpg.rf.11cc68e62b3e6463610de17279d34031.jpg, 1, 0, 0, 0, 0, 0
frame_420_segment_FONBET-2-0-03-10-2023-mp4_60_75-mp4_jpg.rf.11d29eae44f50a187b7f41a05b81f2f5.jpg, 1, 0, 0, 0, 0, 0
frame_195_segment_LEON-4-2-1-3-01-10-2023-mp4_15_30-mp4_jpg.rf.11e2606894e64501b19485d65f8be4af.jpg, 1, 0, 0, 0, 0, 0
frame_120_segment_-21-21-3-2-04-08-2023-mp4_15_30-mp4_jpg.rf.11fd4a5f40a660a629b9cbfb3e18bf5c.jpg, 1, 0, 0, 0, 0, 0
frame_315_segment_-21-21-2-2-10-08-2023-mp4_105_120-mp4_jpg.rf.11eef8b890297ace78e5fceeecb96aaa.jpg, 0, 0, 0, 0, 1, 0
frame_240_segment_-21-21-2-3-25-08-2023-mp4_30_45-mp4_jpg.rf.11d7d99ac44e4df1daca27ed406e2ad4.jpg, 0, 0, 0, 0, 0, 1
frame_150_segment_-0-1-02-09-2023-mp4_30_45-mp4_jpg.rf.121f3ecdc789b31ffad5506e4100539a.jpg, 1, 0, 0, 0, 0, 0
frame_225_segment_FONBET-1-0-08-08-2023-mp4_0_15-mp4_jpg.rf.12560cf358c38eb08d8e080c07744b42.jpg, 1, 0, 0, 0, 0, 0
frame_330_segment_-0-0-17-09-2023-mp4_90_105-mp4_jpg.rf.122235a5f9322575169c935ad879f8ce.jpg, 1, 0, 0, 0, 0, 0
frame_30_segment_FONBET-0-0-20-09-2023-mp4_15_30-mp4_jpg.rf.126c6228a0149811221976842aa4c423.jpg, 1, 0, 0, 0, 0, 0
frame_325_segment_-3-2-11-08-2023-mp4_15_30-mp4_jpg.rf.1290a8b7584243ab916f5b7c0783d315.jpg, 1, 0, 0, 0, 0, 0
frame_105_segment_LEON-4-2-0-2-19-08-2023-mp4_0_15-mp4_jpg.rf.1289f2bc4587e5963aafb6cb398b27f4.jpg, 1, 0, 0, 0, 0, 0
frame_150_segment_-3-1-26-11-2023-mp4_90_105-mp4_jpg.rf.129408eb73e16315eb7e993b669cda05.jpg, 1, 0, 0, 0, 0, 0
frame_345_segment_LEON-4-2-3-1-17-09-2023-mp4_60_75-mp4_jpg.rf.12c6183aacd2b5f0cc15cac8773ebfd2.jpg, 1, 0, 0, 0, 0, 0
frame_240_segment_FONBET-2-1-29-08-2023-mp4_15_30-mp4_jpg.rf.12f1168494745cccd252755d8378089c.jpg, 1, 0, 0, 0, 0, 0
frame_240_segment_-21-21-2-3-25-08-2023-mp4_0_15-mp4_jpg.rf.131dd73b704be6b4c2239961eeab8d55.jpg, 0, 0, 0, 0, 0, 1
frame_360_segment_-0-1-02-09-2023-mp4_0_15-mp4_jpg.rf.13032e9ea14bb1be7ca98f9e7a7b1ee8.jpg, 1, 0, 0, 0, 0, 0
frame_435_segment_FONBET-0-0-20-09-2023-mp4_90_105-mp4_jpg.rf.133daa5dead768f87a60b180b98c5f83.jpg, 0, 0, 0, 0, 0, 1
frame_360_segment_LEON-4-2-0-2-13-08-2023-mp4_30_45-mp4_jpg.rf.1337b81921275f0982decd9a1d11a20d.jpg, 1, 0, 0, 0, 0, 0
frame_600_segment_-0-2-05-08-2023-mp4_90_105-mp4_jpg.rf.133c4007ae85505e40415733869dcd27.jpg, 1, 0, 0, 0, 0, 0
frame_300_segment_-21-21-2-0-15-09-2023-mp4_30_45-mp4_jpg.rf.1339bae43161c8fd43c6f204912003a4.jpg, 1, 0, 0, 0, 0, 0
frame_285_segment_-2-1-29-10-2023-mp4_75_90-mp4_jpg.rf.1363b70f6d3eeeb91594fa6a91067c7c.jpg, 1, 0, 0, 0, 0, 0
frame_180_segment_LEON-4-2-2-1-1-23-10-2023-mp4_15_30-mp4_jpg.rf.13578f71331266deec9c42e91824b34b.jpg, 1, 0, 0, 0, 0, 0
frame_345_segment_-0-1-06-11-2023-mp4_75_90-mp4_jpg.rf.13415ebc32d21f1469d712027521234f.jpg, 0, 0, 0, 0, 1, 0
frame_270_segment_LEON-4-2-0-0-23-07-2023-mp4_0_15-mp4_jpg.rf.1367b53bd6a8db94f72b773008465d19.jpg, 1, 0, 0, 0, 0, 0
frame_360_segment_-2-2-29-09-2023-mp4_0_15-mp4_jpg.rf.136f153e6349b9d231838ba85ca49f74.jpg, 1, 0, 0, 0, 0, 0
frame_360_segment_FONBET-2-1-25-07-2023-mp4_45_60-mp4_jpg.rf.1392d607f7763dade1d58373d3e611a1.jpg, 0, 0, 0, 0, 1, 0
frame_165_segment_FONBET-2-1-25-07-2023-mp4_15_30-mp4_jpg.rf.13927c6120ca0fabf763c471606143aa.jpg, 1, 0, 0, 0, 0, 0
frame_435_segment_FONBET-2-0-03-10-2023-mp4_15_30-mp4_jpg.rf.1399de984407141e0b76c81001feb789.jpg, 1, 0, 0, 0, 0, 0
frame_0_segment_-0-1-19-08-2023-mp4_15_30-mp4_jpg.rf.147e0bc18ed4de2aabed493529a377be.jpg, 1, 0, 0, 0, 0, 0
frame_225_segment_LEON-4-2-2-3-06-08-2023-mp4_30_45-mp4_jpg.rf.13ebed8e114adf16ec3ff1f42bf79cd9.jpg, 0, 0, 0, 0, 0, 1
frame_195_segment_FONBET-2-1-02-11-2023-mp4_0_15-mp4_jpg.rf.13b151c1ce3e2d65039e7a4edb0f57c1.jpg, 1, 0, 0, 0, 0, 0
frame_300_segment_FONBET-2-0-03-10-2023-mp4_0_15-mp4_jpg.rf.13e40aa2eff166757005cc247c6d71bd.jpg, 1, 0, 0, 0, 0, 0
frame_120_segment_-21-21-5-0-27-10-2023-mp4_0_15-mp4_jpg.rf.148ac2d7ade52fb8644759c090ad2201.jpg, 1, 0, 0, 0, 0, 0
frame_225_segment_-0-2-05-08-2023-mp4_15_30-mp4_jpg.rf.1492508c5ce13001d131c839e7ae5ab5.jpg, 1, 0, 0, 0, 0, 0
frame_330_segment_-3-1-26-11-2023-mp4_75_90-mp4_jpg.rf.14a1f369eb6749f2a8968e59ba17f95f.jpg, 0, 0, 0, 0, 1, 0
frame_435_segment_FONBET-2-1-29-08-2023-mp4_45_60-mp4_jpg.rf.14a42a184a4935b3f936cea26c13545f.jpg, 0, 0, 0, 0, 0, 1
frame_270_segment_FONBET-2-1-25-07-2023-mp4_15_30-mp4_jpg.rf.14a4ba8b25a8edffb66a021c17aa3c01.jpg, 1, 0, 0, 0, 0, 0
frame_420_segment_LEON-4-2-1-3-01-10-2023-mp4_15_30-mp4_jpg.rf.14f89ff705643a70ed38b966a4f0e556.jpg, 1, 0, 0, 0, 0, 0
frame_300_segment_FONBET-2-1-25-07-2023-mp4_45_60-mp4_jpg.rf.14b64ff766a7758b34858e5f29a95545.jpg, 0, 0, 0, 0, 0, 1
frame_240_segment_LEON-4-2-3-1-17-09-2023-mp4_45_60-mp4_jpg.rf.14fd34493a1e8cfc1e80356de476974b.jpg, 1, 0, 0, 0, 0, 0
frame_375_segment_-0-1-02-09-2023-mp4_90_105-mp4_jpg.rf.15005211c709e9a854279fa09f42636b.jpg, 1, 0, 0, 0, 0, 0
frame_135_segment_-2-0-08-12-2023-mp4_30_45-mp4_jpg.rf.15333e4308b5782ba72aeee75a54690b.jpg, 1, 0, 0, 0, 0, 0
frame_435_segment_-21-21-0-2-01-12-2023-mp4_60_75-mp4_jpg.rf.150de72ec5bb1e1a4c3dc710d82937f3.jpg, 1, 0, 0, 0, 0, 0
frame_675_segment_-3-2-11-08-2023-mp4_75_90-mp4_jpg.rf.150e7a0194d22e8d86c03a7c7f77c11f.jpg, 1, 0, 0, 0, 0, 0
frame_225_segment_LEON-4-2-2-2-3-28-08-2023-mp4_30_45-mp4_jpg.rf.158be507545646cf35acc77edaed4341.jpg, 0, 0, 0, 0, 1, 0
frame_405_segment_-0-0-17-09-2023-mp4_30_45-mp4_jpg.rf.157a623233e868c5f597d74032706de0.jpg, 1, 0, 0, 0, 0, 0
frame_15_segment_-0-0-17-09-2023-mp4_90_105-mp4_jpg.rf.156eb557398a92ff0af5d06d9362255e.jpg, 1, 0, 0, 0, 0, 0
frame_270_segment_FONBET-1-0-08-08-2023-mp4_75_90-mp4_jpg.rf.15778f177c3489fa326527cd22b24385.jpg, 1, 0, 0, 0, 0, 0
frame_270_segment_LEON-4-2-3-1-17-09-2023-mp4_135_150-mp4_jpg.rf.15e3f63e24b8ee75e1c881f77217f425.jpg, 1, 0, 0, 0, 0, 0
frame_525_segment_-3-2-11-08-2023-mp4_75_90-mp4_jpg.rf.15ac823cb8086d0bd885210dfef5e8b8.jpg, 0, 0, 0, 0, 0, 1
frame_300_segment_LEON-4-2-2-1-1-12-11-2023-mp4_0_15-mp4_jpg.rf.15efdab9203ee4d961c3982bd216e318.jpg, 1, 0, 0, 0, 0, 0
frame_405_segment_-21-21-0-3-29-09-2023-mp4_15_30-mp4_jpg.rf.15933aa445257ec57bd65c9c47b17cad.jpg, 1, 0, 0, 0, 0, 0
frame_45_segment_FONBET-2-1-29-08-2023-mp4_0_15-mp4_jpg.rf.1663560d233556a01ab8923292c613f6.jpg, 1, 0, 0, 0, 0, 0
frame_135_segment_-21-21-2-3-25-08-2023-mp4_45_60-mp4_jpg.rf.165de2168e4e411155bb799b7278d0be.jpg, 1, 0, 0, 0, 0, 0
frame_150_segment_-0-0-29-07-2023-mp4_30_45-mp4_jpg.rf.164ddc849b4a9af4744f00723d275156.jpg, 1, 0, 0, 0, 0, 0
frame_105_segment_-2-0-24-09-2023-mp4_0_15-mp4_jpg.rf.166c20e95b364ff86ae4bdb1b3f8a8c9.jpg, 1, 0, 0, 0, 0, 0
frame_330_segment_-2-0-08-12-2023-mp4_60_75-mp4_jpg.rf.167bd4ebc9fe01497c4da2116e6ab6f0.jpg, 1, 0, 0, 0, 0, 0
frame_315_segment_-21-21-3-2-01-09-2023-mp4_15_30-mp4_jpg.rf.16957b29541433c107cd70f43c2fb001.jpg, 1, 0, 0, 0, 0, 0
frame_180_segment_FONBET-1-0-08-08-2023-mp4_0_15-mp4_jpg.rf.167806d8d44c60b5d332aac99c1f5020.jpg, 1, 0, 0, 0, 0, 0
frame_90_segment_-2-2-29-09-2023-mp4_15_30-mp4_jpg.rf.167cb6c607a8bd51cb41e21a69087e60.jpg, 1, 0, 0, 0, 0, 0
frame_360_segment_FONBET-0-0-20-09-2023-mp4_75_90-mp4_jpg.rf.1723eec5e455c0707a091e32edade264.jpg, 1, 0, 0, 0, 0, 0
frame_270_segment_-2-1-29-10-2023-mp4_15_30-mp4_jpg.rf.16aa1969ba03c3cf9d56f588387982db.jpg, 1, 0, 0, 0, 0, 0
frame_350_segment_-3-2-11-08-2023-mp4_105_120-mp4_jpg.rf.171e25eaa498d9ac59d4d529db553261.jpg, 1, 0, 0, 0, 0, 0
frame_330_segment_-0-0-29-07-2023-mp4_30_45-mp4_jpg.rf.16bfd38649658a88223a182801206d57.jpg, 1, 0, 0, 0, 0, 0
frame_700_segment_-3-2-11-08-2023-mp4_30_45-mp4_jpg.rf.17476e63caa991310252f1d2f1b78838.jpg, 1, 0, 0, 0, 0, 0
frame_30_segment_LEON-4-2-2-1-1-23-10-2023-mp4_0_15-mp4_jpg.rf.172c3e7c241fabe4aa492f73b84f65d9.jpg, 1, 0, 0, 0, 0, 0
frame_345_segment_-21-21-1-3-10-11-2023-mp4_30_45-mp4_jpg.rf.173ac7a873902f1e85656027561a72e6.jpg, 1, 0, 0, 0, 0, 0
frame_270_segment_LEON-4-2-2-1-1-16-07-2023-mp4_90_105-mp4_jpg.rf.177bd58a99e48ff2f5d2be9ecad1a90b.jpg, 1, 0, 0, 0, 0, 0
frame_405_segment_LEON-4-2-2-3-06-08-2023-mp4_0_15-mp4_jpg.rf.1766eefba71a82da3ea8d0446e6b1e35.jpg, 1, 0, 0, 0, 0, 0
frame_225_segment_LEON-4-2-2-1-1-16-07-2023-mp4_30_45-mp4_jpg.rf.17705e65a6c63b2f519a0b96438c4efd.jpg, 0, 0, 0, 0, 1, 0
frame_150_segment_-0-2-05-08-2023-mp4_75_90-mp4_jpg.rf.17950d2be44c91137f46c02a2fdbb541.jpg, 1, 0, 0, 0, 0, 0
frame_285_segment_LEON-4-2-2-1-1-16-07-2023-mp4_45_60-mp4_jpg.rf.1778be474f69a01fe253d1c6db0f74f7.jpg, 0, 0, 0, 0, 1, 0
frame_180_segment_-3-1-26-11-2023-mp4_0_15-mp4_jpg.rf.179dc2d0683a762cdd5a7f99e43aee06.jpg, 1, 0, 0, 0, 0, 0
frame_405_segment_-0-0-17-09-2023-mp4_90_105-mp4_jpg.rf.17a369c6f43025bdb9d6488ae7580bb6.jpg, 1, 0, 0, 0, 0, 0
frame_105_segment_-3-1-11-11-2023-mp4_15_30-mp4_jpg.rf.17a1654c8c074d0e070d640cb36e7b61.jpg, 1, 0, 0, 0, 0, 0
frame_405_segment_-0-0-29-07-2023-mp4_15_30-mp4_jpg.rf.179a3eee9011720a76c7d2d8dd28be7d.jpg, 1, 0, 0, 0, 0, 0
frame_390_segment_-21-21-0-6-20-10-2023-mp4_15_30-mp4_jpg.rf.17a4e24ae348280bd7c4e2d823df8e41.jpg, 1, 0, 0, 0, 0, 0
frame_0_segment_LEON-4-2-2-3-06-08-2023-mp4_30_45-mp4_jpg.rf.17b42730c056a346d9161868a911e8b2.jpg, 0, 0, 0, 0, 1, 0
frame_240_segment_-21-21-0-3-29-09-2023-mp4_30_45-mp4_jpg.rf.17cf0bd6962a6680ece709d7bf837d85.jpg, 1, 0, 0, 0, 0, 0
frame_330_segment_-4-0-26-08-2023-mp4_15_30-mp4_jpg.rf.17bd86b1eae212b5c026fc707f3f7b5b.jpg, 1, 0, 0, 0, 0, 0
frame_180_segment_-0-1-19-08-2023-mp4_75_90-mp4_jpg.rf.17ff783386a28ccae2d14152c8c17017.jpg, 1, 0, 0, 0, 0, 0
frame_240_segment_FONBET-2-1-29-08-2023-mp4_0_15-mp4_jpg.rf.180d4f887d34448ffd15c43d46d53c2a.jpg, 1, 0, 0, 0, 0, 0
frame_270_segment_LEON-4-2-2-1-1-23-10-2023-mp4_0_15-mp4_jpg.rf.1805ca18e0ba1a5274ec325e9f8ce33d.jpg, 1, 0, 0, 0, 0, 0
frame_165_segment_-21-21-0-3-29-09-2023-mp4_75_90-mp4_jpg.rf.18229d5fcb2d5dc4cc00129de8f47859.jpg, 1, 0, 0, 0, 0, 0
frame_150_segment_LEON-4-2-0-0-23-07-2023-mp4_30_45-mp4_jpg.rf.1846ee2b22e872d090fc86bc8e58b238.jpg, 1, 0, 0, 0, 0, 0
frame_375_segment_FONBET-2-1-29-08-2023-mp4_45_60-mp4_jpg.rf.1857b0ee8121b51e9ee528ae38cfe87a.jpg, 1, 0, 0, 0, 0, 0
frame_300_segment_LEON-4-2-2-1-1-12-11-2023-mp4_45_60-mp4_jpg.rf.184799f83f033f7f7a94be09acdfeaa4.jpg, 0, 0, 0, 0, 0, 1
frame_240_segment_LEON-4-2-0-2-19-08-2023-mp4_15_30-mp4_jpg.rf.18344da5dd0d65d2ae62404b0753274c.jpg, 0, 0, 0, 0, 0, 1
frame_330_segment_FONBET-0-0-20-09-2023-mp4_30_45-mp4_jpg.rf.18aee292cd880b6d5f39937bec9a7c6c.jpg, 0, 0, 0, 0, 1, 0
frame_75_segment_-0-0-17-09-2023-mp4_75_90-mp4_jpg.rf.1857ccedaa1a548612a92451200a8b71.jpg, 1, 0, 0, 0, 0, 0
frame_240_segment_FONBET-0-0-20-09-2023-mp4_0_15-mp4_jpg.rf.18fe0fb9c54c3e28831904512be32e74.jpg, 1, 0, 0, 0, 0, 0
frame_255_segment_-21-21-0-3-29-09-2023-mp4_0_15-mp4_jpg.rf.187982ec57927348e3cfe559eba914ab.jpg, 0, 0, 0, 0, 1, 0
frame_90_segment_-0-1-19-08-2023-mp4_30_45-mp4_jpg.rf.19026cad30b0149d25885bcf18af8076.jpg, 1, 0, 0, 0, 0, 0
frame_270_segment_LEON-4-2-2-1-1-23-10-2023-mp4_45_60-mp4_jpg.rf.1915e0257bdce29e1e60f469482de731.jpg, 1, 0, 0, 0, 0, 0
frame_700_segment_-0-2-05-08-2023-mp4_45_60-mp4_jpg.rf.192d06181be6f96e823c8113aeb6959b.jpg, 1, 0, 0, 0, 0, 0
frame_135_segment_LEON-4-2-3-1-17-09-2023-mp4_60_75-mp4_jpg.rf.191b5368f9e9e5c9f81900684512c950.jpg, 1, 0, 0, 0, 0, 0
frame_330_segment_-2-2-29-09-2023-mp4_15_30-mp4_jpg.rf.19300e35fff8b0a0e26529735c3f3271.jpg, 1, 0, 0, 0, 0, 0
frame_150_segment_FONBET-1-0-08-08-2023-mp4_45_60-mp4_jpg.rf.193ca14a0d3dea2ffad5557bd01e85c8.jpg, 1, 0, 0, 0, 0, 0
frame_360_segment_LEON-4-2-3-1-17-09-2023-mp4_90_105-mp4_jpg.rf.19310f9881484f76f7624dbb853359a8.jpg, 1, 0, 0, 0, 0, 0
frame_300_segment_-0-1-02-09-2023-mp4_90_105-mp4_jpg.rf.1938446a8f9270a11c3a14ce7747ae1b.jpg, 1, 0, 0, 0, 0, 0
frame_275_segment_-3-2-11-08-2023-mp4_105_120-mp4_jpg.rf.19ab9ef19b686f61943d22bbba15213a.jpg, 1, 0, 0, 0, 0, 0
frame_180_segment_FONBET-2-1-29-08-2023-mp4_75_90-mp4_jpg.rf.19b782c8eb755bcfe669754300484887.jpg, 0, 0, 0, 0, 1, 0
frame_165_segment_FONBET-0-0-20-09-2023-mp4_90_105-mp4_jpg.rf.19458dc261e9b432d9985c092f1a7505.jpg, 1, 0, 0, 0, 0, 0
frame_405_segment_FONBET-1-0-08-08-2023-mp4_75_90-mp4_jpg.rf.1984aa791163815b64090755fc5f531d.jpg, 1, 0, 0, 0, 0, 0
frame_165_segment_-0-0-29-07-2023-mp4_120_135-mp4_jpg.rf.1a01cb3b024207bb31723376177c2004.jpg, 1, 0, 0, 0, 0, 0
frame_180_segment_LEON-4-2-2-1-1-16-07-2023-mp4_45_60-mp4_jpg.rf.19df9998c59001eb235d483e959e20d1.jpg, 1, 0, 0, 0, 0, 0
frame_75_segment_undefined-2-2-1-0-28-10-2023-mp4_0_15-mp4_jpg.rf.1a1f4cf550583c29301e3fa903258e37.jpg, 1, 0, 0, 0, 0, 0
frame_375_segment_-2-2-29-09-2023-mp4_150_165-mp4_jpg.rf.1a1301b2ef2d0e80785883770c6e8b66.jpg, 0, 0, 0, 0, 0, 1
frame_225_segment_FONBET-1-0-08-08-2023-mp4_75_90-mp4_jpg.rf.1a21e53f0d80d32cb35649758b85f1af.jpg, 1, 0, 0, 0, 0, 0
frame_325_segment_-0-2-05-08-2023-mp4_30_45-mp4_jpg.rf.1a511eb0adfeb10ef802e9cce932eb98.jpg, 1, 0, 0, 0, 0, 0
frame_125_segment_-3-2-11-08-2023-mp4_15_30-mp4_jpg.rf.1a5af19556f0bc8976c3e051ab03a512.jpg, 1, 0, 0, 0, 0, 0
frame_315_segment_LEON-4-2-2-1-1-23-10-2023-mp4_30_45-mp4_jpg.rf.1a89359c9406c4eeb324309918f4ab46.jpg, 1, 0, 0, 0, 0, 0
frame_435_segment_FONBET-1-0-08-08-2023-mp4_90_105-mp4_jpg.rf.1a9af0df4126dfd4b212ddcc8052049f.jpg, 1, 0, 0, 0, 0, 0
frame_45_segment_LEON-4-2-2-1-1-16-07-2023-mp4_45_60-mp4_jpg.rf.1aba5ca9d55dfb5e3a09febe6699fe5f.jpg, 1, 0, 0, 0, 0, 0
frame_420_segment_LEON-4-2-3-1-17-09-2023-mp4_60_75-mp4_jpg.rf.1aba58ecf09741a4ec3ed9a9a7d51e18.jpg, 1, 0, 0, 0, 0, 0
frame_330_segment_-21-21-0-2-01-12-2023-mp4_30_45-mp4_jpg.rf.1ac30676102c78e3a3515ecf052c3193.jpg, 1, 0, 0, 0, 0, 0
frame_240_segment_-0-0-17-09-2023-mp4_150_165-mp4_jpg.rf.1ae7c39a4cce72998a3e8015ab7621a1.jpg, 0, 0, 0, 0, 0, 1
frame_390_segment_FONBET-2-1-29-08-2023-mp4_75_90-mp4_jpg.rf.1b5369e1d47c82707bf113cc61eaaae4.jpg, 1, 0, 0, 0, 0, 0
frame_315_segment_-21-21-5-0-27-10-2023-mp4_0_15-mp4_jpg.rf.1b24b348a970ddbfdddb8f3693b76acc.jpg, 1, 0, 0, 0, 0, 0
frame_210_segment_-0-0-29-07-2023-mp4_15_30-mp4_jpg.rf.1b37f7b2e840fa65538825c5ee9564fa.jpg, 1, 0, 0, 0, 0, 0
frame_45_segment_-0-0-17-09-2023-mp4_0_15-mp4_jpg.rf.1b865a75d666dc62e6e21ebfb042668b.jpg, 1, 0, 0, 0, 0, 0
frame_225_segment_-2-0-08-12-2023-mp4_0_15-mp4_jpg.rf.1b95b05ed05b9def4f5cc12336582d0d.jpg, 1, 0, 0, 0, 0, 0
frame_300_segment_-3-1-26-11-2023-mp4_15_30-mp4_jpg.rf.1c24189f7c58e22d6ffa4c2cbc2b4212.jpg, 1, 0, 0, 0, 0, 0
frame_255_segment_FONBET-1-0-08-08-2023-mp4_30_45-mp4_jpg.rf.1bb5b2c8a08ecc5c194cbdc7156bf5ef.jpg, 1, 0, 0, 0, 0, 0
frame_315_segment_LEON-4-2-2-1-1-16-07-2023-mp4_75_90-mp4_jpg.rf.1c593bfd2975fb20fe6e96f5e2aae45f.jpg, 0, 0, 0, 0, 1, 0
frame_270_segment_-2-1-22-07-2023-mp4_0_15-mp4_jpg.rf.1c5a0cda8a1a00b9d9c10c05e6f97831.jpg, 1, 0, 0, 0, 0, 0
frame_105_segment_-0-1-02-09-2023-mp4_30_45-mp4_jpg.rf.1c5b9ec953f41b9b9a0583a8c6bfdb22.jpg, 1, 0, 0, 0, 0, 0
frame_400_segment_-0-2-05-08-2023-mp4_90_105-mp4_jpg.rf.1c5ad34b0ee14784feecb684b157db8e.jpg, 1, 0, 0, 0, 0, 0
frame_315_segment_-21-21-1-0-24-11-2023-mp4_0_15-mp4_jpg.rf.1c5e13fcdadaa3662a8193daa67500d1.jpg, 1, 0, 0, 0, 0, 0
frame_405_segment_-0-1-06-11-2023-mp4_0_15-mp4_jpg.rf.1c720879c6407a47e742cf2883b8249f.jpg, 1, 0, 0, 0, 0, 0
frame_330_segment_FONBET-2-1-25-07-2023-mp4_0_15-mp4_jpg.rf.1c81bd11832e2aad56535cd52758becf.jpg, 1, 0, 0, 0, 0, 0
frame_435_segment_-2-2-29-09-2023-mp4_0_15-mp4_jpg.rf.1c671c14d78c64764a1ded35337cc161.jpg, 1, 0, 0, 0, 0, 0
frame_240_segment_-4-0-26-08-2023-mp4_75_90-mp4_jpg.rf.1cf2ce5e2d8346aec758d25689196853.jpg, 1, 0, 0, 0, 0, 0
frame_15_segment_-0-1-02-09-2023-mp4_45_60-mp4_jpg.rf.1cfb3d7929653085a8d5ccdda968013a.jpg, 1, 0, 0, 0, 0, 0
frame_315_segment_FONBET-0-0-20-09-2023-mp4_30_45-mp4_jpg.rf.1cbfbb1dc8b45907c942443c31799777.jpg, 0, 0, 0, 0, 1, 0
frame_405_segment_LEON-4-2-2-3-06-08-2023-mp4_30_45-mp4_jpg.rf.1c8d7e40219dec756bfac6a58cdb489c.jpg, 1, 0, 0, 0, 0, 0
frame_75_segment_-0-0-29-07-2023-mp4_0_15-mp4_jpg.rf.1cfe06f4e7e1433161827788004228c6.jpg, 1, 0, 0, 0, 0, 0
frame_360_segment_LEON-4-2-3-2-23-09-2023-mp4_0_15-mp4_jpg.rf.1d051e711f88f7dcb88687650d0c3503.jpg, 1, 0, 0, 0, 0, 0
frame_165_segment_FONBET-2-1-25-07-2023-mp4_45_60-mp4_jpg.rf.1d0ba6c676a4f5aee5ad530f847ea5d1.jpg, 1, 0, 0, 0, 0, 0
frame_150_segment_FONBET-2-1-02-11-2023-mp4_60_75-mp4_jpg.rf.1d238d8c2c0afab42f864a9f1388b87a.jpg, 1, 0, 0, 0, 0, 0
frame_200_segment_-0-2-05-08-2023-mp4_90_105-mp4_jpg.rf.1d39f888134f349a2165a3fbf9a208f1.jpg, 1, 0, 0, 0, 0, 0
frame_270_segment_-2-1-29-10-2023-mp4_30_45-mp4_jpg.rf.1d6d23018924b3ea4f3f8d3f84e78dc6.jpg, 1, 0, 0, 0, 0, 0
frame_300_segment_-2-0-08-12-2023-mp4_45_60-mp4_jpg.rf.1d9ac6358cabb58a2fa5c83e4ff98c25.jpg, 1, 0, 0, 0, 0, 0
frame_300_segment_FONBET-1-0-08-08-2023-mp4_75_90-mp4_jpg.rf.1d6a64a7293c0fe093a600b363e1f5b6.jpg, 1, 0, 0, 0, 0, 0
frame_420_segment_-0-0-17-09-2023-mp4_90_105-mp4_jpg.rf.1d9b47fbe03448fd89efc542311c21b5.jpg, 1, 0, 0, 0, 0, 0
frame_500_segment_-0-2-05-08-2023-mp4_0_15-mp4_jpg.rf.1db2dc5029ee8494e2dbc06ebfc04498.jpg, 1, 0, 0, 0, 0, 0
frame_725_segment_-0-2-05-08-2023-mp4_60_75-mp4_jpg.rf.1db668cbdedb5ddc233804a30c308b58.jpg, 1, 0, 0, 0, 0, 0
frame_375_segment_-2-2-29-09-2023-mp4_45_60-mp4_jpg.rf.1ddf7f262a8d77028708c1365eeec49c.jpg, 0, 0, 0, 0, 1, 0
frame_255_segment_LEON-4-2-2-2-3-28-08-2023-mp4_0_15-mp4_jpg.rf.1de625fb740b01b5cac77c31f4fdec79.jpg, 1, 0, 0, 0, 0, 0
frame_435_segment_-0-1-06-11-2023-mp4_15_30-mp4_jpg.rf.1e072d4752432638fd478af1c08661cd.jpg, 1, 0, 0, 0, 0, 0
frame_90_segment_-0-1-02-09-2023-mp4_105_120-mp4_jpg.rf.1e1f3c923791c010dc0a169f5e8f1fd5.jpg, 1, 0, 0, 0, 0, 0
frame_405_segment_LEON-4-2-2-1-1-12-11-2023-mp4_75_90-mp4_jpg.rf.1df6cb14fad9a8237dd41fb7587d8fcc.jpg, 0, 0, 0, 0, 1, 0
frame_240_segment_-21-21-0-2-01-12-2023-mp4_0_15-mp4_jpg.rf.1eb0722c13dc6974ae28268eee25c2d4.jpg, 1, 0, 0, 0, 0, 0
frame_225_segment_-3-1-11-11-2023-mp4_15_30-mp4_jpg.rf.1e890f4b122ff90d5f1728e3319208e5.jpg, 0, 0, 0, 0, 1, 0
frame_315_segment_LEON-4-2-2-1-1-16-07-2023-mp4_105_120-mp4_jpg.rf.1e934a21b748320349b084dc8f1c1dcf.jpg, 0, 0, 0, 0, 0, 1
frame_180_segment_-0-1-02-09-2023-mp4_0_15-mp4_jpg.rf.1e9c2dd369c05d93dca46d2b4864c08c.jpg, 1, 0, 0, 0, 0, 0
frame_375_segment_-0-1-19-08-2023-mp4_15_30-mp4_jpg.rf.1edeea3c513a055adc8ef93f055c3cfb.jpg, 1, 0, 0, 0, 0, 0
frame_390_segment_-2-0-24-09-2023-mp4_30_45-mp4_jpg.rf.1ecee080d7b269673732e43cced14409.jpg, 1, 0, 0, 0, 0, 0
frame_300_segment_-4-0-26-08-2023-mp4_45_60-mp4_jpg.rf.1ebd9c033c3c9ce69258df4f71378bc7.jpg, 1, 0, 0, 0, 0, 0
frame_120_segment_LEON-4-2-0-0-23-07-2023-mp4_0_15-mp4_jpg.rf.1ecab4a898af94f5bf14375bdcf72bf4.jpg, 1, 0, 0, 0, 0, 0
frame_330_segment_-21-21-1-0-24-11-2023-mp4_0_15-mp4_jpg.rf.1ee0f912b69f79ba74bb233f55fae9b0.jpg, 1, 0, 0, 0, 0, 0
frame_135_segment_FONBET-2-1-25-07-2023-mp4_45_60-mp4_jpg.rf.1efc827c79e61555343d623a38ce9261.jpg, 1, 0, 0, 0, 0, 0
frame_375_segment_LEON-4-2-0-0-23-07-2023-mp4_0_15-mp4_jpg.rf.1efa39258495d17d33126f0fb1b65af5.jpg, 0, 0, 0, 0, 0, 1
frame_30_segment_-21-21-3-1-03-11-2023-mp4_45_60-mp4_jpg.rf.1ee2223aac7f2ee8e9a34bbb8d01b0bf.jpg, 1, 0, 0, 0, 0, 0
frame_135_segment_FONBET-2-1-25-07-2023-mp4_60_75-mp4_jpg.rf.1f6b90bd12c1d8ff3dd6d9c047d65f35.jpg, 1, 0, 0, 0, 0, 0
frame_270_segment_FONBET-0-0-20-09-2023-mp4_45_60-mp4_jpg.rf.1f59f892e01e6934541ba0d4a406322e.jpg, 1, 0, 0, 0, 0, 0
frame_0_segment_LEON-4-2-2-1-1-02-09-2023-mp4_30_45-mp4_jpg.rf.1f47e8948f5546cbfb74a4ca94ac7d6f.jpg, 1, 0, 0, 0, 0, 0
frame_405_segment_-3-1-11-11-2023-mp4_60_75-mp4_jpg.rf.1f5dbcc249094936a9b197d7fd8a3aca.jpg, 1, 0, 0, 0, 0, 0
frame_360_segment_-0-0-29-07-2023-mp4_15_30-mp4_jpg.rf.1f913d781c529c30da452c9c78cd59a4.jpg, 1, 0, 0, 0, 0, 0
frame_550_segment_-3-2-11-08-2023-mp4_30_45-mp4_jpg.rf.1faae8ca5894b2d4c25cdc40301ab89d.jpg, 1, 0, 0, 0, 0, 0
frame_240_segment_LEON-4-2-1-3-01-10-2023-mp4_30_45-mp4_jpg.rf.1f88c61031be847edf4002d39c141603.jpg, 1, 0, 0, 0, 0, 0
frame_315_segment_FONBET-2-1-29-08-2023-mp4_0_15-mp4_jpg.rf.1fb7fb709a06f6a161e6321bf802eb50.jpg, 0, 0, 0, 0, 0, 1
frame_60_segment_-21-21-5-0-22-09-2023-mp4_0_15-mp4_jpg.rf.2061368cc8f9bf7fc405ad8d3d0bb8d9.jpg, 1, 0, 0, 0, 0, 0
frame_420_segment_FONBET-0-0-20-09-2023-mp4_0_15-mp4_jpg.rf.2039305412c6d9d49b04c32d41195c0f.jpg, 0, 0, 0, 0, 1, 0
frame_315_segment_-0-1-06-11-2023-mp4_15_30-mp4_jpg.rf.2015b611a9986f12ee7d7ee97138e7f3.jpg, 1, 0, 0, 0, 0, 0
frame_240_segment_FONBET-1-0-08-08-2023-mp4_75_90-mp4_jpg.rf.206e08bfa815249ec763a59a5c51bd34.jpg, 0, 0, 0, 0, 1, 0
frame_330_segment_-2-2-29-09-2023-mp4_105_120-mp4_jpg.rf.209f1dece686ba6bbfde882fea22b10d.jpg, 1, 0, 0, 0, 0, 0
frame_300_segment_-2-1-29-10-2023-mp4_75_90-mp4_jpg.rf.20727cba23d24ed3e9cd50863bd4b656.jpg, 1, 0, 0, 0, 0, 0
frame_390_segment_-2-1-29-10-2023-mp4_45_60-mp4_jpg.rf.20a301798e1ab86805074559b439971d.jpg, 1, 0, 0, 0, 0, 0
frame_225_segment_-0-0-17-09-2023-mp4_15_30-mp4_jpg.rf.20c90aba4adfe21a3edd83149c83912d.jpg, 0, 0, 0, 0, 0, 1
frame_345_segment_-4-0-26-08-2023-mp4_45_60-mp4_jpg.rf.20ce59dcd3e54a6fb466fe0018a29fd2.jpg, 0, 0, 0, 0, 0, 1
frame_330_segment_LEON-4-2-2-1-1-12-11-2023-mp4_0_15-mp4_jpg.rf.210678d9c012256a9a707f27ac2d5b19.jpg, 1, 0, 0, 0, 0, 0
frame_135_segment_-2-2-29-09-2023-mp4_0_15-mp4_jpg.rf.210e7ff66d3df10e3d91713163fef87b.jpg, 1, 0, 0, 0, 0, 0
frame_75_segment_-21-21-2-2-10-08-2023-mp4_15_30-mp4_jpg.rf.2106597a1c16a753d4ce8d47438ce348.jpg, 1, 0, 0, 0, 0, 0
frame_165_segment_-2-1-29-10-2023-mp4_30_45-mp4_jpg.rf.211fbb7a4a6a830c58437b147d8cc8a2.jpg, 1, 0, 0, 0, 0, 0
frame_255_segment_-0-1-06-11-2023-mp4_30_45-mp4_jpg.rf.212d33f107110e10efbe357016588ba2.jpg, 1, 0, 0, 0, 0, 0
frame_75_segment_LEON-4-2-0-2-19-08-2023-mp4_15_30-mp4_jpg.rf.214414da2b29f2c99c8623ababc2cc3b.jpg, 1, 0, 0, 0, 0, 0
frame_90_segment_-21-21-0-3-29-09-2023-mp4_45_60-mp4_jpg.rf.214994f89d0349d6324fa15b430d42b6.jpg, 1, 0, 0, 0, 0, 0
frame_150_segment_-3-1-26-11-2023-mp4_0_15-mp4_jpg.rf.216c10f0076ebb4e0ca49a1eb2c10796.jpg, 1, 0, 0, 0, 0, 0
frame_345_segment_-2-0-08-12-2023-mp4_75_90-mp4_jpg.rf.21509d85443f54321a60064e500616d1.jpg, 1, 0, 0, 0, 0, 0
frame_90_segment_LEON-4-2-2-1-1-23-10-2023-mp4_45_60-mp4_jpg.rf.21553f2c9610c07f3e5b78c630aed338.jpg, 1, 0, 0, 0, 0, 0
frame_60_segment_-21-21-0-3-29-09-2023-mp4_30_45-mp4_jpg.rf.214c589bf2222fe95f2477c65d120ca4.jpg, 1, 0, 0, 0, 0, 0
frame_0_segment_-21-21-0-2-01-12-2023-mp4_60_75-mp4_jpg.rf.2172813a692a8db40d2e3e2a67bbb0ab.jpg, 1, 0, 0, 0, 0, 0
frame_270_segment_FONBET-2-1-29-08-2023-mp4_90_105-mp4_jpg.rf.219b201afb8b7e6fbaa63ade770ce443.jpg, 0, 0, 0, 0, 0, 1
frame_300_segment_-0-1-06-11-2023-mp4_105_120-mp4_jpg.rf.2175e72b84d82d22f7537daa0784ad67.jpg, 1, 0, 0, 0, 0, 0
frame_45_segment_-21-21-2-3-25-08-2023-mp4_15_30-mp4_jpg.rf.2190c17412826da397722d935fb53a8b.jpg, 1, 0, 0, 0, 0, 0
frame_180_segment_-21-21-3-2-04-08-2023-mp4_30_45-mp4_jpg.rf.21c50963c8e23373b012ffe29b39040d.jpg, 1, 0, 0, 0, 0, 0
frame_240_segment_-0-0-17-09-2023-mp4_195_210-mp4_jpg.rf.21e11e02a36474f08328dbc32797b01b.jpg, 1, 0, 0, 0, 0, 0
frame_375_segment_-0-1-06-11-2023-mp4_15_30-mp4_jpg.rf.21eb36aaaa436adf6e8f4641751d431e.jpg, 1, 0, 0, 0, 0, 0
frame_270_segment_-0-0-29-07-2023-mp4_90_105-mp4_jpg.rf.222658d4cc27f8f3e5b29759e13c2938.jpg, 1, 0, 0, 0, 0, 0
frame_75_segment_FONBET-2-0-03-10-2023-mp4_30_45-mp4_jpg.rf.2247d694cf9b6512b028396db29f0807.jpg, 1, 0, 0, 0, 0, 0
frame_315_segment_FONBET-1-0-08-08-2023-mp4_30_45-mp4_jpg.rf.225c87425f87911b993e7232df9c0231.jpg, 1, 0, 0, 0, 0, 0
frame_75_segment_-0-1-06-11-2023-mp4_75_90-mp4_jpg.rf.22552dd21ef725b80d17d101020b14f2.jpg, 1, 0, 0, 0, 0, 0
frame_435_segment_FONBET-2-1-25-07-2023-mp4_75_90-mp4_jpg.rf.226502f2ddbd795c1a356e40caebfb5b.jpg, 1, 0, 0, 0, 0, 0
frame_165_segment_LEON-4-2-0-0-23-07-2023-mp4_0_15-mp4_jpg.rf.2289a1dac8f2b2cf7fe65db899236774.jpg, 1, 0, 0, 0, 0, 0
frame_435_segment_FONBET-2-1-02-11-2023-mp4_30_45-mp4_jpg.rf.22891da9e92bf1abd33e38936391d979.jpg, 0, 0, 0, 0, 1, 0
frame_165_segment_-21-21-0-3-29-09-2023-mp4_60_75-mp4_jpg.rf.228c8002eda1ea4fabeed5f3c5969dc5.jpg, 1, 0, 0, 0, 0, 0
frame_165_segment_-0-1-02-09-2023-mp4_15_30-mp4_jpg.rf.22b9864a71bf5aeb0e332ceee62272c5.jpg, 1, 0, 0, 0, 0, 0
frame_345_segment_LEON-4-2-2-1-1-16-07-2023-mp4_0_15-mp4_jpg.rf.23184e633b33391eb4c4d242cf908fb8.jpg, 1, 0, 0, 0, 0, 0
frame_435_segment_-21-21-0-2-01-12-2023-mp4_0_15-mp4_jpg.rf.232353c971331853e246ccabd972fb94.jpg, 0, 0, 0, 0, 1, 0
frame_165_segment_-3-1-26-11-2023-mp4_60_75-mp4_jpg.rf.2308e0a0b16e1409daf2ccbfe741bac5.jpg, 1, 0, 0, 0, 0, 0
frame_15_segment_-21-21-2-2-18-08-2023-mp4_15_30-mp4_jpg.rf.23152a1e54d5d47cfbcba24404450cbe.jpg, 1, 0, 0, 0, 0, 0
frame_45_segment_-21-21-2-2-10-08-2023-mp4_60_75-mp4_jpg.rf.234a7615916255d3ab72bda8e4b90f38.jpg, 1, 0, 0, 0, 0, 0
frame_225_segment_LEON-4-2-3-1-17-09-2023-mp4_30_45-mp4_jpg.rf.23627aa9286cad2bfeabd56b250d07b7.jpg, 1, 0, 0, 0, 0, 0
frame_315_segment_-3-1-26-11-2023-mp4_15_30-mp4_jpg.rf.233211c4f72727e7a35b952c8b0279c2.jpg, 1, 0, 0, 0, 0, 0
frame_180_segment_FONBET-2-1-29-08-2023-mp4_60_75-mp4_jpg.rf.236b70b815aecd7409ed29b6ba174a0b.jpg, 1, 0, 0, 0, 0, 0
frame_255_segment_-0-1-19-08-2023-mp4_60_75-mp4_jpg.rf.2386b4242078978f6b97daec32d1a5ce.jpg, 1, 0, 0, 0, 0, 0
frame_210_segment_-2-2-29-09-2023-mp4_30_45-mp4_jpg.rf.238e7deb23ba11abfd0f4b0479ca30bb.jpg, 1, 0, 0, 0, 0, 0
frame_225_segment_-21-21-0-3-29-09-2023-mp4_0_15-mp4_jpg.rf.238b55cd1f430c0aee8306019321524a.jpg, 1, 0, 0, 0, 0, 0
frame_420_segment_LEON-4-2-3-1-17-09-2023-mp4_45_60-mp4_jpg.rf.23b73013ac95f94ce3fd6cb86899cff7.jpg, 1, 0, 0, 0, 0, 0
frame_345_segment_-1-0-02-12-2023-mp4_0_15-mp4_jpg.rf.23b76eb9c97d1449e37e46f4f31d349d.jpg, 1, 0, 0, 0, 0, 0
frame_30_segment_-21-21-1-3-10-11-2023-mp4_45_60-mp4_jpg.rf.23e60493a0dbeedcdf9f89f97158c433.jpg, 1, 0, 0, 0, 0, 0
frame_345_segment_LEON-4-2-2-3-06-08-2023-mp4_0_15-mp4_jpg.rf.23f9177a7b74e0d6b7c3d40aa2421fbe.jpg, 1, 0, 0, 0, 0, 0
frame_550_segment_-0-2-05-08-2023-mp4_0_15-mp4_jpg.rf.23d5a631bbe965bede5189d14d9eeaf2.jpg, 1, 0, 0, 0, 0, 0
frame_300_segment_-0-1-06-11-2023-mp4_0_15-mp4_jpg.rf.2413dcf441e325776b017643a15b32fe.jpg, 1, 0, 0, 0, 0, 0
frame_345_segment_LEON-4-2-3-1-17-09-2023-mp4_135_150-mp4_jpg.rf.23fdc6fed4ef9a2d5064bcacfbe4850f.jpg, 1, 0, 0, 0, 0, 0
frame_405_segment_LEON-4-2-2-1-1-12-11-2023-mp4_0_15-mp4_jpg.rf.242459985da7d7286e39328b0307bde6.jpg, 0, 0, 0, 0, 1, 0
frame_180_segment_LEON-4-2-2-1-1-16-07-2023-mp4_60_75-mp4_jpg.rf.242c9d6b16f9ca5705eac788a3a15afa.jpg, 1, 0, 0, 0, 0, 0
frame_45_segment_-2-1-22-07-2023-mp4_60_73-7-mp4_jpg.rf.2430a40ea1f214b714181d6b8120fb67.jpg, 1, 0, 0, 0, 0, 0
frame_375_segment_LEON-4-2-2-1-1-02-09-2023-mp4_30_45-mp4_jpg.rf.2489ee69e48dcf296d9b6815b6e6b3c3.jpg, 0, 0, 0, 0, 1, 0
frame_30_segment_-21-21-2-2-10-08-2023-mp4_75_90-mp4_jpg.rf.24efe2b5d867657660a9c81291953b76.jpg, 1, 0, 0, 0, 0, 0
frame_195_segment_-0-1-02-09-2023-mp4_15_30-mp4_jpg.rf.24c8dfe0a4462ed322e97133b85b43f7.jpg, 0, 0, 0, 0, 1, 0
frame_405_segment_FONBET-2-1-29-08-2023-mp4_0_15-mp4_jpg.rf.258e3c92956bce956640ce2df673405d.jpg, 0, 0, 0, 0, 0, 1
frame_420_segment_FONBET-2-1-29-08-2023-mp4_30_45-mp4_jpg.rf.2575a8f0e3840613603629093d5dfd15.jpg, 1, 0, 0, 0, 0, 0
frame_150_segment_-0-2-05-08-2023-mp4_15_30-mp4_jpg.rf.2548066ce762744a8720158966e7a8d9.jpg, 1, 0, 0, 0, 0, 0
frame_180_segment_FONBET-2-1-29-08-2023-mp4_45_60-mp4_jpg.rf.259dcdd6353036e1235b9c9cca004b2a.jpg, 1, 0, 0, 0, 0, 0
frame_270_segment_-2-0-08-12-2023-mp4_0_15-mp4_jpg.rf.2519fbc1f309a3457fb885505dd400bf.jpg, 1, 0, 0, 0, 0, 0
frame_255_segment_FONBET-1-0-08-08-2023-mp4_15_30-mp4_jpg.rf.2594fb226b58fff0c24c21f2f50322c7.jpg, 0, 0, 0, 0, 0, 1
frame_120_segment_-1-0-02-12-2023-mp4_75_90-mp4_jpg.rf.25e61e71b03fb57cefff85f8d443cc2d.jpg, 1, 0, 0, 0, 0, 0
frame_150_segment_LEON-4-2-3-1-17-09-2023-mp4_15_30-mp4_jpg.rf.25b9cb31ddc21b68d0e988de5a25336d.jpg, 1, 0, 0, 0, 0, 0
frame_325_segment_-3-2-11-08-2023-mp4_75_90-mp4_jpg.rf.262952a25c4972d4c6e5391668d26659.jpg, 1, 0, 0, 0, 0, 0
frame_420_segment_FONBET-2-1-29-08-2023-mp4_45_60-mp4_jpg.rf.266f2607e0abfbee92d78d136cb3b5c1.jpg, 1, 0, 0, 0, 0, 0
frame_270_segment_-3-1-11-11-2023-mp4_60_75-mp4_jpg.rf.2619816bf551a9026d98046518087beb.jpg, 1, 0, 0, 0, 0, 0
frame_360_segment_-4-0-26-08-2023-mp4_45_60-mp4_jpg.rf.265ba011fd7f3e8a3fd4025423df70fb.jpg, 1, 0, 0, 0, 0, 0
frame_315_segment_-0-0-29-07-2023-mp4_105_120-mp4_jpg.rf.2686103cf759dc64b40cb36363b045ec.jpg, 1, 0, 0, 0, 0, 0
frame_195_segment_FONBET-2-1-29-08-2023-mp4_0_15-mp4_jpg.rf.269561c4d20c045ad675caf696daefb4.jpg, 1, 0, 0, 0, 0, 0
frame_500_segment_-0-2-05-08-2023-mp4_60_75-mp4_jpg.rf.2695fc36652de9a932829a3c2dda6a4f.jpg, 1, 0, 0, 0, 0, 0
frame_315_segment_-3-1-26-11-2023-mp4_90_105-mp4_jpg.rf.2696bfc32d4fd276c00d66369f9734b5.jpg, 1, 0, 0, 0, 0, 0
frame_285_segment_-2-0-24-09-2023-mp4_0_15-mp4_jpg.rf.26ca6ee8cdc5d2deb5b1fe3bfa117803.jpg, 1, 0, 0, 0, 0, 0
frame_90_segment_LEON-4-2-0-1-08-10-2023-mp4_0_15-mp4_jpg.rf.26fcde039526f10391d8e44d76e2a257.jpg, 1, 0, 0, 0, 0, 0
frame_425_segment_-3-2-11-08-2023-mp4_0_15-mp4_jpg.rf.26f93a4409e455c83789e8534a8ff625.jpg, 1, 0, 0, 0, 0, 0
frame_255_segment_-3-1-11-11-2023-mp4_0_15-mp4_jpg.rf.26ae3202c2d7a11a15f1056ae1cad8a5.jpg, 1, 0, 0, 0, 0, 0
frame_285_segment_-0-1-02-09-2023-mp4_75_90-mp4_jpg.rf.271cc9a2c0ac255ab19d3144b93fef15.jpg, 1, 0, 0, 0, 0, 0
frame_150_segment_FONBET-1-0-08-08-2023-mp4_60_75-mp4_jpg.rf.27046668e887cf6d1cef1b3ab744e818.jpg, 1, 0, 0, 0, 0, 0
frame_210_segment_-1-0-02-12-2023-mp4_45_60-mp4_jpg.rf.27922871a9bd3ee54cf3d93673bfa9e3.jpg, 1, 0, 0, 0, 0, 0
frame_75_segment_-21-21-1-0-24-11-2023-mp4_30_45-mp4_jpg.rf.271d3dcbf6ce252ca700d46251ee7a16.jpg, 1, 0, 0, 0, 0, 0
frame_240_segment_FONBET-2-1-25-07-2023-mp4_60_75-mp4_jpg.rf.27cab98f7acbd898fff0815b32906c5b.jpg, 1, 0, 0, 0, 0, 0
frame_150_segment_-3-2-11-08-2023-mp4_90_105-mp4_jpg.rf.27dcd5fb2a5d011ae9d874a31ece7578.jpg, 1, 0, 0, 0, 0, 0
frame_225_segment_LEON-4-2-3-1-17-09-2023-mp4_15_30-mp4_jpg.rf.27ad92089cba0e4dfb7656ac94db6f41.jpg, 1, 0, 0, 0, 0, 0
frame_240_segment_-21-21-1-0-24-11-2023-mp4_45_60-mp4_jpg.rf.27a5f0bee2b1b4c2be699ceba8aa9997.jpg, 1, 0, 0, 0, 0, 0
frame_420_segment_-21-21-0-3-29-09-2023-mp4_30_45-mp4_jpg.rf.27fe044d4206230f20af85275d50a5b8.jpg, 1, 0, 0, 0, 0, 0
frame_180_segment_FONBET-2-1-02-11-2023-mp4_45_60-mp4_jpg.rf.281e6b1ec3f4472ee0b72afc355ce8c8.jpg, 1, 0, 0, 0, 0, 0
frame_75_segment_-21-21-0-2-01-12-2023-mp4_0_15-mp4_jpg.rf.280b8fb0c3e7abbe3e986c15226f78d5.jpg, 1, 0, 0, 0, 0, 0
frame_165_segment_-0-0-17-09-2023-mp4_105_120-mp4_jpg.rf.2808bc97b76d14c43e548c2744a49cc9.jpg, 1, 0, 0, 0, 0, 0
frame_360_segment_FONBET-2-1-25-07-2023-mp4_60_75-mp4_jpg.rf.28467fb804baec3ad9f4c5092069dd3e.jpg, 0, 0, 0, 0, 1, 0
frame_375_segment_LEON-4-2-2-1-1-12-11-2023-mp4_45_60-mp4_jpg.rf.2825bf4a685b4a403e1b437bc95fe56c.jpg, 1, 0, 0, 0, 0, 0
frame_435_segment_-2-1-22-07-2023-mp4_15_30-mp4_jpg.rf.288e250c4453b41a79390e026c83e592.jpg, 1, 0, 0, 0, 0, 0
frame_315_segment_-0-0-17-09-2023-mp4_105_120-mp4_jpg.rf.2890c3400660018ad144fb71d508a135.jpg, 1, 0, 0, 0, 0, 0
frame_180_segment_-21-21-2-2-10-08-2023-mp4_60_75-mp4_jpg.rf.290ff6e3759a4645ec6bc1961272567b.jpg, 1, 0, 0, 0, 0, 0
frame_315_segment_LEON-4-2-2-1-1-23-10-2023-mp4_15_30-mp4_jpg.rf.290759910dfb96b254e4c0ab49e42362.jpg, 1, 0, 0, 0, 0, 0
frame_390_segment_-2-1-22-07-2023-mp4_0_15-mp4_jpg.rf.29433a1013c70bc90e1c233f09f1e5f5.jpg, 0, 0, 0, 0, 1, 0
frame_270_segment_-0-1-02-09-2023-mp4_15_30-mp4_jpg.rf.28b2e749c2207dfbeba370b6372b5bd3.jpg, 0, 0, 0, 0, 1, 0
frame_75_segment_-0-1-19-08-2023-mp4_60_75-mp4_jpg.rf.29fa1b1780f980b018880e6f940db587.jpg, 1, 0, 0, 0, 0, 0
frame_330_segment_-0-1-19-08-2023-mp4_60_75-mp4_jpg.rf.2abdd99938694f6f694f71c013c55c7e.jpg, 1, 0, 0, 0, 0, 0
frame_360_segment_-0-0-29-07-2023-mp4_45_60-mp4_jpg.rf.2990f3f44eeb5663c5e3be0da4e50e08.jpg, 1, 0, 0, 0, 0, 0
frame_150_segment_FONBET-2-1-25-07-2023-mp4_60_75-mp4_jpg.rf.297b7950c3eb9e1e537b7d72dd89dd0a.jpg, 1, 0, 0, 0, 0, 0
frame_285_segment_-21-21-2-2-10-08-2023-mp4_105_120-mp4_jpg.rf.2b0843d9238daf6f97ca69b72e213027.jpg, 0, 0, 0, 0, 0, 1
frame_420_segment_FONBET-2-0-03-10-2023-mp4_15_30-mp4_jpg.rf.2b850e3be71472aad6d1806cd4173c9c.jpg, 1, 0, 0, 0, 0, 0
frame_315_segment_-0-0-29-07-2023-mp4_90_105-mp4_jpg.rf.2ba88e449a336b24eb3ab6c9afdd5211.jpg, 1, 0, 0, 0, 0, 0
frame_165_segment_FONBET-1-0-08-08-2023-mp4_15_30-mp4_jpg.rf.2bb22d05001aaa81e54e1f433d6b9b13.jpg, 1, 0, 0, 0, 0, 0
frame_165_segment_-0-1-06-11-2023-mp4_15_30-mp4_jpg.rf.2c6252be932391dbfac813976c97d88c.jpg, 1, 0, 0, 0, 0, 0
frame_30_segment_-4-0-26-08-2023-mp4_30_45-mp4_jpg.rf.2c20b6b4f3c5e766c0c504608f4183b7.jpg, 1, 0, 0, 0, 0, 0
frame_75_segment_-21-21-3-2-01-09-2023-mp4_30_45-mp4_jpg.rf.2bd1520492bf5b28ef8847043e1cb5de.jpg, 1, 0, 0, 0, 0, 0
frame_150_segment_-0-2-05-08-2023-mp4_60_75-mp4_jpg.rf.2c6aeff0a93369cefad5a5707c3f0b7b.jpg, 1, 0, 0, 0, 0, 0
frame_210_segment_undefined-2-2-1-0-28-10-2023-mp4_0_15-mp4_jpg.rf.2c908fe088a32534341995be5d0c5d96.jpg, 0, 0, 0, 0, 0, 1
frame_90_segment_LEON-4-2-0-2-19-08-2023-mp4_15_30-mp4_jpg.rf.2ccad8cab58f532b888bc11b47dc6b1c.jpg, 1, 0, 0, 0, 0, 0
frame_150_segment_LEON-4-2-2-3-06-08-2023-mp4_15_30-mp4_jpg.rf.2cc21386bc5d07efaefedd9981926254.jpg, 1, 0, 0, 0, 0, 0
frame_315_segment_-21-21-2-2-18-08-2023-mp4_30_45-mp4_jpg.rf.2ce8ac1030526dc9e0a56095b07e8100.jpg, 1, 0, 0, 0, 0, 0
frame_390_segment_-3-1-11-11-2023-mp4_30_45-mp4_jpg.rf.2d0b5a091b26d5d00318a042f3441f50.jpg, 1, 0, 0, 0, 0, 0
frame_315_segment_-2-0-08-12-2023-mp4_15_30-mp4_jpg.rf.2d40ee809d273afbcc18d0adde2675b3.jpg, 1, 0, 0, 0, 0, 0
frame_420_segment_-2-2-29-09-2023-mp4_75_90-mp4_jpg.rf.2d411c40415eeda92c38390bc1cc12b2.jpg, 1, 0, 0, 0, 0, 0
frame_210_segment_FONBET-2-1-29-08-2023-mp4_30_45-mp4_jpg.rf.2d3845eb265e0468bb984680d4c4ed7c.jpg, 1, 0, 0, 0, 0, 0
frame_210_segment_FONBET-2-1-25-07-2023-mp4_30_45-mp4_jpg.rf.2d59f44d87ef7e58163bd3795d950aea.jpg, 1, 0, 0, 0, 0, 0
frame_435_segment_FONBET-2-1-29-08-2023-mp4_15_30-mp4_jpg.rf.2d4c1a28928e397b701e24accfde1a25.jpg, 0, 0, 0, 0, 0, 1
frame_330_segment_-0-1-02-09-2023-mp4_0_15-mp4_jpg.rf.2da6d7683bcadcf1a891238d015f90a4.jpg, 0, 0, 0, 0, 0, 1
frame_210_segment_LEON-4-2-2-1-1-12-11-2023-mp4_60_75-mp4_jpg.rf.2d937520f7f353b2197d297ac1701313.jpg, 1, 0, 0, 0, 0, 0
frame_120_segment_LEON-4-2-2-2-3-28-08-2023-mp4_0_15-mp4_jpg.rf.2dac9c76ee3b804f3081741d8bfba3ff.jpg, 1, 0, 0, 0, 0, 0
frame_360_segment_-21-21-3-1-03-11-2023-mp4_45_60-mp4_jpg.rf.2dc87e97c1606994ba7c831a94db6a13.jpg, 1, 0, 0, 0, 0, 0
frame_435_segment_-2-0-24-09-2023-mp4_60_75-mp4_jpg.rf.2dd37ca45037bf1d746099c8c9128c07.jpg, 1, 0, 0, 0, 0, 0
frame_15_segment_-21-21-5-0-22-09-2023-mp4_0_15-mp4_jpg.rf.2e0e49c207dc17e51b26685896b6d9f5.jpg, 1, 0, 0, 0, 0, 0
frame_60_segment_-2-0-08-12-2023-mp4_45_60-mp4_jpg.rf.2e52bab775b43b871e658ac7fc035793.jpg, 1, 0, 0, 0, 0, 0
frame_120_segment_-21-21-0-3-29-09-2023-mp4_60_75-mp4_jpg.rf.2e0f1742cdde8edcb4ad7e62e8a29872.jpg, 1, 0, 0, 0, 0, 0
frame_165_segment_LEON-4-2-2-1-1-23-10-2023-mp4_30_45-mp4_jpg.rf.2e60e9bddcc46f201e9f80aa00de01ca.jpg, 1, 0, 0, 0, 0, 0
frame_165_segment_FONBET-0-0-20-09-2023-mp4_45_60-mp4_jpg.rf.2e8bfb001ac90a7bf5a059759dd8096b.jpg, 1, 0, 0, 0, 0, 0
frame_270_segment_-21-21-3-1-03-11-2023-mp4_0_15-mp4_jpg.rf.2e997a7d0a19e841e99052c157126d84.jpg, 1, 0, 0, 0, 0, 0
frame_240_segment_-2-1-22-07-2023-mp4_75_90-mp4_jpg.rf.2e8f1e936c0e14fc510f7d7510b1c637.jpg, 1, 0, 0, 0, 0, 0
frame_135_segment_LEON-4-2-2-1-1-12-11-2023-mp4_0_15-mp4_jpg.rf.2ed9275972743e7cd45e6c05afee83e8.jpg, 1, 0, 0, 0, 0, 0
frame_255_segment_-3-1-11-11-2023-mp4_30_45-mp4_jpg.rf.2ee9c22fc97035a66398df7d876f9ce6.jpg, 1, 0, 0, 0, 0, 0
frame_330_segment_FONBET-2-1-02-11-2023-mp4_15_30-mp4_jpg.rf.2f6a2f562f894c50d5af4c7861b801ab.jpg, 0, 0, 0, 0, 1, 0
frame_120_segment_LEON-4-2-0-0-23-07-2023-mp4_15_30-mp4_jpg.rf.2f30a4bbd95d3697323fca3335ccd9c3.jpg, 1, 0, 0, 0, 0, 0
frame_135_segment_LEON-4-2-2-1-1-16-07-2023-mp4_75_90-mp4_jpg.rf.2f99092732f9d2c5e96ab35b2d048aca.jpg, 1, 0, 0, 0, 0, 0
frame_285_segment_-0-0-29-07-2023-mp4_120_135-mp4_jpg.rf.2eeee9addde26cef0e2f4379c1cdb54d.jpg, 1, 0, 0, 0, 0, 0
frame_165_segment_FONBET-2-1-25-07-2023-mp4_60_75-mp4_jpg.rf.2f15265a9e341697a347cc46889771c5.jpg, 1, 0, 0, 0, 0, 0
frame_525_segment_-3-2-11-08-2023-mp4_0_15-mp4_jpg.rf.2f71e331652ef31531e82950a0115b4f.jpg, 1, 0, 0, 0, 0, 0
frame_180_segment_-21-21-2-2-10-08-2023-mp4_15_30-mp4_jpg.rf.2f9a3267e74133510498394585922d48.jpg, 1, 0, 0, 0, 0, 0
frame_225_segment_LEON-4-2-0-2-13-08-2023-mp4_15_30-mp4_jpg.rf.2f77cb3ba0058d214f8dcea4c8469333.jpg, 1, 0, 0, 0, 0, 0
frame_255_segment_LEON-4-2-2-3-06-08-2023-mp4_0_15-mp4_jpg.rf.2fc1eea7522694c49b916ef8621ea8db.jpg, 0, 0, 0, 0, 1, 0
frame_405_segment_LEON-4-2-0-0-23-07-2023-mp4_45_60-mp4_jpg.rf.2fddc2e8213adf854b844c885a378cae.jpg, 1, 0, 0, 0, 0, 0
frame_195_segment_FONBET-2-1-29-08-2023-mp4_90_105-mp4_jpg.rf.2fc6bf57f944c0012ba8b213c3f1550f.jpg, 1, 0, 0, 0, 0, 0
frame_165_segment_-21-21-3-1-03-11-2023-mp4_60_75-mp4_jpg.rf.2fd14976665dabfefdcb961afb3a9892.jpg, 1, 0, 0, 0, 0, 0
frame_330_segment_LEON-4-2-3-1-17-09-2023-mp4_120_135-mp4_jpg.rf.3073ac064841b514c8f3f05d99e95e29.jpg, 1, 0, 0, 0, 0, 0
frame_405_segment_FONBET-1-0-08-08-2023-mp4_30_45-mp4_jpg.rf.30939aa2bc8fe1ca291e9e20e7dcd515.jpg, 1, 0, 0, 0, 0, 0
frame_270_segment_LEON-4-2-2-1-1-12-11-2023-mp4_15_30-mp4_jpg.rf.30bee57d9235063be0948ccda9ffe665.jpg, 1, 0, 0, 0, 0, 0
frame_420_segment_-2-1-22-07-2023-mp4_0_15-mp4_jpg.rf.3035dc39d93b87aee5b3813aa65d25ad.jpg, 0, 0, 0, 0, 1, 0
frame_45_segment_FONBET-2-1-25-07-2023-mp4_120_132-14-mp4_jpg.rf.30e26094d8fd8c0628fc4e778ecf607c.jpg, 1, 0, 0, 0, 0, 0
frame_300_segment_FONBET-2-1-29-08-2023-mp4_15_30-mp4_jpg.rf.2ff36dc5a7a4157d42c10354160c264c.jpg, 1, 0, 0, 0, 0, 0
frame_90_segment_LEON-4-2-2-1-1-02-09-2023-mp4_15_30-mp4_jpg.rf.3105f90e8e1f50514c3c3eb872e74d86.jpg, 1, 0, 0, 0, 0, 0
frame_270_segment_LEON-4-2-1-3-01-10-2023-mp4_45_60-mp4_jpg.rf.30ef632fbf56c4dba2625c5b25b3999b.jpg, 1, 0, 0, 0, 0, 0
frame_300_segment_-3-1-26-11-2023-mp4_105_120-mp4_jpg.rf.31512231c99e2991e5c90f41b8924618.jpg, 1, 0, 0, 0, 0, 0
frame_90_segment_-21-21-0-6-20-10-2023-mp4_45_60-mp4_jpg.rf.31100d3a6a66d570443a95138e1cfcec.jpg, 1, 0, 0, 0, 0, 0
frame_420_segment_LEON-4-2-2-1-29-07-2023-mp4_0_15-mp4_jpg.rf.315322a707126f12db15cd51038d881d.jpg, 1, 0, 0, 0, 0, 0
frame_75_segment_-21-21-3-2-04-08-2023-mp4_30_45-mp4_jpg.rf.3138a2c64dda5916943ccf17e70249d2.jpg, 1, 0, 0, 0, 0, 0
frame_105_segment_LEON-4-2-2-1-1-16-07-2023-mp4_60_75-mp4_jpg.rf.31a3733bccdd24e80397c4d724979e97.jpg, 1, 0, 0, 0, 0, 0
frame_285_segment_-2-1-22-07-2023-mp4_60_75-mp4_jpg.rf.31734752bd67366b60b883fc3e8607d3.jpg, 1, 0, 0, 0, 0, 0
frame_435_segment_LEON-4-2-2-1-1-23-10-2023-mp4_30_45-mp4_jpg.rf.31b4d1844871ed28f14f958a33ccba4e.jpg, 1, 0, 0, 0, 0, 0
frame_345_segment_FONBET-2-1-29-08-2023-mp4_15_30-mp4_jpg.rf.318d1b079752bea504949e4bd4e850b9.jpg, 1, 0, 0, 0, 0, 0
frame_90_segment_-0-1-06-11-2023-mp4_75_90-mp4_jpg.rf.31e83b1f7d0d7f1bd6fb4bdd22fdb2b3.jpg, 1, 0, 0, 0, 0, 0
frame_150_segment_LEON-4-2-3-1-17-09-2023-mp4_45_60-mp4_jpg.rf.31ec5ad3041da94d4705c202d2cb6060.jpg, 1, 0, 0, 0, 0, 0
frame_285_segment_-3-1-11-11-2023-mp4_45_60-mp4_jpg.rf.31f7ba5783a56f4d90911c48b6809341.jpg, 0, 0, 0, 0, 1, 0
frame_165_segment_-0-0-17-09-2023-mp4_45_60-mp4_jpg.rf.32017aaa5eecbdc946a730d06c9ca732.jpg, 1, 0, 0, 0, 0, 0
frame_180_segment_-2-0-24-09-2023-mp4_75_90-mp4_jpg.rf.32028c560062d637f47a95a7e81a2000.jpg, 1, 0, 0, 0, 0, 0
frame_15_segment_FONBET-2-0-03-10-2023-mp4_15_30-mp4_jpg.rf.3223b87e239002422e1d06921655705e.jpg, 1, 0, 0, 0, 0, 0
frame_270_segment_-2-0-24-09-2023-mp4_60_75-mp4_jpg.rf.323876598c8da93c5d0ef2cf052c9757.jpg, 1, 0, 0, 0, 0, 0
frame_255_segment_LEON-4-2-0-1-08-10-2023-mp4_0_15-mp4_jpg.rf.321def31a420935236511e90cd33a414.jpg, 1, 0, 0, 0, 0, 0
frame_315_segment_-0-0-17-09-2023-mp4_120_135-mp4_jpg.rf.32bb3916f99dbbf1642e3b5b6e8cfa66.jpg, 0, 0, 0, 0, 0, 1
frame_315_segment_FONBET-2-1-25-07-2023-mp4_60_75-mp4_jpg.rf.32b3228b01b060f9f728b23a41249b69.jpg, 1, 0, 0, 0, 0, 0
frame_195_segment_-21-21-0-6-20-10-2023-mp4_0_15-mp4_jpg.rf.32a92f3b9cec8f6a0e78d8ee1b913a0a.jpg, 1, 0, 0, 0, 0, 0
frame_270_segment_-2-0-08-12-2023-mp4_0_15-mp4_jpg.rf.3260ef90804fb3dfb80eb1a4ac35fe6c.jpg, 1, 0, 0, 0, 0, 0
frame_390_segment_-0-0-17-09-2023-mp4_105_120-mp4_jpg.rf.32dd865b8539a2e289e9b0714786eb41.jpg, 1, 0, 0, 0, 0, 0
frame_195_segment_-0-1-19-08-2023-mp4_15_30-mp4_jpg.rf.3310864cd5e4df7df3514bbc7f0e3f95.jpg, 1, 0, 0, 0, 0, 0
frame_210_segment_FONBET-1-0-08-08-2023-mp4_45_60-mp4_jpg.rf.3322310e4e87928f344958e103e31792.jpg, 1, 0, 0, 0, 0, 0
frame_165_segment_-4-0-26-08-2023-mp4_60_75-mp4_jpg.rf.332933651e1ff5a3ee5f8b99431acc8a.jpg, 1, 0, 0, 0, 0, 0
frame_405_segment_FONBET-2-1-02-11-2023-mp4_30_45-mp4_jpg.rf.333557817beaec2dea1a083e96d5a83d.jpg, 0, 0, 0, 0, 1, 0
frame_315_segment_-2-2-29-09-2023-mp4_150_165-mp4_jpg.rf.32ead0c49e1465b861ec7f4d22883611.jpg, 0, 0, 0, 0, 0, 1
frame_30_segment_FONBET-1-0-08-08-2023-mp4_30_45-mp4_jpg.rf.336385ebeb552b455fe1324271079a1b.jpg, 1, 0, 0, 0, 0, 0
frame_165_segment_-21-21-1-3-10-11-2023-mp4_15_30-mp4_jpg.rf.336c9f319ebd88aae1b7e99e3b863b6f.jpg, 1, 0, 0, 0, 0, 0
frame_105_segment_-0-1-02-09-2023-mp4_105_120-mp4_jpg.rf.3366659bbe5dceb266b99c7779d84d9a.jpg, 1, 0, 0, 0, 0, 0
frame_270_segment_-21-21-2-0-15-09-2023-mp4_15_30-mp4_jpg.rf.336a13fedcf42cacf4b0e12c085e9165.jpg, 1, 0, 0, 0, 0, 0
frame_330_segment_-0-0-17-09-2023-mp4_210_225-mp4_jpg.rf.3345e5e52c351b760e75379ddea54e13.jpg, 1, 0, 0, 0, 0, 0
frame_120_segment_-2-1-22-07-2023-mp4_15_30-mp4_jpg.rf.337e2d71235bb8fbdaf4ef9051f7194c.jpg, 1, 0, 0, 0, 0, 0
frame_315_segment_-2-1-29-10-2023-mp4_30_45-mp4_jpg.rf.339911901f73687238b38588021c4ba1.jpg, 1, 0, 0, 0, 0, 0
frame_126_segment_-21-21-2-1-06-10-2023-mp4_0_15-mp4_jpg.rf.33a1bc2937820f7253f6ad30e62d5b47.jpg, 1, 0, 0, 0, 0, 0
frame_210_segment_-2-1-29-10-2023-mp4_60_75-mp4_jpg.rf.336ce2d728e71e27d5e26069bd29cfe1.jpg, 1, 0, 0, 0, 0, 0
frame_0_segment_FONBET-2-1-25-07-2023-mp4_120_132-14-mp4_jpg.rf.339be3efa639b3783e67d91782f2d0ac.jpg, 0, 0, 0, 0, 1, 0
frame_360_segment_-0-0-29-07-2023-mp4_60_75-mp4_jpg.rf.33fad4bd6f1c62d5c1bb46bc48fb25c6.jpg, 1, 0, 0, 0, 0, 0
frame_150_segment_-3-1-26-11-2023-mp4_30_45-mp4_jpg.rf.33b617f9d79f4e72bfd9a11776b10b31.jpg, 1, 0, 0, 0, 0, 0
frame_345_segment_-0-0-17-09-2023-mp4_15_30-mp4_jpg.rf.341937fdef5ff98624277603c2d046ed.jpg, 1, 0, 0, 0, 0, 0
frame_330_segment_FONBET-2-1-29-08-2023-mp4_45_60-mp4_jpg.rf.3499aaad2716e8f6545eeac4d2460fc9.jpg, 1, 0, 0, 0, 0, 0
frame_375_segment_-2-0-24-09-2023-mp4_75_90-mp4_jpg.rf.3516052431f1029d80af841890c523e4.jpg, 1, 0, 0, 0, 0, 0
frame_255_segment_-1-0-02-12-2023-mp4_0_15-mp4_jpg.rf.35096420b124e27758484739f69e1543.jpg, 1, 0, 0, 0, 0, 0
frame_165_segment_FONBET-2-1-25-07-2023-mp4_75_90-mp4_jpg.rf.3533610ec587961fef3e20b49eb701db.jpg, 1, 0, 0, 0, 0, 0
frame_500_segment_-0-2-05-08-2023-mp4_45_60-mp4_jpg.rf.34e1f4056ab7407dc43432aa06987265.jpg, 1, 0, 0, 0, 0, 0
frame_285_segment_-0-0-17-09-2023-mp4_0_15-mp4_jpg.rf.356d7c59914cab252e7b28775b6ab56a.jpg, 1, 0, 0, 0, 0, 0
frame_315_segment_-0-1-19-08-2023-mp4_15_30-mp4_jpg.rf.357c1392ce48a5cdff9cc7b74e890d9d.jpg, 1, 0, 0, 0, 0, 0
frame_105_segment_-21-21-2-3-25-08-2023-mp4_15_30-mp4_jpg.rf.361f5b8b81a418ed5d285c7310862166.jpg, 1, 0, 0, 0, 0, 0
frame_15_segment_FONBET-2-1-29-08-2023-mp4_75_90-mp4_jpg.rf.365939800cceafaea3727a0ab8a7dce1.jpg, 1, 0, 0, 0, 0, 0
frame_180_segment_-21-21-2-0-15-09-2023-mp4_15_30-mp4_jpg.rf.3653c18913c502eff9c8b5bca01e119d.jpg, 1, 0, 0, 0, 0, 0
frame_345_segment_LEON-4-2-3-1-17-09-2023-mp4_90_105-mp4_jpg.rf.366eb01bbc5f92642d9d91efb66ea64c.jpg, 1, 0, 0, 0, 0, 0
frame_60_segment_-21-21-2-3-25-08-2023-mp4_15_30-mp4_jpg.rf.3640c31fb85f6c9d8ad112240c7586d7.jpg, 1, 0, 0, 0, 0, 0
frame_390_segment_LEON-4-2-2-2-3-28-08-2023-mp4_45_60-mp4_jpg.rf.358c8a48716fc8cae036fecad095e88e.jpg, 0, 0, 0, 0, 1, 0
frame_225_segment_FONBET-2-1-25-07-2023-mp4_60_75-mp4_jpg.rf.36d6547580ba152b58ce79e03f43658e.jpg, 1, 0, 0, 0, 0, 0
frame_270_segment_FONBET-1-0-08-08-2023-mp4_30_45-mp4_jpg.rf.36f905fbc3462b5c5088d8d082824491.jpg, 1, 0, 0, 0, 0, 0
frame_255_segment_-0-1-02-09-2023-mp4_60_75-mp4_jpg.rf.3673f8434ee464c581e2bd83d8b54387.jpg, 0, 0, 0, 0, 0, 1
frame_345_segment_FONBET-2-1-29-08-2023-mp4_75_90-mp4_jpg.rf.368e55ad4503fbac0182d018f88292ea.jpg, 1, 0, 0, 0, 0, 0
frame_180_segment_-0-0-17-09-2023-mp4_105_120-mp4_jpg.rf.375052961bf5bc80d559d938a4085095.jpg, 1, 0, 0, 0, 0, 0
frame_435_segment_-21-21-2-2-10-08-2023-mp4_90_105-mp4_jpg.rf.37251cba7a85ab0962d804c074dedae5.jpg, 1, 0, 0, 0, 0, 0
frame_240_segment_-2-1-22-07-2023-mp4_90_105-mp4_jpg.rf.372e1322211dc295b7bdfdcec8d2c538.jpg, 1, 0, 0, 0, 0, 0
frame_550_segment_-0-2-05-08-2023-mp4_60_75-mp4_jpg.rf.37bebc20ad142eac253d8e401c28151c.jpg, 1, 0, 0, 0, 0, 0
frame_195_segment_FONBET-2-1-02-11-2023-mp4_60_75-mp4_jpg.rf.3758b84e7da1df12ce5a368c586f306c.jpg, 1, 0, 0, 0, 0, 0
frame_375_segment_FONBET-2-1-02-11-2023-mp4_0_15-mp4_jpg.rf.37a269375b8085d0955677ebc11bb893.jpg, 1, 0, 0, 0, 0, 0
frame_330_segment_FONBET-0-0-20-09-2023-mp4_0_15-mp4_jpg.rf.37aad2f6c56ef62bcaa1bbbac51396ca.jpg, 1, 0, 0, 0, 0, 0
frame_135_segment_LEON-4-2-3-1-17-09-2023-mp4_90_105-mp4_jpg.rf.3780d283f24d8495575ba8e75ca55c43.jpg, 1, 0, 0, 0, 0, 0
frame_315_segment_-2-0-24-09-2023-mp4_0_15-mp4_jpg.rf.37bec1e4468fb6680b040462f8ff2111.jpg, 1, 0, 0, 0, 0, 0
frame_105_segment_-0-1-02-09-2023-mp4_135_150-mp4_jpg.rf.37fd4e26e9b12c2469d91159ac236749.jpg, 1, 0, 0, 0, 0, 0
frame_300_segment_-21-21-0-3-29-09-2023-mp4_75_90-mp4_jpg.rf.37e8afac3b00beba30f24392fa48b188.jpg, 1, 0, 0, 0, 0, 0
frame_435_segment_LEON-4-2-3-1-17-09-2023-mp4_75_90-mp4_jpg.rf.37e3c462a36af0e053c74dcec88baa27.jpg, 0, 0, 0, 0, 1, 0
frame_300_segment_-2-2-29-09-2023-mp4_0_15-mp4_jpg.rf.38340e43292e4e8cf6fb4c31e5dbd0a2.jpg, 1, 0, 0, 0, 0, 0
frame_575_segment_-3-2-11-08-2023-mp4_45_60-mp4_jpg.rf.3845b7b8d57a3bedb012761c52b8ed96.jpg, 1, 0, 0, 0, 0, 0
frame_725_segment_-0-2-05-08-2023-mp4_0_15-mp4_jpg.rf.38185fb7c81703b1328d9fdb232266dc.jpg, 1, 0, 0, 0, 0, 0
frame_285_segment_-21-21-5-0-27-10-2023-mp4_0_15-mp4_jpg.rf.3834266dcbc7fe28be209a836a25ade6.jpg, 1, 0, 0, 0, 0, 0
frame_120_segment_-0-1-06-11-2023-mp4_30_45-mp4_jpg.rf.38690f5d83001946a5906ea9efe6f893.jpg, 1, 0, 0, 0, 0, 0
frame_30_segment_FONBET-2-1-25-07-2023-mp4_30_45-mp4_jpg.rf.38492d9e45e736123417a149758622bf.jpg, 1, 0, 0, 0, 0, 0
frame_195_segment_-3-1-11-11-2023-mp4_60_75-mp4_jpg.rf.ed3dcafc0493a3b3f8fd3c392d743a84.jpg, 1, 0, 0, 0, 0, 0
frame_435_segment_FONBET-2-1-02-11-2023-mp4_15_30-mp4_jpg.rf.eddef4b2dbe1db6a9b1cd6a33d8eeb6a.jpg, 0, 0, 0, 0, 0, 1
frame_60_segment_-0-1-02-09-2023-mp4_60_75-mp4_jpg.rf.edf0c062ac03a42c9c9ace7b60a6765e.jpg, 1, 0, 0, 0, 0, 0
frame_60_segment_-21-21-1-0-24-11-2023-mp4_15_30-mp4_jpg.rf.ed51a35b82750fa5d287b61918732e71.jpg, 1, 0, 0, 0, 0, 0
frame_270_segment_FONBET-2-1-29-08-2023-mp4_45_60-mp4_jpg.rf.ecfc27214eadf0879362e045564ccb6c.jpg, 1, 0, 0, 0, 0, 0
frame_165_segment_-2-1-22-07-2023-mp4_60_73-7-mp4_jpg.rf.ee2d38672ad7f42638931a99e1fd4969.jpg, 1, 0, 0, 0, 0, 0
frame_285_segment_FONBET-1-0-08-08-2023-mp4_15_30-mp4_jpg.rf.ed24b94f819deac848d60070ca183f6c.jpg, 1, 0, 0, 0, 0, 0
frame_255_segment_-0-0-17-09-2023-mp4_105_120-mp4_jpg.rf.ed719f816fde4d93b4759c917e804408.jpg, 1, 0, 0, 0, 0, 0
frame_475_segment_-0-2-05-08-2023-mp4_0_15-mp4_jpg.rf.ee5929493762c866a44c94043a5826f7.jpg, 1, 0, 0, 0, 0, 0
frame_315_segment_FONBET-0-0-20-09-2023-mp4_30_45-mp4_jpg.rf.ecccc585514e2345f368c3d63096ecf3.jpg, 0, 0, 0, 0, 1, 0
frame_180_segment_FONBET-2-0-03-10-2023-mp4_30_45-mp4_jpg.rf.ee8050ceb4115c37e23a56a309acf15c.jpg, 1, 0, 0, 0, 0, 0
frame_270_segment_LEON-4-2-3-1-17-09-2023-mp4_60_75-mp4_jpg.rf.ed019be5ab635a9cf9386a9781c07c5e.jpg, 1, 0, 0, 0, 0, 0
frame_360_segment_LEON-4-2-2-3-06-08-2023-mp4_0_15-mp4_jpg.rf.ee191eee168f67bb2650ad9e027a6a68.jpg, 1, 0, 0, 0, 0, 0
frame_285_segment_-0-1-02-09-2023-mp4_0_15-mp4_jpg.rf.ed8b60119093832714176cabe25730c0.jpg, 0, 0, 0, 0, 0, 1
frame_270_segment_-4-0-26-08-2023-mp4_0_15-mp4_jpg.rf.ed6732e9aa75741cd49df3ca6db4c8bd.jpg, 1, 0, 0, 0, 0, 0
frame_375_segment_LEON-4-2-3-1-17-09-2023-mp4_75_90-mp4_jpg.rf.eedfeb2d22b326dc0eda9e64383858fd.jpg, 1, 0, 0, 0, 0, 0
frame_285_segment_LEON-4-2-2-1-1-02-09-2023-mp4_0_15-mp4_jpg.rf.ed260cb385f275468f23dcf368e565ec.jpg, 0, 1, 0, 0, 0, 0
frame_435_segment_FONBET-0-0-20-09-2023-mp4_45_60-mp4_jpg.rf.ed90b087acf86704d7faa0d32168d0dc.jpg, 0, 0, 0, 0, 0, 1
frame_375_segment_LEON-4-2-2-1-1-23-10-2023-mp4_60_75-mp4_jpg.rf.ed7cb251ae2f0e6bfdb816f2780bab42.jpg, 1, 0, 0, 0, 0, 0
frame_345_segment_-0-0-17-09-2023-mp4_150_165-mp4_jpg.rf.ed2f73d577c709926e011973883cc8cb.jpg, 1, 0, 0, 0, 0, 0
frame_390_segment_-3-1-11-11-2023-mp4_15_30-mp4_jpg.rf.ef1c988766884790ffbbed3d94ccb861.jpg, 1, 0, 0, 0, 0, 0
frame_225_segment_LEON-4-2-0-2-13-08-2023-mp4_0_15-mp4_jpg.rf.ed3bf82b35a910c300cd66fd4de15e94.jpg, 1, 0, 0, 0, 0, 0
frame_75_segment_-21-21-2-2-18-08-2023-mp4_0_15-mp4_jpg.rf.ed2996bbf905cf7d8db24616d2c2f6e0.jpg, 1, 0, 0, 0, 0, 0
frame_435_segment_FONBET-1-0-08-08-2023-mp4_0_15-mp4_jpg.rf.ede17313cb83a682a844e78b8391a693.jpg, 1, 0, 0, 0, 0, 0
frame_405_segment_-0-0-17-09-2023-mp4_150_165-mp4_jpg.rf.ef4f739ce207582ed762864163edd97d.jpg, 0, 0, 0, 0, 1, 0
frame_165_segment_-0-1-06-11-2023-mp4_30_45-mp4_jpg.rf.ef7927955f5c5f2fadd2fd84808242fc.jpg, 1, 0, 0, 0, 0, 0
frame_420_segment_-0-1-19-08-2023-mp4_45_60-mp4_jpg.rf.ef7f7215835c0520986a8de6b116410b.jpg, 1, 0, 0, 0, 0, 0
frame_390_segment_FONBET-2-0-03-10-2023-mp4_15_30-mp4_jpg.rf.efbe78666c69c140883a9f8a3d4ef391.jpg, 1, 0, 0, 0, 0, 0
frame_550_segment_-0-2-05-08-2023-mp4_90_105-mp4_jpg.rf.efa238720855aa174744529b12d0094e.jpg, 1, 0, 0, 0, 0, 0
frame_330_segment_LEON-4-2-2-2-3-28-08-2023-mp4_45_60-mp4_jpg.rf.efc8ce4f3b9c9feb8cb77d7942d14543.jpg, 1, 0, 0, 0, 0, 0
frame_165_segment_LEON-4-2-3-1-17-09-2023-mp4_0_15-mp4_jpg.rf.efd07ca970aa7e6feccef3873a423214.jpg, 1, 0, 0, 0, 0, 0
frame_285_segment_-21-21-2-0-15-09-2023-mp4_90_105-mp4_jpg.rf.efe92c0d4f49f07c66432e3ee8d3c857.jpg, 1, 0, 0, 0, 0, 0
frame_195_segment_-3-1-11-11-2023-mp4_45_60-mp4_jpg.rf.efd6ffba191cd01f1484a502da71248a.jpg, 0, 0, 0, 0, 0, 1
frame_30_segment_-21-21-5-0-27-10-2023-mp4_0_15-mp4_jpg.rf.f04ec05fcc31cff9e692a87b290c8e3e.jpg, 1, 0, 0, 0, 0, 0
frame_240_segment_LEON-4-2-2-1-1-12-11-2023-mp4_60_75-mp4_jpg.rf.f065b1f049650432cb04ebf1bfafd7a8.jpg, 1, 0, 0, 0, 0, 0
frame_315_segment_FONBET-1-0-08-08-2023-mp4_75_90-mp4_jpg.rf.eff65f90de33e6e7eb22c54d35f8fb9e.jpg, 1, 0, 0, 0, 0, 0
frame_330_segment_-2-1-22-07-2023-mp4_45_60-mp4_jpg.rf.f010d9e2d031ad563c4cb1bb4ae5d3d4.jpg, 0, 0, 0, 0, 0, 1
frame_240_segment_-21-21-2-0-15-09-2023-mp4_30_45-mp4_jpg.rf.f0e41d2dfeaeb09045ac5cb22b9227ef.jpg, 1, 0, 0, 0, 0, 0
frame_225_segment_FONBET-0-0-20-09-2023-mp4_105_120-mp4_jpg.rf.f0d293cd6cafa51278e71f75f76acc7b.jpg, 0, 0, 0, 0, 1, 0
frame_255_segment_-2-0-08-12-2023-mp4_45_60-mp4_jpg.rf.f0d4517bb20278f65cf3fca8ee9a6415.jpg, 1, 0, 0, 0, 0, 0
frame_0_segment_-21-21-2-1-06-10-2023-mp4_0_15-mp4_jpg.rf.f0ea4158d39f3ef5249d7fef36b78a85.jpg, 1, 0, 0, 0, 0, 0
frame_200_segment_-3-2-11-08-2023-mp4_105_120-mp4_jpg.rf.f103916e37d1b9afcd5d2f80d1543408.jpg, 1, 0, 0, 0, 0, 0
frame_30_segment_LEON-4-2-0-1-08-10-2023-mp4_0_15-mp4_jpg.rf.f1501e829cda7c99b341c426bc3d9d7d.jpg, 1, 0, 0, 0, 0, 0
frame_300_segment_-21-21-2-0-15-09-2023-mp4_75_90-mp4_jpg.rf.f1163c19719f1b0c47396ed1f7289a7c.jpg, 1, 0, 0, 0, 0, 0
frame_180_segment_-21-21-2-0-15-09-2023-mp4_0_15-mp4_jpg.rf.f10dd93b843091a34af362bb273495f7.jpg, 1, 0, 0, 0, 0, 0
frame_105_segment_-0-1-02-09-2023-mp4_90_105-mp4_jpg.rf.f166c82ff3413ee8d46e62c2d6057ff4.jpg, 1, 0, 0, 0, 0, 0
frame_315_segment_-3-1-11-11-2023-mp4_15_30-mp4_jpg.rf.f17e735352a9a9982364fd30825e7468.jpg, 0, 0, 0, 0, 1, 0
frame_240_segment_FONBET-2-1-29-08-2023-mp4_75_90-mp4_jpg.rf.f1933392bdb7d702c10444fdde73928e.jpg, 1, 0, 0, 0, 0, 0
frame_240_segment_FONBET-2-0-03-10-2023-mp4_75_90-mp4_jpg.rf.f19de2d02e760ef4e06c7a453743412c.jpg, 1, 0, 0, 0, 0, 0
frame_345_segment_-21-21-2-0-15-09-2023-mp4_15_30-mp4_jpg.rf.f22fa4e5182fbd67c804a84453f63f48.jpg, 1, 0, 0, 0, 0, 0
frame_195_segment_-0-0-29-07-2023-mp4_90_105-mp4_jpg.rf.f220d4055225065b96217f57ff5554e6.jpg, 1, 0, 0, 0, 0, 0
frame_210_segment_-2-0-08-12-2023-mp4_15_30-mp4_jpg.rf.f1ce0c82ea323417d52a537129b75616.jpg, 1, 0, 0, 0, 0, 0
frame_15_segment_-1-0-02-12-2023-mp4_60_75-mp4_jpg.rf.f233d36765e93fc8317bff24ba44daa4.jpg, 1, 0, 0, 0, 0, 0
frame_390_segment_-2-2-29-09-2023-mp4_45_60-mp4_jpg.rf.f243f42bee77b215db59aba5bebf46a5.jpg, 1, 0, 0, 0, 0, 0
frame_165_segment_-2-2-29-09-2023-mp4_120_135-mp4_jpg.rf.f25703ea7866aa4b8afa17fd38250242.jpg, 1, 0, 0, 0, 0, 0
frame_210_segment_-21-21-3-2-04-08-2023-mp4_30_45-mp4_jpg.rf.f27cd0d2c15041acb770bf5a60eda8ae.jpg, 1, 0, 0, 0, 0, 0
frame_90_segment_-21-21-3-2-01-09-2023-mp4_0_15-mp4_jpg.rf.f28609716b2a043da60791e6a44267b6.jpg, 1, 0, 0, 0, 0, 0
frame_225_segment_-0-0-29-07-2023-mp4_45_60-mp4_jpg.rf.f2b2ffd94144c7b43c375f1d2b6b7cfc.jpg, 1, 0, 0, 0, 0, 0
frame_180_segment_FONBET-0-0-20-09-2023-mp4_135_150-mp4_jpg.rf.f31bf651010c70e1b40ea3cbe9fc34da.jpg, 1, 0, 0, 0, 0, 0
frame_390_segment_-3-1-26-11-2023-mp4_15_30-mp4_jpg.rf.f2ab62d8aa25a1e666e234c2986b8bea.jpg, 1, 0, 0, 0, 0, 0
frame_75_segment_-3-2-11-08-2023-mp4_90_105-mp4_jpg.rf.f30251825d9446a5e898b24e82449dcc.jpg, 1, 0, 0, 0, 0, 0
frame_210_segment_FONBET-2-0-03-10-2023-mp4_45_60-mp4_jpg.rf.f335c5fcc1eafaf3374bd9c7d2181d51.jpg, 1, 0, 0, 0, 0, 0
frame_360_segment_FONBET-2-0-03-10-2023-mp4_75_90-mp4_jpg.rf.f35dbc813a62a9f74346e450db508e61.jpg, 1, 0, 0, 0, 0, 0
frame_0_segment_FONBET-2-0-03-10-2023-mp4_15_30-mp4_jpg.rf.f33b0d94d4ba603f10658d5fa10f9bee.jpg, 1, 0, 0, 0, 0, 0
frame_150_segment_FONBET-0-0-20-09-2023-mp4_120_135-mp4_jpg.rf.f3c08eda5f1d3c50baa2f2ca5768be95.jpg, 1, 0, 0, 0, 0, 0
frame_405_segment_-4-0-26-08-2023-mp4_0_15-mp4_jpg.rf.f3d749cfb1f94b48667e288cba5b9e0e.jpg, 1, 0, 0, 0, 0, 0
frame_330_segment_-2-1-22-07-2023-mp4_0_15-mp4_jpg.rf.f3ed801ee39c166f7a821f9e56df12e9.jpg, 1, 0, 0, 0, 0, 0
frame_345_segment_-4-0-26-08-2023-mp4_60_75-mp4_jpg.rf.f407d0cec2a714204c405cf7f7a1662a.jpg, 1, 0, 0, 0, 0, 0
frame_120_segment_-21-21-0-3-29-09-2023-mp4_45_60-mp4_jpg.rf.f4008c5dd12b9c45c4c53ebe9239d573.jpg, 1, 0, 0, 0, 0, 0
frame_315_segment_FONBET-1-0-08-08-2023-mp4_15_30-mp4_jpg.rf.f4219d8c4f4edc0cb97c9364a1c0fa01.jpg, 1, 0, 0, 0, 0, 0
frame_300_segment_FONBET-0-0-20-09-2023-mp4_0_15-mp4_jpg.rf.f42e458f4b604088946cbabef2b7643f.jpg, 1, 0, 0, 0, 0, 0
frame_700_segment_-0-2-05-08-2023-mp4_60_75-mp4_jpg.rf.f41579c17ffd27cce3ff1f7ac2378cc6.jpg, 1, 0, 0, 0, 0, 0
frame_240_segment_-3-1-26-11-2023-mp4_15_30-mp4_jpg.rf.f43263088263b7e671053b2aa41c74e8.jpg, 1, 0, 0, 0, 0, 0
frame_325_segment_-0-2-05-08-2023-mp4_45_60-mp4_jpg.rf.f46ba4b3641ce4f51b7cd4127c7b9cd8.jpg, 1, 0, 0, 0, 0, 0
frame_405_segment_FONBET-1-0-08-08-2023-mp4_15_30-mp4_jpg.rf.f43bb9dae491b0b5263f9a52bd26d2ca.jpg, 1, 0, 0, 0, 0, 0
frame_375_segment_-2-1-22-07-2023-mp4_0_15-mp4_jpg.rf.f48e642a2ab2e27e4284ee6943e0cfb4.jpg, 1, 0, 0, 0, 0, 0
frame_420_segment_FONBET-0-0-20-09-2023-mp4_90_105-mp4_jpg.rf.f4a80d2b0a920986eb8ec0bdfb8b786c.jpg, 0, 0, 0, 0, 0, 1
frame_300_segment_-0-1-02-09-2023-mp4_105_120-mp4_jpg.rf.f4f3d155e75c5e16175ec943c24eb421.jpg, 0, 0, 0, 0, 1, 0
frame_120_segment_-0-0-29-07-2023-mp4_15_30-mp4_jpg.rf.f4e03dd936a79b964c5b20c71d6317b8.jpg, 1, 0, 0, 0, 0, 0
frame_210_segment_-2-2-29-09-2023-mp4_150_165-mp4_jpg.rf.f50a6f25d1db296eddc6366bebbf7a65.jpg, 1, 0, 0, 0, 0, 0
frame_300_segment_FONBET-0-0-20-09-2023-mp4_0_15-mp4_jpg.rf.f519ac0c9571ec7e63f07231484e918c.jpg, 1, 0, 0, 0, 0, 0
frame_650_segment_-0-2-05-08-2023-mp4_60_75-mp4_jpg.rf.f557795dac1d42584f43b5b0a18f6322.jpg, 1, 0, 0, 0, 0, 0
frame_700_segment_-3-2-11-08-2023-mp4_90_105-mp4_jpg.rf.f4b0acbd26a73467e26b5df5c9e9a7a9.jpg, 1, 0, 0, 0, 0, 0
frame_360_segment_-21-21-2-0-15-09-2023-mp4_75_90-mp4_jpg.rf.f55714f9b31c8d82417343e79c139904.jpg, 1, 0, 0, 0, 0, 0
frame_225_segment_LEON-4-2-2-1-1-23-10-2023-mp4_60_75-mp4_jpg.rf.f5109f66f3c79088883da1c92ec08cd7.jpg, 0, 0, 0, 0, 0, 1
frame_195_segment_-0-0-17-09-2023-mp4_15_30-mp4_jpg.rf.f58e30461cd7a19534ccb80df5da3cb6.jpg, 1, 0, 0, 0, 0, 0
frame_90_segment_LEON-4-2-0-1-08-10-2023-mp4_30_45-mp4_jpg.rf.f5a1fd5b2212a414d4de5f72cb0eafd8.jpg, 1, 0, 0, 0, 0, 0
frame_225_segment_-0-2-05-08-2023-mp4_0_15-mp4_jpg.rf.f571a6380cf416063087d797e0dfc5bc.jpg, 1, 0, 0, 0, 0, 0
frame_255_segment_-4-0-26-08-2023-mp4_0_15-mp4_jpg.rf.f5a905aedb512514634c492903d824b9.jpg, 1, 0, 0, 0, 0, 0
frame_420_segment_-21-21-2-2-18-08-2023-mp4_0_15-mp4_jpg.rf.f5b9b9ea97d19d907b7e6a640e88be09.jpg, 0, 0, 0, 0, 1, 0
frame_210_segment_-3-1-26-11-2023-mp4_15_30-mp4_jpg.rf.f5cd42d83c0b4eed1e2c10d1be452359.jpg, 1, 0, 0, 0, 0, 0
frame_345_segment_-0-1-02-09-2023-mp4_15_30-mp4_jpg.rf.f5ba391124c69cf7b502daa64662a011.jpg, 1, 0, 0, 0, 0, 0
frame_225_segment_-3-2-11-08-2023-mp4_75_90-mp4_jpg.rf.f5be913ce83fb72a5af8a3ae8b1a08ec.jpg, 1, 0, 0, 0, 0, 0
frame_30_segment_FONBET-2-1-29-08-2023-mp4_0_15-mp4_jpg.rf.f65c21c3a5792c1fd1a13bae59ada1c4.jpg, 1, 0, 0, 0, 0, 0
frame_725_segment_-0-2-05-08-2023-mp4_45_60-mp4_jpg.rf.f632f52d16868b66e13bab30870ed0ae.jpg, 1, 0, 0, 0, 0, 0
frame_360_segment_FONBET-2-1-29-08-2023-mp4_30_45-mp4_jpg.rf.f5ff18828a961885727afea7b1994f92.jpg, 0, 0, 0, 0, 0, 1
frame_180_segment_-4-0-26-08-2023-mp4_15_30-mp4_jpg.rf.f6236a172ca1607fea53fb540a3ea32e.jpg, 1, 0, 0, 0, 0, 0
frame_240_segment_FONBET-0-0-20-09-2023-mp4_15_30-mp4_jpg.rf.f66d85aca0534322b5c96827ad91db00.jpg, 0, 0, 0, 0, 1, 0
frame_0_segment_LEON-4-2-2-1-1-16-07-2023-mp4_105_120-mp4_jpg.rf.f693b97841bce93dce0f16da2a59a1c2.jpg, 1, 0, 0, 0, 0, 0
frame_240_segment_FONBET-2-1-25-07-2023-mp4_0_15-mp4_jpg.rf.f69eb4353932f91a5b8fa3b816ce5eb5.jpg, 1, 0, 0, 0, 0, 0
frame_270_segment_-21-21-3-1-03-11-2023-mp4_15_30-mp4_jpg.rf.f680fd9de2c3d6a6b64958fe750e9464.jpg, 1, 0, 0, 0, 0, 0
frame_300_segment_-0-0-29-07-2023-mp4_0_15-mp4_jpg.rf.f6e84d53870367677d5c25ca70267835.jpg, 1, 0, 0, 0, 0, 0
frame_50_segment_-3-2-11-08-2023-mp4_90_105-mp4_jpg.rf.f6e58426a0f0ceed3ef8722241b66837.jpg, 1, 0, 0, 0, 0, 0
frame_435_segment_FONBET-2-1-29-08-2023-mp4_90_105-mp4_jpg.rf.f6e1c9bc0e5da67954cadc0a21971012.jpg, 1, 0, 0, 0, 0, 0
frame_60_segment_LEON-4-2-3-1-17-09-2023-mp4_30_45-mp4_jpg.rf.f6b8674c73b093cd73604654fe5b3e0a.jpg, 1, 0, 0, 0, 0, 0
frame_135_segment_-0-1-06-11-2023-mp4_60_75-mp4_jpg.rf.f6f22ed75f305be8b520af51afa58341.jpg, 1, 0, 0, 0, 0, 0
frame_210_segment_LEON-4-2-0-1-08-10-2023-mp4_0_15-mp4_jpg.rf.f6f492569069f1221b69d176b047b425.jpg, 1, 0, 0, 0, 0, 0
frame_240_segment_-0-1-02-09-2023-mp4_15_30-mp4_jpg.rf.f72ecef2e1d78cdb4dee7c23a4ac7381.jpg, 1, 0, 0, 0, 0, 0
frame_330_segment_-2-0-24-09-2023-mp4_60_75-mp4_jpg.rf.f752ac1fa74d5c1f3dfd9cfe0e41d540.jpg, 0, 0, 0, 0, 0, 1
frame_15_segment_-21-21-5-0-27-10-2023-mp4_0_15-mp4_jpg.rf.f783cb4f59d3674cbb0220c9bddfaacb.jpg, 1, 0, 0, 0, 0, 0
frame_240_segment_-3-1-26-11-2023-mp4_105_120-mp4_jpg.rf.f7a4a5d8e07aadb62d95d9e7ea68e44a.jpg, 1, 0, 0, 0, 0, 0
frame_400_segment_-0-2-05-08-2023-mp4_75_90-mp4_jpg.rf.f762ca1d2d44da3b07bba52c8dc91018.jpg, 1, 0, 0, 0, 0, 0
frame_180_segment_-0-1-02-09-2023-mp4_90_105-mp4_jpg.rf.f76da7482537082817184d3f915b994a.jpg, 1, 0, 0, 0, 0, 0
frame_195_segment_-0-0-29-07-2023-mp4_60_75-mp4_jpg.rf.f7c2982cb5599d4c30d1950f27976111.jpg, 1, 0, 0, 0, 0, 0
frame_150_segment_-0-1-19-08-2023-mp4_60_75-mp4_jpg.rf.f7fb0251d1d3545d275101faa39dcfbb.jpg, 1, 0, 0, 0, 0, 0
frame_375_segment_-21-21-0-6-20-10-2023-mp4_60_75-mp4_jpg.rf.f7ea660a3ba1d533921dc25a81c89e1e.jpg, 1, 0, 0, 0, 0, 0
frame_240_segment_-0-0-29-07-2023-mp4_30_45-mp4_jpg.rf.f7ffda5939a58e5305cc7e8fe4dd2ea4.jpg, 1, 0, 0, 0, 0, 0
frame_375_segment_-0-0-29-07-2023-mp4_120_135-mp4_jpg.rf.f80adb397110cd16f18a5a8a71be6daf.jpg, 1, 0, 0, 0, 0, 0
frame_255_segment_-0-0-29-07-2023-mp4_30_45-mp4_jpg.rf.f83306eda52f0931f88021e5dba360b2.jpg, 1, 0, 0, 0, 0, 0
frame_30_segment_LEON-4-2-0-0-23-07-2023-mp4_60_75-mp4_jpg.rf.f8822111fd1d41a24d8e53ec6e498bab.jpg, 1, 0, 0, 0, 0, 0
frame_375_segment_-3-2-11-08-2023-mp4_45_60-mp4_jpg.rf.f867bb0d7b1a7dc284a448c6b6d0098f.jpg, 1, 0, 0, 0, 0, 0
frame_405_segment_-21-21-3-1-03-11-2023-mp4_60_75-mp4_jpg.rf.f8b59dc051ac3e1e703b26a622c81adf.jpg, 1, 0, 0, 0, 0, 0
frame_330_segment_-0-0-29-07-2023-mp4_15_30-mp4_jpg.rf.f889e442a2f3095f10e4c11ea08f1dc9.jpg, 1, 0, 0, 0, 0, 0
frame_180_segment_-2-2-29-09-2023-mp4_45_60-mp4_jpg.rf.f8b60b601bb6cd543f5a1895976556b3.jpg, 1, 0, 0, 0, 0, 0
frame_420_segment_FONBET-0-0-20-09-2023-mp4_15_30-mp4_jpg.rf.f88a7f69ff833e82cd9054a332a25d3a.jpg, 0, 0, 0, 0, 1, 0
frame_165_segment_FONBET-2-0-03-10-2023-mp4_75_90-mp4_jpg.rf.f8d4e56acee14268b50bcece15177b8d.jpg, 1, 0, 0, 0, 0, 0
frame_435_segment_-2-1-22-07-2023-mp4_45_60-mp4_jpg.rf.f8d5b4c94819fc7e6a5b99809c96f09e.jpg, 0, 0, 0, 0, 1, 0
frame_375_segment_FONBET-2-1-29-08-2023-mp4_30_45-mp4_jpg.rf.f8e7e284e0f479c7efdcb869d62e4b9d.jpg, 1, 0, 0, 0, 0, 0
frame_180_segment_-0-1-06-11-2023-mp4_105_120-mp4_jpg.rf.f959f8f452651c962c1fb484aa0f1a0c.jpg, 1, 0, 0, 0, 0, 0
frame_180_segment_-2-0-24-09-2023-mp4_45_60-mp4_jpg.rf.f96838216851b92beb0dcd0453926cf0.jpg, 1, 0, 0, 0, 0, 0
frame_405_segment_FONBET-2-1-02-11-2023-mp4_15_30-mp4_jpg.rf.f9c838e0f0eecbbc03f506374c5ae700.jpg, 0, 0, 0, 0, 1, 0
frame_120_segment_-2-2-29-09-2023-mp4_30_45-mp4_jpg.rf.f9cd24ccf9732110f4b3313b14c52ac4.jpg, 1, 0, 0, 0, 0, 0
frame_240_segment_-21-21-3-2-04-08-2023-mp4_30_45-mp4_jpg.rf.f9d3db018bbb5ea316eb3e4a5ff029d5.jpg, 0, 0, 0, 0, 0, 1
frame_315_segment_-4-0-26-08-2023-mp4_30_45-mp4_jpg.rf.f9e65850a3dfbf04ee8155bc6bdf9334.jpg, 1, 0, 0, 0, 0, 0
frame_150_segment_FONBET-2-0-03-10-2023-mp4_15_30-mp4_jpg.rf.fa0d67164afd0400c96fe8b741f1c522.jpg, 1, 0, 0, 0, 0, 0
frame_120_segment_LEON-4-2-2-1-1-23-10-2023-mp4_45_60-mp4_jpg.rf.fa063ee8bd5ebb18cd7530b90ab612e1.jpg, 1, 0, 0, 0, 0, 0
frame_210_segment_-1-0-02-12-2023-mp4_0_15-mp4_jpg.rf.f9f9e6d58a55dd96ea98eaac229d473b.jpg, 1, 0, 0, 0, 0, 0
frame_625_segment_-3-2-11-08-2023-mp4_60_75-mp4_jpg.rf.fa2edb450db39f136ec86a9e9d3d490e.jpg, 1, 0, 0, 0, 0, 0
frame_195_segment_-21-21-2-2-10-08-2023-mp4_75_90-mp4_jpg.rf.fa53f7f591be11ba4e815343516666b0.jpg, 1, 0, 0, 0, 0, 0
frame_0_segment_-21-21-2-2-10-08-2023-mp4_90_105-mp4_jpg.rf.fa663bfa0c731d2c9ac47bae47f288ee.jpg, 0, 0, 0, 0, 1, 0
frame_75_segment_FONBET-1-0-08-08-2023-mp4_30_45-mp4_jpg.rf.fa2eed6efa6f87a3421078173fce11b4.jpg, 1, 0, 0, 0, 0, 0
frame_285_segment_FONBET-0-0-20-09-2023-mp4_135_150-mp4_jpg.rf.fa85344f4edbcae4752e16b4c151f88b.jpg, 0, 0, 0, 0, 0, 1
frame_25_segment_-0-2-05-08-2023-mp4_75_90-mp4_jpg.rf.faac8f3de3e6f89d373326a58cba3cbe.jpg, 1, 0, 0, 0, 0, 0
frame_420_segment_LEON-4-2-2-2-3-28-08-2023-mp4_30_45-mp4_jpg.rf.fad41edcf1c281dd6d73d7f435d1b5a4.jpg, 1, 0, 0, 0, 0, 0
frame_240_segment_LEON-4-2-3-1-17-09-2023-mp4_60_75-mp4_jpg.rf.fa92809eb8a64b3d20e5d3c06bf5c151.jpg, 1, 0, 0, 0, 0, 0
frame_330_segment_-2-1-29-10-2023-mp4_15_30-mp4_jpg.rf.fb0e6ccb78153a72c68dae507d147d89.jpg, 1, 0, 0, 0, 0, 0
frame_250_segment_-3-2-11-08-2023-mp4_30_45-mp4_jpg.rf.fb285840f283fc1de204fc1f89d3e87f.jpg, 1, 0, 0, 0, 0, 0
frame_195_segment_-2-0-24-09-2023-mp4_30_45-mp4_jpg.rf.fb2b58db6cfaca866dfb230fc776f4e7.jpg, 1, 0, 0, 0, 0, 0
frame_475_segment_-3-2-11-08-2023-mp4_30_45-mp4_jpg.rf.fb0420408908f748863f5df0c07f5ca8.jpg, 1, 0, 0, 0, 0, 0
frame_165_segment_-2-1-29-10-2023-mp4_0_15-mp4_jpg.rf.fbe282baa7eefd617fd6bbb37be38318.jpg, 1, 0, 0, 0, 0, 0
frame_90_segment_-0-0-17-09-2023-mp4_15_30-mp4_jpg.rf.fb68bbe436e0c4f707042296b7a8e199.jpg, 1, 0, 0, 0, 0, 0
frame_360_segment_FONBET-0-0-20-09-2023-mp4_0_15-mp4_jpg.rf.fb6d97c9b222f381b4716b9299d279ca.jpg, 1, 0, 0, 0, 0, 0
frame_210_segment_-0-0-29-07-2023-mp4_135_150-mp4_jpg.rf.fb7624f5e13a007bccba796cda8b79ac.jpg, 1, 0, 0, 0, 0, 0
frame_30_segment_LEON-4-2-0-2-13-08-2023-mp4_30_45-mp4_jpg.rf.fc87c37b818900b595dc6e6bfece9edb.jpg, 1, 0, 0, 0, 0, 0
frame_150_segment_FONBET-2-1-29-08-2023-mp4_75_90-mp4_jpg.rf.fcb5ad8fa626cd584386e04abccce61d.jpg, 1, 0, 0, 0, 0, 0
frame_270_segment_LEON-4-2-3-1-17-09-2023-mp4_45_60-mp4_jpg.rf.fc3a64bac1b5a523eaf486ca36c6c631.jpg, 1, 0, 0, 0, 0, 0
frame_315_segment_-2-2-29-09-2023-mp4_30_45-mp4_jpg.rf.fcb15e17ffd1a1ad8ce01c0831a01308.jpg, 1, 0, 0, 0, 0, 0
frame_375_segment_-21-21-1-3-10-11-2023-mp4_45_60-mp4_jpg.rf.fcdacc3c65ed7ae3bf6ba7f83222d86d.jpg, 1, 0, 0, 0, 0, 0
frame_255_segment_-0-0-17-09-2023-mp4_120_135-mp4_jpg.rf.fcdf40499a337396d7dc06992123da90.jpg, 1, 0, 0, 0, 0, 0
frame_345_segment_-2-1-22-07-2023-mp4_0_15-mp4_jpg.rf.fcb67e22dfe1ec4ca7c85e3a0aaeb9fe.jpg, 1, 0, 0, 0, 0, 0
frame_275_segment_-0-2-05-08-2023-mp4_75_90-mp4_jpg.rf.fcd11fe97a906246338a42c0eb9a43bb.jpg, 1, 0, 0, 0, 0, 0
frame_15_segment_-21-21-1-0-24-11-2023-mp4_30_45-mp4_jpg.rf.fd1728ef9f59619a26778415c93c888f.jpg, 1, 0, 0, 0, 0, 0
frame_240_segment_-2-0-08-12-2023-mp4_15_30-mp4_jpg.rf.fd5a049c33265fe9f27ab68905b1149f.jpg, 1, 0, 0, 0, 0, 0
frame_315_segment_-2-2-29-09-2023-mp4_15_30-mp4_jpg.rf.fd5576a4eb0190dde68806d7c38e579a.jpg, 1, 0, 0, 0, 0, 0
frame_210_segment_LEON-4-2-2-2-3-28-08-2023-mp4_15_30-mp4_jpg.rf.fd4a590abd353bbc552c976635c26494.jpg, 1, 0, 0, 0, 0, 0
frame_150_segment_-0-0-17-09-2023-mp4_30_45-mp4_jpg.rf.fd66355ca52f471aa474600ae4a6a5e8.jpg, 1, 0, 0, 0, 0, 0
frame_360_segment_FONBET-0-0-20-09-2023-mp4_30_45-mp4_jpg.rf.fd82b8cbda7fa64c8f4f8bb0c20b243e.jpg, 1, 0, 0, 0, 0, 0
frame_315_segment_-0-0-17-09-2023-mp4_75_90-mp4_jpg.rf.fd72497ddd20f1d24042d14db106d9ed.jpg, 1, 0, 0, 0, 0, 0
frame_420_segment_FONBET-2-1-25-07-2023-mp4_0_15-mp4_jpg.rf.fd5db2e54a7f19ee9f88c27e35a46aa3.jpg, 1, 0, 0, 0, 0, 0
frame_225_segment_FONBET-1-0-08-08-2023-mp4_75_90-mp4_jpg.rf.fdbc7fb8f37565c70343363173f09a26.jpg, 0, 0, 0, 0, 1, 0
frame_75_segment_-0-0-17-09-2023-mp4_30_45-mp4_jpg.rf.fe0d72b8a73de802edb1c1411681ee67.jpg, 0, 0, 0, 0, 0, 1
frame_238_segment_-21-21-2-1-06-10-2023-mp4_0_15-mp4_jpg.rf.fdd1b950f0aea668273c11e8009dbca0.jpg, 1, 0, 0, 0, 0, 0
frame_75_segment_LEON-4-2-1-3-01-10-2023-mp4_0_15-mp4_jpg.rf.fdec68091f1520f336cd8672d5a5f162.jpg, 1, 0, 0, 0, 0, 0
frame_270_segment_-3-1-11-11-2023-mp4_45_60-mp4_jpg.rf.fe7150fc0ffff4953a999c210e01c4b3.jpg, 1, 0, 0, 0, 0, 0
frame_375_segment_-0-2-05-08-2023-mp4_30_45-mp4_jpg.rf.fe63cc3de6aaaf0e9c3e566b7278f385.jpg, 1, 0, 0, 0, 0, 0
frame_315_segment_-0-0-17-09-2023-mp4_0_15-mp4_jpg.rf.fe9adcc7ec95419969529a95c1c9eca8.jpg, 1, 0, 0, 0, 0, 0
frame_390_segment_-2-1-22-07-2023-mp4_15_30-mp4_jpg.rf.fe1fc9fea4dae2aed8f66e3b773e0c13.jpg, 0, 0, 0, 0, 1, 0
frame_435_segment_-21-21-3-2-01-09-2023-mp4_15_30-mp4_jpg.rf.feb837a638ab5b163270bc3282ac1f52.jpg, 1, 0, 0, 0, 0, 0
frame_45_segment_-3-1-26-11-2023-mp4_15_30-mp4_jpg.rf.fec80c0ff1fe5348686552e309e21c61.jpg, 1, 0, 0, 0, 0, 0
frame_315_segment_FONBET-1-0-08-08-2023-mp4_15_30-mp4_jpg.rf.fed481220b86608d0c72abdf6e7fb96a.jpg, 1, 0, 0, 0, 0, 0
frame_165_segment_-3-1-26-11-2023-mp4_105_120-mp4_jpg.rf.ff074dbd991b3f2041e7cbcd4cd4086a.jpg, 1, 0, 0, 0, 0, 0
frame_240_segment_LEON-4-2-3-1-17-09-2023-mp4_15_30-mp4_jpg.rf.ff1e91b18d67260b7c3cb27aa22fb998.jpg, 1, 0, 0, 0, 0, 0
frame_150_segment_-0-1-02-09-2023-mp4_150_165-mp4_jpg.rf.ff1d5f2d06dd1b324e014cfc6340243b.jpg, 1, 0, 0, 0, 0, 0
frame_150_segment_FONBET-1-0-08-08-2023-mp4_0_15-mp4_jpg.rf.ff206a6c08c6d6c4d959baf94af344d7.jpg, 1, 0, 0, 0, 0, 0
frame_15_segment_-0-1-02-09-2023-mp4_105_120-mp4_jpg.rf.ff29b70d325acb3b9cf3d47ada64c8df.jpg, 1, 0, 0, 0, 0, 0
frame_60_segment_-21-21-3-2-04-08-2023-mp4_15_30-mp4_jpg.rf.ff585b38f5c05184a1512fe7708885bf.jpg, 1, 0, 0, 0, 0, 0
frame_45_segment_FONBET-0-0-20-09-2023-mp4_30_45-mp4_jpg.rf.ff9f6e217e13bd4db0cf4eac08c1cbad.jpg, 1, 0, 0, 0, 0, 0
frame_240_segment_FONBET-2-1-25-07-2023-mp4_90_105-mp4_jpg.rf.ffac263e225423ed016062b39bfb9fc0.jpg, 1, 0, 0, 0, 0, 0
frame_405_segment_-3-1-26-11-2023-mp4_105_120-mp4_jpg.rf.ff995a0dd31e80bf0d4b441305ca21a2.jpg, 1, 0, 0, 0, 0, 0
frame_420_segment_-2-1-29-10-2023-mp4_45_60-mp4_jpg.rf.ffbffe1cd4ac6b04ad4ce7ec6a46cd58.jpg, 1, 0, 0, 0, 0, 0
frame_625_segment_-3-2-11-08-2023-mp4_45_60-mp4_jpg.rf.ffc15a8c87d8b3d37340c6d63bb90e1b.jpg, 1, 0, 0, 0, 0, 0
frame_120_segment_-21-21-2-0-15-09-2023-mp4_60_75-mp4_jpg.rf.ffd6ee441c146d5c4e8e5035c85c2523.jpg, 1, 0, 0, 0, 0, 0
frame_210_segment_-3-1-11-11-2023-mp4_30_45-mp4_jpg.rf.ffec42d18ce396842a6bb7b3155603a4.jpg, 0, 0, 0, 0, 0, 1
frame_75_segment_LEON-4-2-0-2-13-08-2023-mp4_15_30-mp4_jpg.rf.ffef39fe4ac862ebf4b71ad1a630d4a3.jpg, 1, 0, 0, 0, 0, 0
frame_255_segment_-21-21-1-3-10-11-2023-mp4_15_30-mp4_jpg.rf.fffe70862483801e62f8b878cb6b83a5.jpg, 1, 0, 0, 0, 0, 0
frame_255_segment_LEON-4-2-2-1-1-12-11-2023-mp4_0_15-mp4_jpg.rf.fffc92b49a39532e92d5ae4a43ed95cd.jpg, 0, 0, 0, 0, 1, 0